,Unnamed: 0,player,opp,pass_yards,pass_tds,int,rush_yards,rush_tds,rec_yards,rec_tds,fum_td,2-pt,fl,fan_pts,rec,punt_td,kick_td
0,0,Aaron Rodgers QB - GB P View News View Videos,@MIN,307.0,3.0,0.0,16.0,0.0,0.0,0.0,0,0.0,0.0,25.88,0.0,0,0
1,1,Jeremy Langford RB - CHI View Videos,DEN,0.0,0.0,0.0,77.0,1.0,47.0,1.0,0,0.0,0.0,24.4,4.7,0,0
2,2,Tom Brady QB - NE View Videos,BUF,291.0,3.0,0.0,3.0,0.0,0.0,0.0,0,0.0,0.0,23.94,0.0,0,0
3,3,Cam Newton QB - CAR  View Videos,WAS,216.0,2.0,1.0,32.0,1.0,0.0,0.0,0,0.0,0.0,23.84,0.0,0,0
4,4,Matt Ryan QB - ATL View Videos,IND,312.0,2.0,1.0,7.0,0.0,0.0,0.0,0,0.0,0.0,19.18,0.0,0,0
5,5,Devonta Freeman RB - ATL View Videos,IND,0.0,0.0,0.0,91.0,1.0,38.0,0.0,0,0.0,0.0,18.9,3.8,0,0
6,6,Russell Wilson QB - SEA,SF,209.0,2.0,1.0,39.0,0.0,0.0,0.0,0,0.0,0.0,18.26,0.0,0,0
7,7,Carson Palmer QB - ARI View Videos,CIN,297.0,2.0,1.0,3.0,0.0,0.0,0.0,0,0.0,0.0,18.18,0.0,0,0
8,8,Marcus Mariota QB - TEN View Videos,@JAC,231.0,2.0,1.0,28.0,0.0,0.0,0.0,0,0.0,0.0,18.04,0.0,0,0
9,9,Ryan Fitzpatrick QB - NYJ P View News View Videos,@HOU,268.0,2.0,1.0,10.0,0.0,0.0,0.0,0,0.0,0.0,17.72,0.0,0,0
10,10,Blake Bortles QB - JAC View Videos,TEN,226.0,2.0,1.0,26.0,0.0,0.0,0.0,0,0.0,0.0,17.64,0.0,0,0
11,11,A.J. Green WR - CIN,@ARI,0.0,0.0,0.0,2.0,0.0,112.0,1.0,0,0.0,0.0,17.4,11.2,0,0
12,12,Philip Rivers QB - SD View Videos,KC,280.0,2.0,1.0,2.0,0.0,0.0,0.0,0,0.0,0.0,17.4,0.0,0,0
13,13,Ryan Tannehill QB - MIA View Video,DAL,239.0,2.0,1.0,18.0,0.0,0.0,0.0,0,0.0,0.0,17.36,0.0,0,0
14,14,Brock Osweiler QB - DEN View Videos,@CHI,180.0,3.0,1.0,1.0,0.0,0.0,0.0,0,0.0,0.0,17.3,0.0,0,0
15,15,Joe Flacco QB - BAL View Videos,STL,269.0,2.0,1.0,5.0,0.0,0.0,0.0,0,0.0,0.0,17.26,0.0,0,0
16,16,Julio Jones WR - ATL View Videos,IND,0.0,0.0,0.0,1.0,0.0,110.0,1.0,0,0.0,0.0,17.1,11.0,0,0
17,17,Adrian Peterson RB - MIN P View News View Videos,GB,0.0,0.0,0.0,111.0,1.0,17.0,0.0,0,0.0,1.0,16.8,1.7,0,0
18,18,Andy Dalton QB - CIN View Video,@ARI,241.0,2.0,1.0,10.0,0.0,0.0,0.0,0,0.0,0.0,16.64,0.0,0,0
19,19,Derek Carr QB - OAK  View Video,@DET,254.0,2.0,1.0,4.0,0.0,0.0,0.0,0,0.0,0.0,16.56,0.0,0,0
20,20,Demaryius Thomas WR - DEN View Video,@CHI,0.0,0.0,0.0,0.0,0.0,105.0,1.0,0,0.0,0.0,16.5,10.5,0,0
21,21,Dez Bryant WR - DAL P View News,@MIA,0.0,0.0,0.0,0.0,0.0,104.0,1.0,0,0.0,0.0,16.4,10.4,0,0
22,22,Kirk Cousins QB - WAS View Videos,@CAR,240.0,2.0,1.0,6.0,0.0,0.0,0.0,0,0.0,0.0,16.2,0.0,0,0
23,23,Emmanuel Sanders WR - DEN Q View News View Video,@CHI,0.0,0.0,0.0,3.0,0.0,99.0,1.0,0,0.0,0.0,16.2,9.9,0,0
24,24,Alex Smith QB - KC View Videos,@SD,216.0,2.0,1.0,14.0,0.0,0.0,0.0,0,0.0,0.0,16.04,0.0,0,0
25,25,Teddy Bridgewater QB - MIN P View News View Videos,GB,207.0,2.0,1.0,17.0,0.0,0.0,0.0,0,0.0,0.0,15.98,0.0,0,0
26,26,Amari Cooper WR - OAK View Videos,@DET,0.0,0.0,0.0,0.0,0.0,99.0,1.0,0,0.0,0.0,15.9,9.9,0,0
27,27,Jay Cutler QB - CHI View Video,DEN,227.0,2.0,1.0,8.0,0.0,0.0,0.0,0,0.0,0.0,15.88,0.0,0,0
28,28,Mike Evans WR - TB  View Video,@PHI,0.0,0.0,0.0,0.0,0.0,97.0,1.0,0,0.0,0.0,15.7,9.7,0,0
29,29,Todd Gurley RB - STL,@BAL,0.0,0.0,0.0,82.0,1.0,15.0,0.0,0,0.0,0.0,15.7,1.5,0,0
30,30,Justin Forsett RB - BAL  View Videos,STL,0.0,0.0,0.0,76.0,1.0,20.0,0.0,0,0.0,0.0,15.6,2.0,0,0
31,31,Blaine Gabbert QB - SF,@SEA,256.0,2.0,2.0,11.0,0.0,0.0,0.0,0,0.0,0.0,15.34,0.0,0,0
32,32,Matt Cassel QB - DAL,@MIA,163.0,2.0,1.0,8.0,0.0,0.0,0.0,0,1.0,0.0,15.32,0.0,0,0
33,33,Danny Woodhead RB - SD,KC,0.0,0.0,0.0,46.0,0.0,45.0,1.0,0,0.0,0.0,15.1,4.5,0,0
34,34,DeAndre Hopkins WR - HOU P View News View Video,NYJ,0.0,0.0,0.0,0.0,0.0,89.0,1.0,0,0.0,0.0,14.9,8.9,0,0
35,35,Chris Ivory RB - NYJ  View Videos,@HOU,0.0,0.0,0.0,76.0,1.0,12.0,0.0,0,0.0,0.0,14.8,1.2,0,0
36,36,Eddie Lacy RB - GB P View News  View Videos,@MIN,0.0,0.0,0.0,68.0,1.0,20.0,0.0,0,0.0,0.0,14.8,2.0,0,0
37,37,T.J. Yeldon RB - JAC View Video,TEN,0.0,0.0,0.0,73.0,1.0,15.0,0.0,0,0.0,0.0,14.8,1.5,0,0
38,38,Case Keenum QB - STL  View Video,@BAL,244.0,2.0,2.0,7.0,0.0,0.0,0.0,0,0.0,0.0,14.46,0.0,0,0
39,39,Rob Gronkowski TE - NE View Videos,BUF,0.0,0.0,0.0,0.0,0.0,83.0,1.0,0,0.0,0.0,14.3,8.3,0,0
40,40,Jimmy Graham TE - SEA,SF,0.0,0.0,0.0,0.0,0.0,81.0,1.0,0,0.0,0.0,14.1,8.1,0,0
41,41,Giovani Bernard RB - CIN,@ARI,0.0,0.0,0.0,51.0,1.0,29.0,0.0,0,0.0,0.0,14.0,2.9,0,0
42,42,Randall Cobb WR - GB,@MIN,0.0,0.0,0.0,6.0,0.0,72.0,1.0,0,0.0,0.0,13.8,7.2,0,0
43,43,Marshawn Lynch RB - SEA Q View News,SF,0.0,0.0,0.0,65.0,1.0,13.0,0.0,0,0.0,0.0,13.8,1.3,0,0
44,44,DeMarco Murray RB - PHI,TB,0.0,0.0,0.0,64.0,1.0,14.0,0.0,0,0.0,0.0,13.8,1.4,0,0
45,45,Alshon Jeffery WR - CHI Q View News View Video,DEN,0.0,0.0,0.0,2.0,0.0,75.0,1.0,0,0.0,0.0,13.7,7.5,0,0
46,46,Tyler Eifert TE - CIN,@ARI,0.0,0.0,0.0,0.0,0.0,76.0,1.0,0,0.0,0.0,13.6,7.6,0,0
47,47,LeSean McCoy RB - BUF View Videos,@NE,0.0,0.0,0.0,63.0,1.0,13.0,0.0,0,0.0,0.0,13.6,1.3,0,0
48,48,Frank Gore RB - IND View Videos,@ATL,0.0,0.0,0.0,62.0,1.0,13.0,0.0,0,0.0,0.0,13.5,1.3,0,0
49,49,Matthew Stafford QB - DET  View Video,OAK,272.0,1.0,1.0,6.0,0.0,0.0,0.0,0,0.0,0.0,13.48,0.0,0,0
50,50,Ronnie Hillman RB - DEN P View Videos,@CHI,0.0,0.0,0.0,49.0,1.0,25.0,0.0,0,0.0,0.0,13.4,2.5,0,0
51,51,Darren McFadden RB - DAL Q View News  View Video,@MIA,0.0,0.0,0.0,68.0,1.0,6.0,0.0,0,0.0,0.0,13.4,0.6,0,0
52,52,Brandon Marshall WR - NYJ P View News View Videos,@HOU,0.0,0.0,0.0,0.0,0.0,71.0,1.0,0,0.0,0.0,13.1,7.1,0,0
53,53,Eric Decker WR - NYJ P View News View Videos,@HOU,0.0,0.0,0.0,0.0,0.0,70.0,1.0,0,0.0,0.0,13.0,7.0,0,0
54,54,Stefon Diggs WR - MIN View Video,GB,0.0,0.0,0.0,0.0,0.0,70.0,1.0,0,0.0,0.0,13.0,7.0,0,0
55,55,Doug Baldwin WR - SEA P View News,SF,0.0,0.0,0.0,1.0,0.0,67.0,1.0,0,0.0,0.0,12.8,6.7,0,0
56,56,Greg Olsen TE - CAR View Videos,WAS,0.0,0.0,0.0,0.0,0.0,67.0,1.0,0,0.0,0.0,12.7,6.7,0,0
57,57,Jameis Winston QB - TB,@PHI,201.0,2.0,2.0,6.0,0.0,0.0,0.0,0,0.0,0.0,12.64,0.0,0,0
58,58,Martellus Bennett TE - CHI,DEN,0.0,0.0,0.0,0.0,0.0,66.0,1.0,0,0.0,0.0,12.6,6.6,0,0
59,59,Doug Martin RB - TB,@PHI,0.0,0.0,0.0,57.0,1.0,9.0,0.0,0,0.0,0.0,12.6,0.9,0,0
60,60,Mike Wallace WR - MIN,GB,0.0,0.0,0.0,2.0,0.0,64.0,1.0,0,0.0,0.0,12.6,6.4,0,0
61,61,Delanie Walker TE - TEN View Video,@JAC,0.0,0.0,0.0,0.0,0.0,65.0,1.0,0,0.0,0.0,12.5,6.5,0,0
62,62,Larry Fitzgerald WR - ARI P View News  View Video,CIN,0.0,0.0,0.0,0.0,0.0,64.0,1.0,0,0.0,0.0,12.4,6.4,0,0
63,63,Allen Hurns WR - JAC View Videos,TEN,0.0,0.0,0.0,0.0,0.0,64.0,1.0,0,0.0,0.0,12.4,6.4,0,0
64,64,James Jones WR - GB P,@MIN,0.0,0.0,0.0,0.0,0.0,63.0,1.0,0,0.0,0.0,12.3,6.3,0,0
65,65,Lamar Miller RB - MIA  View Video,DAL,0.0,0.0,0.0,52.0,1.0,11.0,0.0,0,0.0,0.0,12.3,1.1,0,0
66,66,Jeremy Maclin WR - KC  View Video,@SD,0.0,0.0,0.0,0.0,0.0,62.0,1.0,0,0.0,0.0,12.2,6.2,0,0
67,67,Roy Helu RB - OAK,@DET,0.0,0.0,0.0,29.0,1.0,32.0,0.0,0,0.0,0.0,12.1,3.2,0,0
68,68,Marvin Jones WR - CIN View Videos,@ARI,0.0,0.0,0.0,0.0,0.0,60.0,1.0,0,0.0,0.0,12.0,6.0,0,0
69,69,Allen Robinson WR - JAC View Video,TEN,0.0,0.0,0.0,0.0,0.0,60.0,1.0,0,0.0,0.0,12.0,6.0,0,0
70,70,Latavius Murray RB - OAK  View Video,@DET,0.0,0.0,0.0,51.0,1.0,8.0,0.0,0,0.0,0.0,11.9,0.8,0,0
71,71,Austin Seferian-Jenkins TE - TB Q View News,@PHI,0.0,0.0,0.0,0.0,0.0,58.0,1.0,0,0.0,0.0,11.8,5.8,0,0
72,72,Jarvis Landry WR - MIA  View Videos,DAL,0.0,0.0,0.0,2.0,0.0,55.0,1.0,0,0.0,0.0,11.7,5.5,0,0
73,73,Andre Ellington RB - ARI View Videos,CIN,0.0,0.0,0.0,40.0,1.0,16.0,0.0,0,0.0,0.0,11.6,1.6,0,0
74,74,Pierre Garcon WR - WAS,@CAR,0.0,0.0,0.0,0.0,0.0,56.0,1.0,0,0.0,0.0,11.6,5.6,0,0
75,75,Jason Witten TE - DAL View Videos,@MIA,0.0,0.0,0.0,0.0,0.0,56.0,1.0,0,0.0,0.0,11.6,5.6,0,0
76,76,Vincent Jackson WR - TB Q View News,@PHI,0.0,0.0,0.0,0.0,0.0,55.0,1.0,0,0.0,0.0,11.5,5.5,0,0
77,77,Brandon LaFell WR - NE View Video,BUF,0.0,0.0,0.0,2.0,0.0,52.0,1.0,0,0.0,0.0,11.4,5.2,0,0
78,78,Tyrod Taylor QB - BUF View Video,@NE,177.0,1.0,1.0,23.0,0.0,0.0,0.0,0,0.0,0.0,11.38,0.0,0,0
79,79,Kamar Aiken WR - BAL,STL,0.0,0.0,0.0,0.0,0.0,53.0,1.0,0,0.0,0.0,11.3,5.3,0,0
80,80,Anquan Boldin WR - SF Q View News,@SEA,0.0,0.0,0.0,0.0,0.0,53.0,1.0,0,0.0,0.0,11.3,5.3,0,0
81,81,Jordan Reed TE - WAS,@CAR,0.0,0.0,0.0,0.0,0.0,53.0,1.0,0,0.0,0.0,11.3,5.3,0,0
82,82,Travis Kelce TE - KC P,@SD,0.0,0.0,0.0,0.0,0.0,52.0,1.0,0,0.0,0.0,11.2,5.2,0,0
83,83,Sammy Watkins WR - BUF  View Videos,@NE,0.0,0.0,0.0,2.0,0.0,50.0,1.0,0,0.0,0.0,11.2,5.0,0,0
84,84,Antonio Andrews RB - TEN View Videos,@JAC,0.0,0.0,0.0,37.0,1.0,14.0,0.0,0,0.0,0.0,11.1,1.4,0,0
85,85,Charcandrick West RB - KC  View Video,@SD,0.0,0.0,0.0,57.0,1.0,14.0,0.0,0,0.0,1.0,11.1,1.4,0,0
86,86,LeGarrette Blount RB - NE View Video,BUF,0.0,0.0,0.0,48.0,1.0,2.0,0.0,0,0.0,0.0,11.0,0.2,0,0
87,87,Donte Moncrief WR - IND,@ATL,0.0,0.0,0.0,3.0,0.0,47.0,1.0,0,0.0,0.0,11.0,4.7,0,0
88,88,David Cobb RB - TEN View News,@JAC,0.0,0.0,0.0,38.0,1.0,11.0,0.0,0,0.0,0.0,10.9,1.1,0,0
89,89,Richard Rodgers TE - GB,@MIN,0.0,0.0,0.0,0.0,0.0,49.0,1.0,0,0.0,0.0,10.9,4.9,0,0
90,90,Julius Thomas TE - JAC View Videos,TEN,0.0,0.0,0.0,0.0,0.0,49.0,1.0,0,0.0,0.0,10.9,4.9,0,0
91,91,Cecil Shorts WR - HOU View Videos,NYJ,0.0,0.0,0.0,0.0,0.0,47.0,1.0,0,0.0,0.0,10.7,4.7,0,0
92,92,Eric Ebron TE - DET,OAK,0.0,0.0,0.0,0.0,0.0,46.0,1.0,0,0.0,0.0,10.6,4.6,0,0
93,93,Rishard Matthews WR - MIA,DAL,0.0,0.0,0.0,0.0,0.0,46.0,1.0,0,0.0,0.0,10.6,4.6,0,0
94,94,Davante Adams WR - GB,@MIN,0.0,0.0,0.0,0.0,0.0,44.0,1.0,0,0.0,0.0,10.4,4.4,0,0
95,95,John Brown WR - ARI Q View News,CIN,0.0,0.0,0.0,0.0,0.0,42.0,1.0,0,0.0,0.0,10.2,4.2,0,0
96,96,Charles Clay TE - BUF,@NE,0.0,0.0,0.0,0.0,0.0,41.0,1.0,0,0.0,0.0,10.1,4.1,0,0
97,97,Ladarius Green TE - SD Q View News,KC,0.0,0.0,0.0,0.0,0.0,41.0,1.0,0,0.0,0.0,10.1,4.1,0,0
98,98,Antonio Gates TE - SD P View News,KC,0.0,0.0,0.0,0.0,0.0,39.0,1.0,0,0.0,0.0,9.9,3.9,0,0
99,99,T.Y. Hilton WR - IND  View Videos,@ATL,0.0,0.0,0.0,3.0,0.0,96.0,0.0,0,0.0,0.0,9.9,9.6,0,0
100,100,Jeremy Hill RB - CIN,@ARI,0.0,0.0,0.0,81.0,0.0,16.0,0.0,0,0.0,0.0,9.7,1.6,0,0
101,101,Matt Jones RB - WAS,@CAR,0.0,0.0,0.0,46.0,1.0,9.0,0.0,0,0.0,1.0,9.5,0.9,0,0
102,102,Owen Daniels TE - DEN P View News,@CHI,0.0,0.0,0.0,0.0,0.0,32.0,1.0,0,0.0,0.0,9.2,3.2,0,0
103,103,Karlos Williams RB - BUF LP View News View Videos,@NE,0.0,0.0,0.0,30.0,1.0,2.0,0.0,0,0.0,0.0,9.2,0.2,0,0
104,104,Devin Funchess WR - CAR View News View Videos,WAS,0.0,0.0,0.0,0.0,0.0,28.0,1.0,0,0.0,0.0,8.8,2.8,0,0
105,105,James Starks RB - GB View Videos,@MIN,0.0,0.0,0.0,55.0,0.0,21.0,0.0,0,0.0,0.0,7.6,2.1,0,0
106,106,Jonathan Stewart RB - CAR  View Videos,WAS,0.0,0.0,0.0,62.0,0.0,14.0,0.0,0,0.0,0.0,7.6,1.4,0,0
107,107,Calvin Johnson WR - DET P View News View Video,OAK,0.0,0.0,0.0,0.0,0.0,74.0,0.0,0,0.0,0.0,7.4,7.4,0,0
108,108,Darren Sproles RB - PHI View Videos,TB,0.0,0.0,0.0,32.0,0.0,41.0,0.0,0,0.0,0.0,7.3,4.1,0,0
109,109,Mohamed Sanu WR - CIN,@ARI,0.0,0.0,0.0,4.0,0.0,67.0,0.0,0,0.0,0.0,7.1,6.7,0,0
110,110,Ka'Deem Carey RB - CHI,DEN,0.0,0.0,0.0,48.0,0.0,19.0,0.0,0,0.0,0.0,6.7,1.9,0,0
111,111,Jordan Matthews WR - PHI  View Video,TB,0.0,0.0,0.0,0.0,0.0,63.0,0.0,0,0.0,0.0,6.3,6.3,0,0
112,112,Golden Tate WR - DET View Videos,OAK,0.0,0.0,0.0,3.0,0.0,59.0,0.0,0,0.0,0.0,6.2,5.9,0,0
113,113,Matt Hasselbeck QB - IND View Videos,@ATL,92.0,1.0,1.0,1.0,0.0,0.0,0.0,0,0.0,0.0,5.78,0.0,0,0
114,114,Kyle Rudolph TE - MIN,GB,0.0,0.0,0.0,0.0,0.0,57.0,0.0,0,0.0,0.0,5.7,5.7,0,0
115,115,Charles Sims RB - TB,@PHI,0.0,0.0,0.0,38.0,0.0,18.0,0.0,0,0.0,0.0,5.6,1.8,0,0
116,116,Zach Ertz TE - PHI,TB,0.0,0.0,0.0,0.0,0.0,55.0,0.0,0,0.0,0.0,5.5,5.5,0,0
117,117,Chris Johnson RB - ARI,CIN,0.0,0.0,0.0,43.0,0.0,12.0,0.0,0,0.0,0.0,5.5,1.2,0,0
118,118,Jamison Crowder WR - WAS,@CAR,0.0,0.0,0.0,4.0,0.0,50.0,0.0,0,0.0,0.0,5.4,5.0,0,0
119,119,David Johnson RB - ARI,CIN,0.0,0.0,0.0,36.0,0.0,18.0,0.0,0,0.0,0.0,5.4,1.8,0,0
120,120,Tavon Austin WR - STL,@BAL,0.0,0.0,0.0,24.0,0.0,28.0,0.0,0,0.0,0.0,5.2,2.8,0,0
121,121,Jordan Cameron TE - MIA,DAL,0.0,0.0,0.0,0.0,0.0,52.0,0.0,0,0.0,0.0,5.2,5.2,0,0
122,122,Michael Crabtree WR - OAK  View Video,@DET,0.0,0.0,0.0,0.0,0.0,52.0,0.0,0,0.0,0.0,5.2,5.2,0,0
123,123,De'Anthony Thomas RB - KC,@SD,0.0,0.0,0.0,25.0,0.0,26.0,0.0,0,0.0,0.0,5.1,2.6,0,0
124,124,Alfred Morris RB - WAS P,@CAR,0.0,0.0,0.0,45.0,0.0,5.0,0.0,0,0.0,0.0,5.0,0.5,0,0
125,125,Harry Douglas WR - TEN,@JAC,0.0,0.0,0.0,0.0,0.0,49.0,0.0,0,0.0,0.0,4.9,4.9,0,0
126,126,Marqise Lee WR - JAC View Videos,TEN,0.0,0.0,0.0,1.0,0.0,48.0,0.0,0,0.0,0.0,4.9,4.8,0,0
127,127,Denard Robinson RB - JAC,TEN,0.0,0.0,0.0,40.0,0.0,9.0,0.0,0,0.0,0.0,4.9,0.9,0,0
128,128,Ted Ginn WR - CAR View Videos,WAS,0.0,0.0,0.0,0.0,0.0,48.0,0.0,0,0.0,0.0,4.8,4.8,0,0
129,129,Alfred Blue RB - HOU View Videos,NYJ,0.0,0.0,0.0,39.0,0.0,8.0,0.0,0,0.0,0.0,4.7,0.8,0,0
130,130,Bilal Powell RB - NYJ P,@HOU,0.0,0.0,0.0,30.0,0.0,17.0,0.0,0,0.0,0.0,4.7,1.7,0,0
131,131,DeSean Jackson WR - WAS,@CAR,0.0,0.0,0.0,2.0,0.0,42.0,0.0,0,0.0,0.0,4.4,4.2,0,0
132,132,Jeremy Kerley WR - NYJ,@HOU,0.0,0.0,0.0,2.0,0.0,42.0,0.0,0,0.0,0.0,4.4,4.2,0,0
133,133,Fozzy Whittaker RB - CAR P,WAS,0.0,0.0,0.0,30.0,0.0,14.0,0.0,0,0.0,0.0,4.4,1.4,0,0
134,134,Robert Woods WR - BUF View Videos,@NE,0.0,0.0,0.0,0.0,0.0,44.0,0.0,0,0.0,0.0,4.4,4.4,0,0
135,135,Joique Bell RB - DET P View News,OAK,0.0,0.0,0.0,33.0,0.0,9.0,0.0,0,0.0,0.0,4.2,0.9,0,0
136,136,C.J. Anderson RB - DEN View Videos,@CHI,0.0,0.0,0.0,31.0,0.0,10.0,0.0,0,0.0,0.0,4.1,1.0,0,0
137,137,Jarius Wright WR - MIN,GB,0.0,0.0,0.0,7.0,0.0,34.0,0.0,0,0.0,0.0,4.1,3.4,0,0
138,138,Ameer Abdullah RB - DET,OAK,0.0,0.0,0.0,29.0,0.0,11.0,0.0,0,0.0,0.0,4.0,1.1,0,0
139,139,Michael Floyd WR - ARI Q View News,CIN,0.0,0.0,0.0,0.0,0.0,39.0,0.0,0,0.0,0.0,3.9,3.9,0,0
140,140,Leonard Hankerson WR - ATL P View News,IND,0.0,0.0,0.0,0.0,0.0,39.0,0.0,0,0.0,0.0,3.9,3.9,0,0
141,141,Jaelen Strong WR - HOU,NYJ,0.0,0.0,0.0,0.0,0.0,39.0,0.0,0,0.0,0.0,3.9,3.9,0,0
142,142,Chris Givens WR - BAL,STL,0.0,0.0,0.0,0.0,0.0,38.0,0.0,0,0.0,0.0,3.8,3.8,0,0
143,143,Thomas Rawls RB - SEA,SF,0.0,0.0,0.0,37.0,0.0,1.0,0.0,0,0.0,0.0,3.8,0.1,0,0
144,144,Theo Riddick RB - DET,OAK,0.0,0.0,0.0,22.0,0.0,16.0,0.0,0,0.0,0.0,3.8,1.6,0,0
145,145,Kenny Britt WR - STL,@BAL,0.0,0.0,0.0,1.0,0.0,36.0,0.0,0,0.0,0.0,3.7,3.6,0,0
146,146,Melvin Gordon RB - SD,KC,0.0,0.0,0.0,33.0,0.0,4.0,0.0,0,0.0,0.0,3.7,0.4,0,0
147,147,Kenny Stills WR - MIA,DAL,0.0,0.0,0.0,0.0,0.0,37.0,0.0,0,0.0,0.0,3.7,3.7,0,0
148,148,James White RB - NE,BUF,0.0,0.0,0.0,17.0,0.0,20.0,0.0,0,0.0,0.0,3.7,2.0,0,0
149,149,Danny Amendola WR - NE  View Videos,BUF,0.0,0.0,0.0,0.0,0.0,36.0,0.0,0,0.0,0.0,3.6,3.6,0,0
150,150,Marlon Brown WR - BAL,STL,0.0,0.0,0.0,0.0,0.0,36.0,0.0,0,0.0,0.0,3.6,3.6,0,0
151,151,Ty Montgomery WR - GB Q View News,@MIN,0.0,0.0,0.0,0.0,0.0,36.0,0.0,0,0.0,0.0,3.6,3.6,0,0
152,152,Terrance Williams WR - DAL,@MIA,0.0,0.0,0.0,0.0,0.0,36.0,0.0,0,0.0,0.0,3.6,3.6,0,0
153,153,Vernon Davis TE - DEN,@CHI,0.0,0.0,0.0,0.0,0.0,35.0,0.0,0,0.0,0.0,3.5,3.5,0,0
154,154,Charles Johnson WR - MIN,GB,0.0,0.0,0.0,1.0,0.0,34.0,0.0,0,0.0,0.0,3.5,3.4,0,0
155,155,Stevan Ridley RB - NYJ,@HOU,0.0,0.0,0.0,30.0,0.0,5.0,0.0,0,0.0,0.0,3.5,0.5,0,0
156,156,Corey Brown WR - CAR D View News,WAS,0.0,0.0,0.0,4.0,0.0,30.0,0.0,0,0.0,0.0,3.4,3.0,0,0
157,157,Scott Chandler TE - NE,BUF,0.0,0.0,0.0,0.0,0.0,34.0,0.0,0,0.0,0.0,3.4,3.4,0,0
158,158,Josh Huff WR - PHI P View News,TB,0.0,0.0,0.0,0.0,0.0,34.0,0.0,0,0.0,0.0,3.4,3.4,0,0
159,159,Greg Jennings WR - MIA,DAL,0.0,0.0,0.0,0.0,0.0,34.0,0.0,0,0.0,0.0,3.4,3.4,0,0
160,160,Cordarrelle Patterson WR - MIN View Videos,GB,0.0,0.0,0.0,11.0,0.0,23.0,0.0,0,0.0,0.0,3.4,2.3,0,0
161,161,Bobby Rainey RB - TB,@PHI,0.0,0.0,0.0,18.0,0.0,16.0,0.0,0,0.0,0.0,3.4,1.6,0,0
162,162,Clay Harbor TE - JAC,TEN,0.0,0.0,0.0,0.0,0.0,33.0,0.0,0,0.0,0.0,3.3,3.3,0,0
163,163,Jermaine Kearse WR - SEA,SF,0.0,0.0,0.0,1.0,0.0,32.0,0.0,0,0.0,0.0,3.3,3.2,0,0
164,164,Tre Mason RB - STL,@BAL,0.0,0.0,0.0,26.0,0.0,7.0,0.0,0,0.0,0.0,3.3,0.7,0,0
165,165,Marcedes Lewis TE - JAC,TEN,0.0,0.0,0.0,0.0,0.0,32.0,0.0,0,0.0,0.0,3.2,3.2,0,0
166,166,Brian Quick WR - STL,@BAL,0.0,0.0,0.0,0.0,0.0,32.0,0.0,0,0.0,0.0,3.2,3.2,0,0
167,167,Maxx Williams TE - BAL,STL,0.0,0.0,0.0,0.0,0.0,32.0,0.0,0,0.0,0.0,3.2,3.2,0,0
168,168,Benny Cunningham RB - STL,@BAL,0.0,0.0,0.0,12.0,0.0,19.0,0.0,0,0.0,0.0,3.1,1.9,0,0
169,169,Javorius Allen RB - BAL,STL,0.0,0.0,0.0,20.0,0.0,10.0,0.0,0,0.0,0.0,3.0,1.0,0,0
170,170,Andre Caldwell WR - DEN,@CHI,0.0,0.0,0.0,0.0,0.0,30.0,0.0,0,0.0,0.0,3.0,3.0,0,0
171,171,Knile Davis RB - KC,@SD,0.0,0.0,0.0,21.0,0.0,8.0,0.0,0,0.0,0.0,2.9,0.8,0,0
172,172,Coby Fleener TE - IND,@ATL,0.0,0.0,0.0,0.0,0.0,29.0,0.0,0,0.0,0.0,2.9,2.9,0,0
173,173,Toby Gerhart RB - JAC,TEN,0.0,0.0,0.0,21.0,0.0,8.0,0.0,0,0.0,0.0,2.9,0.8,0,0
174,174,Dorial Green-Beckham WR - TEN View Videos,@JAC,0.0,0.0,0.0,0.0,0.0,29.0,0.0,0,0.0,0.0,2.9,2.9,0,0
175,175,Steve Johnson WR - SD  View Video,KC,0.0,0.0,0.0,0.0,0.0,29.0,0.0,0,0.0,0.0,2.9,2.9,0,0
176,176,Mychal Rivera TE - OAK,@DET,0.0,0.0,0.0,0.0,0.0,29.0,0.0,0,0.0,0.0,2.9,2.9,0,0
177,177,Andre Roberts WR - WAS P,@CAR,0.0,0.0,0.0,1.0,0.0,28.0,0.0,0,0.0,0.0,2.9,2.8,0,0
178,178,Garrett Graham TE - HOU,NYJ,0.0,0.0,0.0,0.0,0.0,28.0,0.0,0,0.0,0.0,2.8,2.8,0,0
179,179,Ryan Griffin TE - HOU,NYJ,0.0,0.0,0.0,0.0,0.0,28.0,0.0,0,0.0,0.0,2.8,2.8,0,0
180,180,Torrey Smith WR - SF,@SEA,0.0,0.0,0.0,0.0,0.0,28.0,0.0,0,0.0,0.0,2.8,2.8,0,0
181,181,Lance Kendricks TE - STL,@BAL,0.0,0.0,0.0,0.0,0.0,27.0,0.0,0,0.0,0.0,2.7,2.7,0,0
182,182,Mike Tolbert RB - CAR,WAS,0.0,0.0,0.0,12.0,0.0,15.0,0.0,0,0.0,0.0,2.7,1.5,0,0
183,183,Dwayne Allen TE - IND,@ATL,0.0,0.0,0.0,0.0,0.0,26.0,0.0,0,0.0,0.0,2.6,2.6,0,0
184,184,Matt Asiata RB - MIN P,GB,0.0,0.0,0.0,19.0,0.0,7.0,0.0,0,0.0,0.0,2.6,0.7,0,0
185,185,Jason Avant WR - KC,@SD,0.0,0.0,0.0,0.0,0.0,26.0,0.0,0,0.0,0.0,2.6,2.6,0,0
186,186,Andre Johnson WR - IND FP,@ATL,0.0,0.0,0.0,0.0,0.0,26.0,0.0,0,0.0,0.0,2.6,2.6,0,0
187,187,Nelson Agholor WR - PHI,TB,0.0,0.0,0.0,0.0,0.0,25.0,0.0,0,0.0,0.0,2.5,2.5,0,0
188,188,Jared Cook TE - STL,@BAL,0.0,0.0,0.0,0.0,0.0,25.0,0.0,0,0.0,0.0,2.5,2.5,0,0
189,189,Aaron Dobson WR - NE,BUF,0.0,0.0,0.0,0.0,0.0,24.0,0.0,0,0.0,0.0,2.4,2.4,0,0
190,190,Dan Herron RB - BUF,@NE,0.0,0.0,0.0,17.0,0.0,7.0,0.0,0,0.0,0.0,2.4,0.7,0,0
191,191,Nate Washington WR - HOU P View News,NYJ,0.0,0.0,0.0,0.0,0.0,24.0,0.0,0,0.0,0.0,2.4,2.4,0,0
192,192,Jerricho Cotchery WR - CAR,WAS,0.0,0.0,0.0,0.0,0.0,23.0,0.0,0,0.0,0.0,2.3,2.3,0,0
193,193,Gavin Escobar TE - DAL,@MIA,0.0,0.0,0.0,0.0,0.0,23.0,0.0,0,0.0,0.0,2.3,2.3,0,0
194,194,Virgil Green TE - DEN P,@CHI,0.0,0.0,0.0,0.0,0.0,23.0,0.0,0,0.0,0.0,2.3,2.3,0,0
195,195,Jerick McKinnon RB - MIN,GB,0.0,0.0,0.0,15.0,0.0,8.0,0.0,0,0.0,0.0,2.3,0.8,0,0
196,196,Cole Beasley WR - DAL,@MIA,0.0,0.0,0.0,0.0,0.0,22.0,0.0,0,0.0,0.0,2.2,2.2,0,0
197,197,Anthony Fasano TE - TEN,@JAC,0.0,0.0,0.0,0.0,0.0,22.0,0.0,0,0.0,0.0,2.2,2.2,0,0
198,198,Bryan Walters WR - JAC View Videos,TEN,0.0,0.0,0.0,0.0,0.0,22.0,0.0,0,0.0,0.0,2.2,2.2,0,0
199,199,Roddy White WR - ATL,IND,0.0,0.0,0.0,0.0,0.0,22.0,0.0,0,0.0,0.0,2.2,2.2,0,0
200,200,Brandon Bolden RB - NE,BUF,0.0,0.0,0.0,16.0,0.0,5.0,0.0,0,0.0,0.0,2.1,0.5,0,0
201,201,Tevin Coleman RB - ATL,IND,0.0,0.0,0.0,19.0,0.0,2.0,0.0,0,0.0,0.0,2.1,0.2,0,0
202,202,Jeff Cumberland TE - NYJ,@HOU,0.0,0.0,0.0,0.0,0.0,21.0,0.0,0,0.0,0.0,2.1,2.1,0,0
203,203,Marquess Wilson WR - CHI,DEN,0.0,0.0,0.0,0.0,0.0,21.0,0.0,0,0.0,0.0,2.1,2.1,0,0
204,204,Jordan Norwood WR - DEN,@CHI,0.0,0.0,0.0,0.0,0.0,20.0,0.0,0,0.0,0.0,2.0,2.0,0,0
205,205,Chris Thompson RB - WAS,@CAR,0.0,0.0,0.0,9.0,0.0,11.0,0.0,0,0.0,0.0,2.0,1.1,0,0
206,206,Jermaine Gresham TE - ARI,CIN,0.0,0.0,0.0,0.0,0.0,19.0,0.0,0,0.0,0.0,1.9,1.9,0,0
207,207,Terron Ward RB - ATL,IND,0.0,0.0,0.0,12.0,0.0,7.0,0.0,0,0.0,0.0,1.9,0.7,0,0
208,208,Jay Ajayi RB - MIA View Videos,DAL,0.0,0.0,0.0,9.0,0.0,9.0,0.0,0,0.0,0.0,1.8,0.9,0,0
209,209,Ed Dickson TE - CAR,WAS,0.0,0.0,0.0,0.0,0.0,18.0,0.0,0,0.0,0.0,1.8,1.8,0,0
210,210,Tyler Lockett WR - SEA,SF,0.0,0.0,0.0,1.0,0.0,17.0,0.0,0,0.0,0.0,1.8,1.7,0,0
211,211,Rod Streater WR - OAK,@DET,0.0,0.0,0.0,0.0,0.0,18.0,0.0,0,0.0,0.0,1.8,1.8,0,0
212,212,Kevin White WR - CHI PUP,DEN,0.0,0.0,0.0,0.0,0.0,18.0,0.0,0,0.0,0.0,0.0,1.8,0,0
213,213,Riley Cooper WR - PHI,TB,0.0,0.0,0.0,0.0,0.0,17.0,0.0,0,0.0,0.0,1.7,1.7,0,0
214,214,Fred Jackson RB - SEA,SF,0.0,0.0,0.0,8.0,0.0,9.0,0.0,0,0.0,0.0,1.7,0.9,0,0
215,215,Miles Austin WR - PHI,TB,0.0,0.0,0.0,0.0,0.0,16.0,0.0,0,0.0,0.0,1.6,1.6,0,0
216,216,Chris Gragg TE - BUF,@NE,0.0,0.0,0.0,0.0,0.0,16.0,0.0,0,0.0,0.0,1.6,1.6,0,0
217,217,Andre Holmes WR - OAK,@DET,0.0,0.0,0.0,0.0,0.0,16.0,0.0,0,0.0,0.0,1.6,1.6,0,0
218,218,Dontrelle Inman WR - SD,KC,0.0,0.0,0.0,0.0,0.0,16.0,0.0,0,0.0,0.0,1.6,1.6,0,0
219,219,Keith Mumphery WR - HOU,NYJ,0.0,0.0,0.0,0.0,0.0,16.0,0.0,0,0.0,0.0,1.6,1.6,0,0
220,220,Devin Smith WR - NYJ,@HOU,0.0,0.0,0.0,0.0,0.0,16.0,0.0,0,0.0,0.0,1.6,1.6,0,0
221,221,Timothy Wright TE - DET,OAK,0.0,0.0,0.0,0.0,0.0,16.0,0.0,0,0.0,0.0,1.6,1.6,0,0
222,222,Cameron Artis-Payne RB - CAR,WAS,0.0,0.0,0.0,11.0,0.0,4.0,0.0,0,0.0,0.0,1.5,0.4,0,0
223,223,Chris Hogan WR - BUF,@NE,0.0,0.0,0.0,0.0,0.0,15.0,0.0,0,0.0,0.0,1.5,1.5,0,0
224,224,DeVante Parker WR - MIA,DAL,0.0,0.0,0.0,0.0,0.0,15.0,0.0,0,0.0,0.0,1.5,1.5,0,0
225,225,Stepfan Taylor RB - ARI,CIN,0.0,0.0,0.0,9.0,0.0,6.0,0.0,0,0.0,0.0,1.5,0.6,0,0
226,226,Crockett Gillmore TE - BAL,STL,0.0,0.0,0.0,0.0,0.0,14.0,0.0,0,0.0,0.0,1.4,1.4,0,0
227,227,Damien Williams RB - MIA P,DAL,0.0,0.0,0.0,9.0,0.0,5.0,0.0,0,0.0,0.0,1.4,0.5,0,0
228,228,Luke Willson TE - SEA P,SF,0.0,0.0,0.0,0.0,0.0,14.0,0.0,0,0.0,0.0,1.4,1.4,0,0
229,229,Nick Boyle TE - BAL D View News,STL,0.0,0.0,0.0,0.0,0.0,13.0,0.0,0,0.0,0.0,1.3,1.3,0,0
230,230,Derek Carrier TE - WAS,@CAR,0.0,0.0,0.0,0.0,0.0,13.0,0.0,0,0.0,0.0,1.3,1.3,0,0
231,231,Brent Celek TE - PHI,TB,0.0,0.0,0.0,0.0,0.0,13.0,0.0,0,0.0,0.0,1.3,1.3,0,0
232,232,Bruce Ellington WR - SF,@SEA,0.0,0.0,0.0,1.0,0.0,12.0,0.0,0,0.0,0.0,1.3,1.2,0,0
233,233,C.J. Fiedorowicz TE - HOU,NYJ,0.0,0.0,0.0,0.0,0.0,13.0,0.0,0,0.0,0.0,1.3,1.3,0,0
234,234,Brandon Myers TE - TB,@PHI,0.0,0.0,0.0,0.0,0.0,13.0,0.0,0,0.0,0.0,1.3,1.3,0,0
235,235,Garrett Celek TE - SF,@SEA,0.0,0.0,0.0,0.0,0.0,12.0,0.0,0,0.0,0.0,1.2,1.2,0,0
236,236,Chris Polk RB - HOU Q View News View Videos,NYJ,0.0,0.0,0.0,8.0,0.0,4.0,0.0,0,0.0,0.0,1.2,0.4,0,0
237,237,Levine Toilolo TE - ATL,IND,0.0,0.0,0.0,0.0,0.0,12.0,0.0,0,0.0,0.0,1.2,1.2,0,0
238,238,Darren Fells TE - ARI View Videos,CIN,0.0,0.0,0.0,0.0,0.0,10.0,0.0,0,0.0,0.0,1.0,1.0,0,0
239,239,Jeff Janis WR - GB,@MIN,0.0,0.0,0.0,0.0,0.0,9.0,0.0,0,0.0,0.0,0.9,0.9,0,0
240,240,Marcel Reece RB - OAK,@DET,0.0,0.0,0.0,3.0,0.0,6.0,0.0,0,0.0,0.0,0.9,0.6,0,0
241,241,Albert Wilson WR - KC,@SD,0.0,0.0,0.0,0.0,0.0,9.0,0.0,0,0.0,0.0,0.9,0.9,0,0
242,242,Justin Hardy WR - ATL,IND,0.0,0.0,0.0,0.0,0.0,8.0,0.0,0,0.0,0.0,0.8,0.8,0,0
243,243,Cody Latimer WR - DEN,@CHI,0.0,0.0,0.0,0.0,0.0,8.0,0.0,0,0.0,0.0,0.8,0.8,0,0
244,244,J.J. Nelson WR - ARI,CIN,0.0,0.0,0.0,0.0,0.0,8.0,0.0,0,0.0,0.0,0.8,0.8,0,0
245,245,Dion Sims TE - MIA,DAL,0.0,0.0,0.0,0.0,0.0,8.0,0.0,0,0.0,0.0,0.8,0.8,0,0
246,246,Jacob Tamme TE - ATL View Videos,IND,0.0,0.0,0.0,0.0,0.0,8.0,0.0,0,0.0,0.0,0.8,0.8,0,0
247,247,Chris Conley WR - KC,@SD,0.0,0.0,0.0,0.0,0.0,7.0,0.0,0,0.0,0.0,0.7,0.7,0,0
248,248,Tyler Kroft TE - CIN,@ARI,0.0,0.0,0.0,0.0,0.0,7.0,0.0,0,0.0,0.0,0.7,0.7,0,0
249,249,Lance Moore WR - DET View Videos,OAK,0.0,0.0,0.0,0.0,0.0,7.0,0.0,0,0.0,0.0,0.7,0.7,0,0
250,250,Paul Richardson WR - SEA O View News,SF,0.0,0.0,0.0,0.0,0.0,7.0,0.0,0,0.0,0.0,0.0,0.7,0,0
251,251,Clive Walford TE - OAK,@DET,0.0,0.0,0.0,0.0,0.0,7.0,0.0,0,0.0,0.0,0.7,0.7,0,0
252,252,Kennard Backman TE - GB,@MIN,0.0,0.0,0.0,0.0,0.0,6.0,0.0,0,0.0,0.0,0.6,0.6,0,0
253,253,Jonathan Grimes RB - HOU,NYJ,0.0,0.0,0.0,4.0,0.0,2.0,0.0,0,0.0,0.0,0.6,0.2,0,0
254,254,MyCole Pruitt TE - MIN,GB,0.0,0.0,0.0,0.0,0.0,6.0,0.0,0,0.0,0.0,0.6,0.6,0,0
255,255,Jake Stoneburner TE - MIA,DAL,0.0,0.0,0.0,0.0,0.0,6.0,0.0,0,0.0,0.0,0.6,0.6,0,0
256,256,Juwan Thompson RB - DEN,@CHI,0.0,0.0,0.0,5.0,0.0,1.0,0.0,0,0.0,0.0,0.6,0.1,0,0
257,257,Anthony Dixon RB - BUF,@NE,0.0,0.0,0.0,4.0,0.0,1.0,0.0,0,0.0,0.0,0.5,0.1,0,0
258,258,John Kuhn RB - GB,@MIN,0.0,0.0,0.0,3.0,0.0,1.0,0.0,0,0.0,0.0,0.4,0.1,0,0
259,259,Derek Anderson QB - CAR,WAS,0.0,0.0,0.0,0.0,0.0,0.0,0.0,0,0.0,0.0,0.0,0.0,0,0
260,260,Matt Barkley QB - ARI,CIN,0.0,0.0,0.0,0.0,0.0,0.0,0.0,0,0.0,0.0,0.0,0.0,0,0
261,261,Brenton Bersin WR - CAR,WAS,0.0,0.0,0.0,0.0,0.0,0.0,0.0,0,0.0,0.0,0.0,0.0,0,0
262,262,Ahmad Bradshaw RB - IND,@ATL,0.0,0.0,0.0,0.0,0.0,0.0,0.0,0,0.0,0.0,0.0,0.0,0,0
263,263,Bryce Brown RB - SEA,SF,0.0,0.0,0.0,0.0,0.0,0.0,0.0,0,0.0,0.0,0.0,0.0,0,0
264,264,Donald Brown RB - SD,KC,0.0,0.0,0.0,0.0,0.0,0.0,0.0,0,0.0,0.0,0.0,0.0,0,0
265,265,Rex Burkhead RB - CIN,@ARI,0.0,0.0,0.0,0.0,0.0,0.0,0.0,0,0.0,0.0,0.0,0.0,0,0
266,266,Travaris Cadet RB - SF,@SEA,0.0,0.0,0.0,0.0,0.0,0.0,0.0,0,0.0,0.0,0.0,0.0,0,0
267,267,Jimmy Clausen QB - CHI,DEN,0.0,0.0,0.0,0.0,0.0,0.0,0.0,0,0.0,0.0,0.0,0.0,0,0
268,268,Kellen Clemens QB - SD,KC,0.0,0.0,0.0,0.0,0.0,0.0,0.0,0,0.0,0.0,0.0,0.0,0,0
269,269,Chase Daniel QB - KC,@SD,0.0,0.0,0.0,0.0,0.0,0.0,0.0,0,0.0,0.0,0.0,0.0,0,0
270,270,Rhett Ellison TE - MIN,GB,0.0,0.0,0.0,0.0,0.0,0.0,0.0,0,0.0,0.0,0.0,0.0,0,0
271,271,Nick Foles QB - STL View Videos,@BAL,0.0,0.0,0.0,0.0,0.0,0.0,0.0,0,0.0,0.0,0.0,0.0,0,0
272,272,Chase Ford TE - BAL,STL,0.0,0.0,0.0,0.0,0.0,0.0,0.0,0,0.0,0.0,0.0,0.0,0,0
273,273,Matt Forte RB - CHI Q View News View Videos,DEN,0.0,0.0,0.0,0.0,0.0,0.0,0.0,0,0.0,0.0,0.0,0.0,0,0
274,274,Jimmy Garoppolo QB - NE,BUF,0.0,0.0,0.0,0.0,0.0,0.0,0.0,0,0.0,0.0,0.0,0.0,0,0
275,275,Mike Glennon QB - TB,@PHI,0.0,0.0,0.0,0.0,0.0,0.0,0.0,0,0.0,0.0,0.0,0.0,0,0
276,276,Robert Griffin III QB - WAS,@CAR,0.0,0.0,0.0,0.0,0.0,0.0,0.0,0,0.0,0.0,0.0,0.0,0,0
277,277,Demetrius Harris TE - KC,@SD,0.0,0.0,0.0,0.0,0.0,0.0,0.0,0,0.0,0.0,0.0,0.0,0,0
278,278,Chad Henne QB - JAC,TEN,0.0,0.0,0.0,0.0,0.0,0.0,0.0,0,0.0,0.0,0.0,0.0,0,0
279,279,Shaun Hill QB - MIN,GB,0.0,0.0,0.0,0.0,0.0,0.0,0.0,0,0.0,0.0,0.0,0.0,0,0
280,280,Tarvaris Jackson QB - SEA,SF,0.0,0.0,0.0,0.0,0.0,0.0,0.0,0,0.0,0.0,0.0,0.0,0,0
281,281,Taiwan Jones RB - OAK,@DET,0.0,0.0,0.0,0.0,0.0,0.0,0.0,0,0.0,0.0,0.0,0.0,0,0
282,282,Colin Kaepernick QB - SF P,@SEA,0.0,0.0,0.0,0.0,0.0,0.0,0.0,0,0.0,0.0,0.0,0.0,0,0
283,283,EJ Manuel QB - BUF,@NE,0.0,0.0,0.0,0.0,0.0,0.0,0.0,0,0.0,0.0,0.0,0.0,0,0
284,284,Marc Mariani WR - CHI,DEN,0.0,0.0,0.0,0.0,0.0,0.0,0.0,0,0.0,0.0,0.0,0.0,0,0
285,285,Colt McCoy QB - WAS,@CAR,0.0,0.0,0.0,0.0,0.0,0.0,0.0,0,0.0,0.0,0.0,0.0,0,0
286,286,Matt McGloin QB - OAK,@DET,0.0,0.0,0.0,0.0,0.0,0.0,0.0,0,0.0,0.0,0.0,0.0,0,0
287,287,Zach Mettenberger QB - TEN,@JAC,0.0,0.0,0.0,0.0,0.0,0.0,0.0,0,0.0,0.0,0.0,0.0,0,0
288,288,Tony Moeaki TE - ATL,IND,0.0,0.0,0.0,0.0,0.0,0.0,0.0,0,0.0,0.0,0.0,0.0,0,0
289,289,Denarius Moore WR - BUF,@NE,0.0,0.0,0.0,0.0,0.0,0.0,0.0,0,0.0,0.0,0.0,0.0,0,0
290,290,Matt Moore QB - MIA,DAL,0.0,0.0,0.0,0.0,0.0,0.0,0.0,0,0.0,0.0,0.0,0.0,0,0
291,291,Joseph Morgan WR - BAL,STL,0.0,0.0,0.0,0.0,0.0,0.0,0.0,0,0.0,0.0,0.0,0.0,0,0
292,292,Dan Orlovsky QB - DET,OAK,0.0,0.0,0.0,0.0,0.0,0.0,0.0,0,0.0,0.0,0.0,0.0,0,0
293,293,Cedric Peerman RB - CIN,@ARI,0.0,0.0,0.0,0.0,0.0,0.0,0.0,0,0.0,0.0,0.0,0.0,0,0
294,294,Bryce Petty QB - NYJ,@HOU,0.0,0.0,0.0,0.0,0.0,0.0,0.0,0,0.0,0.0,0.0,0.0,0,0
295,295,Mark Sanchez QB - PHI View News View Videos,TB,0.0,0.0,0.0,0.0,0.0,0.0,0.0,0,0.0,0.0,0.0,0.0,0,0
296,296,Matt Schaub QB - BAL,STL,0.0,0.0,0.0,0.0,0.0,0.0,0.0,0,0.0,0.0,0.0,0.0,0,0
297,297,Antone Smith RB - CHI,DEN,0.0,0.0,0.0,0.0,0.0,0.0,0.0,0,0.0,0.0,0.0,0.0,0,0
298,298,Geno Smith QB - NYJ,@HOU,0.0,0.0,0.0,0.0,0.0,0.0,0.0,0,0.0,0.0,0.0,0.0,0,0
299,299,Drew Stanton QB - ARI View Videos,CIN,0.0,0.0,0.0,0.0,0.0,0.0,0.0,0,0.0,0.0,0.0,0.0,0,0
300,300,Brandon Tate WR - CIN,@ARI,0.0,0.0,0.0,0.0,0.0,0.0,0.0,0,0.0,0.0,0.0,0.0,0,0
301,301,Zurlon Tipton RB - IND,@ATL,0.0,0.0,0.0,0.0,0.0,0.0,0.0,0,0.0,0.0,0.0,0.0,0,0
302,302,Robert Turbin RB - DAL View News,@MIA,0.0,0.0,0.0,0.0,0.0,0.0,0.0,0,0.0,0.0,0.0,0.0,0,0
303,303,Brandon Weeden QB - HOU View Videos,NYJ,0.0,0.0,0.0,0.0,0.0,0.0,0.0,0,0.0,0.0,0.0,0.0,0,0
304,304,Wes Welker WR - STL View Videos,@BAL,0.0,0.0,0.0,0.0,0.0,0.0,0.0,0,0.0,0.0,0.0,0.0,0,0
305,305,Terrance West RB - BAL,STL,0.0,0.0,0.0,0.0,0.0,0.0,0.0,0,0.0,0.0,0.0,0.0,0,0
306,306,Griff Whalen WR - IND,@ATL,0.0,0.0,0.0,0.0,0.0,0.0,0.0,0,0.0,0.0,0.0,0.0,0,0
307,307,Charlie Whitehurst QB - IND,@ATL,0.0,0.0,0.0,0.0,0.0,0.0,0.0,0,0.0,0.0,0.0,0.0,0,0
308,308,George Winn RB - DET,OAK,0.0,0.0,0.0,0.0,0.0,0.0,0.0,0,0.0,0.0,0.0,0.0,0,0
309,309,T.J. Yates QB - HOU View News View Videos,NYJ,0.0,0.0,0.0,0.0,0.0,0.0,0.0,0,0.0,0.0,0.0,0.0,0,0
310,310,Jared Abbrederis WR - GB O,@MIN,0.0,0.0,0.0,0.0,0.0,0.0,0.0,0,0.0,0.0,0.0,0.0,0,0
311,311,Seyi Ajirotutu WR - PHI,TB,0.0,0.0,0.0,0.0,0.0,0.0,0.0,0,0.0,0.0,0.0,0.0,0,0
312,312,Mario Alford WR - CIN,@ARI,0.0,0.0,0.0,0.0,0.0,0.0,0.0,0,0.0,0.0,0.0,0.0,0,0
313,313,Keenan Allen WR - SD IR,KC,0.0,0.0,0.0,0.0,0.0,0.0,0.0,0,0.0,0.0,0.0,0.0,0,0
314,314,RaShaun Allen TE - NO,Bye,0.0,0.0,0.0,0.0,0.0,0.0,0.0,0,0.0,0.0,0.0,0.0,0,0
315,315,Jace Amaro TE - NYJ IR,@HOU,0.0,0.0,0.0,0.0,0.0,0.0,0.0,0,0.0,0.0,0.0,0.0,0,0
316,316,Rory Anderson TE - SF IR,@SEA,0.0,0.0,0.0,0.0,0.0,0.0,0.0,0,0.0,0.0,0.0,0.0,0,0
317,317,Dri Archer RB,Bye,0.0,0.0,0.0,0.0,0.0,0.0,0.0,0,0.0,0.0,0.0,0.0,0,0
318,318,David Ausberry TE - OAK,@DET,0.0,0.0,0.0,0.0,0.0,0.0,0.0,0,0.0,0.0,0.0,0.0,0,0
319,319,Donnie Avery WR,Bye,0.0,0.0,0.0,0.0,0.0,0.0,0.0,0,0.0,0.0,0.0,0.0,0,0
320,320,Stedman Bailey WR - STL SUS,@BAL,0.0,0.0,0.0,0.0,0.0,0.0,0.0,0,0.0,0.0,0.0,0.0,0,0
321,321,Billy Bajema TE,Bye,0.0,0.0,0.0,0.0,0.0,0.0,0.0,0,0.0,0.0,0.0,0.0,0,0
322,322,Edwin Baker RB,Bye,0.0,0.0,0.0,0.0,0.0,0.0,0.0,0,0.0,0.0,0.0,0.0,0,0
323,323,Jon Baldwin WR,Bye,0.0,0.0,0.0,0.0,0.0,0.0,0.0,0,0.0,0.0,0.0,0.0,0,0
324,324,Montee Ball RB,Bye,0.0,0.0,0.0,0.0,0.0,0.0,0.0,0,0.0,0.0,0.0,0.0,0,0
325,325,Jake Ballard TE,Bye,0.0,0.0,0.0,0.0,0.0,0.0,0.0,0,0.0,0.0,0.0,0.0,0,0
326,326,Vick Ballard RB,Bye,0.0,0.0,0.0,0.0,0.0,0.0,0.0,0,0.0,0.0,0.0,0.0,0,0
327,327,Joe Banyard RB - JAC IA,TEN,0.0,0.0,0.0,0.0,0.0,0.0,0.0,0,0.0,0.0,0.0,0.0,0,0
328,328,Kenjon Barner RB - PHI,TB,0.0,0.0,0.0,0.0,0.0,0.0,0.0,0,0.0,0.0,0.0,0.0,0,0
329,329,Gary Barnidge TE - CLE View Videos,Bye,0.0,0.0,0.0,0.0,0.0,0.0,0.0,0,0.0,0.0,0.0,0.0,0,0
330,330,Jackie Battle RB,Bye,0.0,0.0,0.0,0.0,0.0,0.0,0.0,0,0.0,0.0,0.0,0.0,0,0
331,331,Odell Beckham WR - NYG View Videos,Bye,0.0,0.0,0.0,0.0,0.0,0.0,0.0,0,0.0,0.0,0.0,0.0,0,0
332,332,Blake Bell TE - SF,@SEA,0.0,0.0,0.0,0.0,0.0,0.0,0.0,0,0.0,0.0,0.0,0.0,0,0
333,333,Kenny Bell WR - TB IR,@PHI,0.0,0.0,0.0,0.0,0.0,0.0,0.0,0,0.0,0.0,0.0,0.0,0,0
334,334,Le'Veon Bell RB - PIT IR,Bye,0.0,0.0,0.0,0.0,0.0,0.0,0.0,0,0.0,0.0,0.0,0.0,0,0
335,335,Josh Bellamy WR - CHI,DEN,0.0,0.0,0.0,0.0,0.0,0.0,0.0,0,0.0,0.0,0.0,0.0,0,0
336,336,Kelvin Benjamin WR - CAR IR,WAS,0.0,0.0,0.0,0.0,0.0,0.0,0.0,0,0.0,0.0,0.0,0.0,0,0
337,337,Travis Benjamin WR - CLE,Bye,0.0,0.0,0.0,0.0,0.0,0.0,0.0,0,0.0,0.0,0.0,0.0,0,0
338,338,Earl Bennett WR,Bye,0.0,0.0,0.0,0.0,0.0,0.0,0.0,0,0.0,0.0,0.0,0.0,0,0
339,339,Davone Bess WR,Bye,0.0,0.0,0.0,0.0,0.0,0.0,0.0,0,0.0,0.0,0.0,0.0,0,0
340,340,E.J. Bibbs TE - CLE,Bye,0.0,0.0,0.0,0.0,0.0,0.0,0.0,0,0.0,0.0,0.0,0.0,0,0
341,341,Kapri Bibbs RB - DEN,@CHI,0.0,0.0,0.0,0.0,0.0,0.0,0.0,0,0.0,0.0,0.0,0.0,0,0
342,342,Justin Blackmon WR - JAC SUS,TEN,0.0,0.0,0.0,0.0,0.0,0.0,0.0,0,0.0,0.0,0.0,0.0,0,0
343,343,Tommy Bohanon RB - NYJ,@HOU,0.0,0.0,0.0,0.0,0.0,0.0,0.0,0,0.0,0.0,0.0,0.0,0,0
344,344,Brandon Bostick TE - ARI,CIN,0.0,0.0,0.0,0.0,0.0,0.0,0.0,0,0.0,0.0,0.0,0.0,0,0
345,345,Dwayne Bowe WR - CLE,Bye,0.0,0.0,0.0,0.0,0.0,0.0,0.0,0,0.0,0.0,0.0,0.0,0,0
346,346,Josh Boyce WR - NE IR,BUF,0.0,0.0,0.0,0.0,0.0,0.0,0.0,0,0.0,0.0,0.0,0.0,0,0
347,347,Jarrett Boykin WR,Bye,0.0,0.0,0.0,0.0,0.0,0.0,0.0,0,0.0,0.0,0.0,0.0,0,0
348,348,Sam Bradford QB - PHI O View News View Videos,TB,0.0,0.0,0.0,0.0,0.0,0.0,0.0,0,0.0,0.0,0.0,0.0,0,0
349,349,Cameron Brate TE - TB,@PHI,0.0,0.0,0.0,0.0,0.0,0.0,0.0,0,0.0,0.0,0.0,0.0,0,0
350,350,Quan Bray WR - IND,@ATL,0.0,0.0,0.0,0.0,0.0,0.0,0.0,0,0.0,0.0,0.0,0.0,0,0
351,351,LaVon Brazill WR SUS,Bye,0.0,0.0,0.0,0.0,0.0,0.0,0.0,0,0.0,0.0,0.0,0.0,0,0
352,352,Drew Brees QB - NO View Videos,Bye,0.0,0.0,0.0,0.0,0.0,0.0,0.0,0,0.0,0.0,0.0,0.0,0,0
353,353,Andre Brown RB,Bye,0.0,0.0,0.0,0.0,0.0,0.0,0.0,0,0.0,0.0,0.0,0.0,0,0
354,354,Antonio Brown WR - PIT View Videos,Bye,0.0,0.0,0.0,0.0,0.0,0.0,0.0,0,0.0,0.0,0.0,0.0,0,0
355,355,Da'Ron Brown WR - KC,@SD,0.0,0.0,0.0,0.0,0.0,0.0,0.0,0,0.0,0.0,0.0,0.0,0,0
356,356,Jaron Brown WR - ARI,CIN,0.0,0.0,0.0,0.0,0.0,0.0,0.0,0,0.0,0.0,0.0,0.0,0,0
357,357,Justin Brown WR IR,Bye,0.0,0.0,0.0,0.0,0.0,0.0,0.0,0,0.0,0.0,0.0,0.0,0,0
358,358,Mack Brown RB,Bye,0.0,0.0,0.0,0.0,0.0,0.0,0.0,0,0.0,0.0,0.0,0.0,0,0
359,359,Malcolm Brown RB - STL,@BAL,0.0,0.0,0.0,0.0,0.0,0.0,0.0,0,0.0,0.0,0.0,0.0,0,0
360,360,Mike Brown WR,Bye,0.0,0.0,0.0,0.0,0.0,0.0,0.0,0,0.0,0.0,0.0,0.0,0,0
361,361,Ronnie Brown RB,Bye,0.0,0.0,0.0,0.0,0.0,0.0,0.0,0,0.0,0.0,0.0,0.0,0,0
362,362,Vincent Brown WR,Bye,0.0,0.0,0.0,0.0,0.0,0.0,0.0,0,0.0,0.0,0.0,0.0,0,0
363,363,Ryan Broyles WR,Bye,0.0,0.0,0.0,0.0,0.0,0.0,0.0,0,0.0,0.0,0.0,0.0,0,0
364,364,Martavis Bryant WR - PIT View Video,Bye,0.0,0.0,0.0,0.0,0.0,0.0,0.0,0,0.0,0.0,0.0,0.0,0,0
365,365,Nate Burleson WR,Bye,0.0,0.0,0.0,0.0,0.0,0.0,0.0,0,0.0,0.0,0.0,0.0,0,0
366,366,Isaiah Burse WR - SD,KC,0.0,0.0,0.0,0.0,0.0,0.0,0.0,0,0.0,0.0,0.0,0.0,0,0
367,367,Michael Burton RB - DET,OAK,0.0,0.0,0.0,0.0,0.0,0.0,0.0,0,0.0,0.0,0.0,0.0,0,0
368,368,Stephen Burton WR IR,Bye,0.0,0.0,0.0,0.0,0.0,0.0,0.0,0,0.0,0.0,0.0,0.0,0,0
369,369,Trey Burton TE - PHI,TB,0.0,0.0,0.0,0.0,0.0,0.0,0.0,0,0.0,0.0,0.0,0.0,0,0
370,370,Michael Bush RB,Bye,0.0,0.0,0.0,0.0,0.0,0.0,0.0,0,0.0,0.0,0.0,0.0,0,0
371,371,Reggie Bush RB - SF IR,@SEA,0.0,0.0,0.0,0.0,0.0,0.0,0.0,0,0.0,0.0,0.0,0.0,0,0
372,372,Brice Butler WR - DAL O View News,@MIA,0.0,0.0,0.0,0.0,0.0,0.0,0.0,0,0.0,0.0,0.0,0.0,0,0
373,373,Jeremy Butler WR - BAL,STL,0.0,0.0,0.0,0.0,0.0,0.0,0.0,0,0.0,0.0,0.0,0.0,0,0
374,374,Nate Byham TE,Bye,0.0,0.0,0.0,0.0,0.0,0.0,0.0,0,0.0,0.0,0.0,0.0,0,0
375,375,Michael Campanaro WR - BAL IR,STL,0.0,0.0,0.0,0.0,0.0,0.0,0.0,0,0.0,0.0,0.0,0.0,0,0
376,376,Jason Campbell QB,Bye,0.0,0.0,0.0,0.0,0.0,0.0,0.0,0,0.0,0.0,0.0,0.0,0,0
377,377,John Carlson TE,Bye,0.0,0.0,0.0,0.0,0.0,0.0,0.0,0,0.0,0.0,0.0,0.0,0,0
378,378,DeAndre Carter WR - OAK,@DET,0.0,0.0,0.0,0.0,0.0,0.0,0.0,0,0.0,0.0,0.0,0.0,0,0
379,379,Duron Carter WR - IND,@ATL,0.0,0.0,0.0,0.0,0.0,0.0,0.0,0,0.0,0.0,0.0,0.0,0,0
380,380,James Casey TE,Bye,0.0,0.0,0.0,0.0,0.0,0.0,0.0,0,0.0,0.0,0.0,0.0,0,0
381,381,Jamaal Charles RB - KC IR,@SD,0.0,0.0,0.0,0.0,0.0,0.0,0.0,0,0.0,0.0,0.0,0.0,0,0
382,382,Orson Charles TE,Bye,0.0,0.0,0.0,0.0,0.0,0.0,0.0,0,0.0,0.0,0.0,0.0,0,0
383,383,Tashard Choice RB,Bye,0.0,0.0,0.0,0.0,0.0,0.0,0.0,0,0.0,0.0,0.0,0.0,0,0
384,384,Gerald Christian TE - ARI IR,CIN,0.0,0.0,0.0,0.0,0.0,0.0,0.0,0,0.0,0.0,0.0,0.0,0,0
385,385,Dallas Clark TE,Bye,0.0,0.0,0.0,0.0,0.0,0.0,0.0,0,0.0,0.0,0.0,0.0,0,0
386,386,Kaelin Clay WR - BAL,STL,0.0,0.0,0.0,0.0,0.0,0.0,0.0,0,0.0,0.0,0.0,0.0,0,0
387,387,Tyler Clutts RB - DAL,@MIA,0.0,0.0,0.0,0.0,0.0,0.0,0.0,0,0.0,0.0,0.0,0.0,0,0
388,388,Sammie Coates WR - PIT,Bye,0.0,0.0,0.0,0.0,0.0,0.0,0.0,0,0.0,0.0,0.0,0.0,0,0
389,389,Chase Coffman TE,Bye,0.0,0.0,0.0,0.0,0.0,0.0,0.0,0,0.0,0.0,0.0,0.0,0,0
390,390,Brandon Coleman WR - NO,Bye,0.0,0.0,0.0,0.0,0.0,0.0,0.0,0,0.0,0.0,0.0,0.0,0,0
391,391,Derrick Coleman RB - SEA,SF,0.0,0.0,0.0,0.0,0.0,0.0,0.0,0,0.0,0.0,0.0,0.0,0,0
392,392,Austin Collie WR,Bye,0.0,0.0,0.0,0.0,0.0,0.0,0.0,0,0.0,0.0,0.0,0.0,0,0
393,393,Jed Collins RB,Bye,0.0,0.0,0.0,0.0,0.0,0.0,0.0,0,0.0,0.0,0.0,0.0,0,0
394,394,Marques Colston WR - NO,Bye,0.0,0.0,0.0,0.0,0.0,0.0,0.0,0,0.0,0.0,0.0,0.0,0,0
395,395,Kevin Cone WR,Bye,0.0,0.0,0.0,0.0,0.0,0.0,0.0,0,0.0,0.0,0.0,0.0,0,0
396,396,John Conner RB,Bye,0.0,0.0,0.0,0.0,0.0,0.0,0.0,0,0.0,0.0,0.0,0.0,0,0
397,397,Brandin Cooks WR - NO,Bye,0.0,0.0,0.0,0.0,0.0,0.0,0.0,0,0.0,0.0,0.0,0.0,0,0
398,398,Josh Cooper WR,Bye,0.0,0.0,0.0,0.0,0.0,0.0,0.0,0,0.0,0.0,0.0,0.0,0,0
399,399,Michael Cox RB,Bye,0.0,0.0,0.0,0.0,0.0,0.0,0.0,0,0.0,0.0,0.0,0.0,0,0
400,400,Tom Crabtree TE,Bye,0.0,0.0,0.0,0.0,0.0,0.0,0.0,0,0.0,0.0,0.0,0.0,0,0
401,401,Josh Cribbs WR,Bye,0.0,0.0,0.0,0.0,0.0,0.0,0.0,0,0.0,0.0,0.0,0.0,0,0
402,402,Juron Criner WR,Bye,0.0,0.0,0.0,0.0,0.0,0.0,0.0,0,0.0,0.0,0.0,0.0,0,0
403,403,John Crockett RB - GB,@MIN,0.0,0.0,0.0,0.0,0.0,0.0,0.0,0,0.0,0.0,0.0,0.0,0,0
404,404,Isaiah Crowell RB - CLE,Bye,0.0,0.0,0.0,0.0,0.0,0.0,0.0,0,0.0,0.0,0.0,0.0,0,0
405,405,Victor Cruz WR - NYG IR,Bye,0.0,0.0,0.0,0.0,0.0,0.0,0.0,0,0.0,0.0,0.0,0.0,0,0
406,406,Jerome Cunningham TE - NYG,Bye,0.0,0.0,0.0,0.0,0.0,0.0,0.0,0,0.0,0.0,0.0,0.0,0,0
407,407,Justice Cunningham TE - STL Q,@BAL,0.0,0.0,0.0,0.0,0.0,0.0,0.0,0,0.0,0.0,0.0,0.0,0,0
408,408,B.J. Daniels WR - SEA,SF,0.0,0.0,0.0,0.0,0.0,0.0,0.0,0,0.0,0.0,0.0,0.0,0,0
409,409,Orleans Darkwa RB - NYG,Bye,0.0,0.0,0.0,0.0,0.0,0.0,0.0,0,0.0,0.0,0.0,0.0,0,0
410,410,Austin Davis QB - CLE,Bye,0.0,0.0,0.0,0.0,0.0,0.0,0.0,0,0.0,0.0,0.0,0.0,0,0
411,411,Devante Davis WR,Bye,0.0,0.0,0.0,0.0,0.0,0.0,0.0,0,0.0,0.0,0.0,0.0,0,0
412,412,Dominique Davis QB,Bye,0.0,0.0,0.0,0.0,0.0,0.0,0.0,0,0.0,0.0,0.0,0.0,0,0
413,413,Drew Davis WR,Bye,0.0,0.0,0.0,0.0,0.0,0.0,0.0,0,0.0,0.0,0.0,0.0,0,0
414,414,Fred Davis TE,Bye,0.0,0.0,0.0,0.0,0.0,0.0,0.0,0,0.0,0.0,0.0,0.0,0,0
415,415,Geremy Davis WR - NYG,Bye,0.0,0.0,0.0,0.0,0.0,0.0,0.0,0,0.0,0.0,0.0,0.0,0,0
416,416,Kellen Davis TE - NYJ,@HOU,0.0,0.0,0.0,0.0,0.0,0.0,0.0,0,0.0,0.0,0.0,0.0,0,0
417,417,Mike Davis RB - SF IR,@SEA,0.0,0.0,0.0,0.0,0.0,0.0,0.0,0,0.0,0.0,0.0,0.0,0,0
418,418,Andre Debose WR - OAK IR,@DET,0.0,0.0,0.0,0.0,0.0,0.0,0.0,0,0.0,0.0,0.0,0.0,0,0
419,419,Jeff Demps RB,Bye,0.0,0.0,0.0,0.0,0.0,0.0,0.0,0,0.0,0.0,0.0,0.0,0,0
420,420,A.J. Derby TE - NE IR,BUF,0.0,0.0,0.0,0.0,0.0,0.0,0.0,0,0.0,0.0,0.0,0.0,0,0
421,421,James Develin RB - NE IR,BUF,0.0,0.0,0.0,0.0,0.0,0.0,0.0,0,0.0,0.0,0.0,0.0,0,0
422,422,Dorin Dickerson TE - TEN IR,@JAC,0.0,0.0,0.0,0.0,0.0,0.0,0.0,0,0.0,0.0,0.0,0.0,0,0
423,423,Patrick DiMarco RB - ATL,IND,0.0,0.0,0.0,0.0,0.0,0.0,0.0,0,0.0,0.0,0.0,0.0,0,0
424,424,Larry Donnell TE - NYG,Bye,0.0,0.0,0.0,0.0,0.0,0.0,0.0,0,0.0,0.0,0.0,0.0,0,0
425,425,Phillip Dorsett WR - IND O,@ATL,0.0,0.0,0.0,0.0,0.0,0.0,0.0,0,0.0,0.0,0.0,0.0,0,0
426,426,Kevin Dorsey WR,Bye,0.0,0.0,0.0,0.0,0.0,0.0,0.0,0,0.0,0.0,0.0,0.0,0,0
427,427,Tandon Doss WR,Bye,0.0,0.0,0.0,0.0,0.0,0.0,0.0,0,0.0,0.0,0.0,0.0,0,0
428,428,Jack Doyle TE - IND,@ATL,0.0,0.0,0.0,0.0,0.0,0.0,0.0,0,0.0,0.0,0.0,0.0,0,0
429,429,Shaun Draughn RB - SF View News,@SEA,0.0,0.0,0.0,0.0,0.0,0.0,0.0,0,0.0,0.0,0.0,0.0,0,0
430,430,Jim Dray TE - CLE,Bye,0.0,0.0,0.0,0.0,0.0,0.0,0.0,0,0.0,0.0,0.0,0.0,0,0
431,431,Joel Dreessen TE,Bye,0.0,0.0,0.0,0.0,0.0,0.0,0.0,0,0.0,0.0,0.0,0.0,0,0
432,432,Lance Dunbar RB - DAL IR,@MIA,0.0,0.0,0.0,0.0,0.0,0.0,0.0,0,0.0,0.0,0.0,0.0,0,0
433,433,Kris Durham WR,Bye,0.0,0.0,0.0,0.0,0.0,0.0,0.0,0,0.0,0.0,0.0,0.0,0,0
434,434,Jonathan Dwyer RB,Bye,0.0,0.0,0.0,0.0,0.0,0.0,0.0,0,0.0,0.0,0.0,0.0,0,0
435,435,Donteea Dye WR - TB,@PHI,0.0,0.0,0.0,0.0,0.0,0.0,0.0,0,0.0,0.0,0.0,0.0,0,0
436,436,Michael Dyer RB,Bye,0.0,0.0,0.0,0.0,0.0,0.0,0.0,0,0.0,0.0,0.0,0.0,0,0
437,437,Marcus Easley WR - BUF,@NE,0.0,0.0,0.0,0.0,0.0,0.0,0.0,0,0.0,0.0,0.0,0.0,0,0
438,438,Julian Edelman WR - NE DNP View Videos,BUF,0.0,0.0,0.0,0.0,0.0,0.0,0.0,0,0.0,0.0,0.0,0.0,0,0
439,439,Armanti Edwards WR,Bye,0.0,0.0,0.0,0.0,0.0,0.0,0.0,0,0.0,0.0,0.0,0.0,0,0
440,440,Pat Edwards WR,Bye,0.0,0.0,0.0,0.0,0.0,0.0,0.0,0,0.0,0.0,0.0,0.0,0,0
441,441,Michael Egnew TE,Bye,0.0,0.0,0.0,0.0,0.0,0.0,0.0,0,0.0,0.0,0.0,0.0,0,0
442,442,Quincy Enunwa WR - NYJ EXE,@HOU,0.0,0.0,0.0,0.0,0.0,0.0,0.0,0,0.0,0.0,0.0,0.0,0,0
443,443,David Fales QB - CHI,DEN,0.0,0.0,0.0,0.0,0.0,0.0,0.0,0,0.0,0.0,0.0,0.0,0,0
444,444,Joseph Fauria TE - NE,BUF,0.0,0.0,0.0,0.0,0.0,0.0,0.0,0,0.0,0.0,0.0,0.0,0,0
445,445,Daniel Fells TE - NYG IR,Bye,0.0,0.0,0.0,0.0,0.0,0.0,0.0,0,0.0,0.0,0.0,0.0,0,0
446,446,Jerome Felton RB - BUF,@NE,0.0,0.0,0.0,0.0,0.0,0.0,0.0,0,0.0,0.0,0.0,0.0,0,0
447,447,Jermichael Finley TE,Bye,0.0,0.0,0.0,0.0,0.0,0.0,0.0,0,0.0,0.0,0.0,0.0,0,0
448,448,Malcom Floyd WR - SD O View News,KC,0.0,0.0,0.0,0.0,0.0,0.0,0.0,0,0.0,0.0,0.0,0.0,0,0
449,449,Matt Flynn QB - NO,Bye,0.0,0.0,0.0,0.0,0.0,0.0,0.0,0,0.0,0.0,0.0,0.0,0,0
450,450,Jacoby Ford WR,Bye,0.0,0.0,0.0,0.0,0.0,0.0,0.0,0,0.0,0.0,0.0,0.0,0,0
451,451,Arian Foster RB - HOU IR,NYJ,0.0,0.0,0.0,0.0,0.0,0.0,0.0,0,0.0,0.0,0.0,0.0,0,0
452,452,Bennie Fowler WR - DEN,@CHI,0.0,0.0,0.0,0.0,0.0,0.0,0.0,0,0.0,0.0,0.0,0.0,0,0
453,453,Jalston Fowler RB - TEN,@JAC,0.0,0.0,0.0,0.0,0.0,0.0,0.0,0,0.0,0.0,0.0,0.0,0,0
454,454,Johnathan Franklin RB,Bye,0.0,0.0,0.0,0.0,0.0,0.0,0.0,0,0.0,0.0,0.0,0.0,0,0
455,455,Josh Freeman QB,Bye,0.0,0.0,0.0,0.0,0.0,0.0,0.0,0,0.0,0.0,0.0,0.0,0,0
456,456,Isaac Fruechte WR - MIN,GB,0.0,0.0,0.0,0.0,0.0,0.0,0.0,0,0.0,0.0,0.0,0.0,0,0
457,457,Corey Fuller WR - DET,OAK,0.0,0.0,0.0,0.0,0.0,0.0,0.0,0,0.0,0.0,0.0,0.0,0,0
458,458,Taylor Gabriel WR - CLE,Bye,0.0,0.0,0.0,0.0,0.0,0.0,0.0,0,0.0,0.0,0.0,0.0,0,0
459,459,Tyler Gaffney RB - NE IR,BUF,0.0,0.0,0.0,0.0,0.0,0.0,0.0,0,0.0,0.0,0.0,0.0,0,0
460,460,Kendall Gaskins RB - SF,@SEA,0.0,0.0,0.0,0.0,0.0,0.0,0.0,0,0.0,0.0,0.0,0.0,0,0
461,461,Clyde Gates WR,Bye,0.0,0.0,0.0,0.0,0.0,0.0,0.0,0,0.0,0.0,0.0,0.0,0,0
462,462,Brandon Gibson WR - NE IR,BUF,0.0,0.0,0.0,0.0,0.0,0.0,0.0,0,0.0,0.0,0.0,0.0,0,0
463,463,Mike Gillislee RB - BUF,@NE,0.0,0.0,0.0,0.0,0.0,0.0,0.0,0,0.0,0.0,0.0,0.0,0,0
464,464,Brittan Golden WR - ARI,CIN,0.0,0.0,0.0,0.0,0.0,0.0,0.0,0,0.0,0.0,0.0,0.0,0,0
465,465,Mike Goodson RB,Bye,0.0,0.0,0.0,0.0,0.0,0.0,0.0,0,0.0,0.0,0.0,0.0,0,0
466,466,Marquise Goodwin WR - BUF IR,@NE,0.0,0.0,0.0,0.0,0.0,0.0,0.0,0,0.0,0.0,0.0,0.0,0,0
467,467,Josh Gordon WR - CLE SUS,Bye,0.0,0.0,0.0,0.0,0.0,0.0,0.0,0,0.0,0.0,0.0,0.0,0,0
468,468,Richard Gordon TE - DEN,@CHI,0.0,0.0,0.0,0.0,0.0,0.0,0.0,0,0.0,0.0,0.0,0.0,0,0
469,469,Bruce Gradkowski QB - PIT IR,Bye,0.0,0.0,0.0,0.0,0.0,0.0,0.0,0,0.0,0.0,0.0,0.0,0,0
470,470,Ray Graham RB,Bye,0.0,0.0,0.0,0.0,0.0,0.0,0.0,0,0.0,0.0,0.0,0.0,0,0
471,471,T.J. Graham WR - NO,Bye,0.0,0.0,0.0,0.0,0.0,0.0,0.0,0,0.0,0.0,0.0,0.0,0,0
472,472,Corey Grant RB - JAC IR,TEN,0.0,0.0,0.0,0.0,0.0,0.0,0.0,0,0.0,0.0,0.0,0.0,0,0
473,473,Ryan Grant WR - WAS,@CAR,0.0,0.0,0.0,0.0,0.0,0.0,0.0,0,0.0,0.0,0.0,0.0,0,0
474,474,Cyrus Gray RB,Bye,0.0,0.0,0.0,0.0,0.0,0.0,0.0,0,0.0,0.0,0.0,0.0,0,0
