,Name,Position,Salary,GameInfo,AvgPointsPerGame,teamAbbrev,fftoday,nfl,cbs,fleaflicker,espn,fox,fire,final
0,Odell Beckham Jr.,WR,8900,NYG@Phi 08:30PM ET,19.62,NYG,20.0,25.6,15.84,22.0,18.62,18.36,16.907,19.1
1,Le'Veon Bell,RB,8500,Ari@Pit 01:00PM ET,27.633,Pit,21.0,24.3,17.76,24.6,20.98,22.13,20.025,8.8
2,Antonio Brown,WR,8300,Ari@Pit 01:00PM ET,22.46,Pit,19.5,26.0,16.05,24.1,16.6,14.58,14.528,5.4
3,Tom Brady,QB,8100,NE@Ind 08:30PM ET,27.72,NE,28.2,23.54,23.23,23.54,23.918,18.018,25.2434,26.48
4,Demaryius Thomas,WR,7900,Den@Cle 01:00PM ET,17.52,Den,20.0,25.6,17.73,22.8,19.2,14.45,20.2002,24.1
5,Jamaal Charles,RB,7800,KC@Min 01:00PM ET,21.22,KC,,,,,,,,
6,Aaron Rodgers,QB,7700,SD@GB 04:25PM ET,23.608,GB,21.9,28.94,23.3,28.94,21.814,19.34,21.991,19.6
7,DeAndre Hopkins,WR,7700,Hou@Jax 01:00PM ET,25.76,Hou,29.0,23.8,19.18,21.9,18.69,14.18,20.173,
8,Adrian Peterson,RB,7600,KC@Min 01:00PM ET,19.6,Min,24.0,22.5,17.39,23.8,18.69,17.41,18.3436,
9,Julian Edelman,WR,7600,NE@Ind 08:30PM ET,24.25,NE,23.0,19.8,18.88,19.0,19.82,15.42,19.058,17.2
10,Rob Gronkowski,TE,7600,NE@Ind 08:30PM ET,21.875,NE,21.5,23.4,17.52,20.7,17.41,14.16,16.68,14.0
11,A.J. Green,WR,7600,Cin@Buf 01:00PM ET,20.3,Cin,23.0,19.7,17.73,17.9,18.34,14.17,16.795,7.6
12,Andrew Luck,QB,7600,NE@Ind 08:30PM ET,16.873,Ind,20.2,19.2,19.86,20.2,22.446,17.056,23.243,
13,Keenan Allen,WR,7600,SD@GB 04:25PM ET,21.28,SD,20.0,21.4,15.33,19.7,16.14,13.92,16.622,32.7
14,Emmanuel Sanders,WR,7500,Den@Cle 01:00PM ET,18.16,Den,19.5,22.9,16.29,20.6,17.78,12.81,16.054,23.9
15,Calvin Johnson,WR,7300,Chi@Det 01:00PM ET,13.84,Det,20.0,15.2,17.62,12.6,17.31,15.92,16.785,31.6
16,Randall Cobb,WR,7300,SD@GB 04:25PM ET,17.48,GB,18.5,21.0,18.14,18.8,17.94,15.03,19.344,5.8
17,Brandon Marshall,WR,7100,Was@NYJ 01:00PM ET,24.0,NYJ,22.0,20.6,21.46,19.3,15.79,13.59,15.479,
18,Matt Forte,RB,7100,Chi@Det 01:00PM ET,18.58,Chi,20.5,23.3,17.62,23.7,21.76,21.37,18.536,19.9
19,Larry Fitzgerald,WR,7000,Ari@Pit 01:00PM ET,25.0,Ari,23.0,19.4,18.12,18.7,17.34,17.52,15.954,17.3
20,Arian Foster,RB,7000,Hou@Jax 01:00PM ET,13.15,Hou,20.0,15.8,18.15,16.0,19.73,16.73,18.8392,
21,Ben Roethlisberger,QB,6900,Ari@Pit 01:00PM ET,20.793,Pit,,,,,,,,
22,Marshawn Lynch,RB,6900,Car@Sea 04:05PM ET,9.967,Sea,17.0,15.2,16.17,15.9,15.67,14.7,7.97,12.4
23,Eli Manning,QB,6800,NYG@Phi 08:30PM ET,20.136,NYG,18.3,17.5,15.83,18.5,20.256,22.95,17.4116,10.76
24,Cam Newton,QB,6700,Car@Sea 04:05PM ET,22.965,Car,20.8,13.9,16.42,14.9,16.582,16.538,17.9584,
25,Peyton Manning,QB,6600,Den@Cle 01:00PM ET,13.792,Den,18.0,15.9,16.64,17.9,17.564,15.496,18.153,12.6
26,Carson Palmer,QB,6600,Ari@Pit 01:00PM ET,22.348,Ari,19.2,22.58,22.5,23.58,17.67,22.32,20.4816,21.74
27,Jeremy Maclin,WR,6500,KC@Min 01:00PM ET,19.22,KC,20.0,18.4,15.58,17.2,16.72,15.64,14.841,7.8
28,Russell Wilson,QB,6500,Car@Sea 04:05PM ET,17.296,Sea,15.6,19.4,19.1,20.4,19.668,17.186,18.8668,18.94
29,T.Y. Hilton,WR,6500,NE@Ind 08:30PM ET,13.04,Ind,20.5,19.3,16.3,21.4,16.72,12.32,12.921,
30,Justin Forsett,RB,6400,Bal@SF 04:25PM ET,15.3,Bal,19.0,17.6,12.6,18.6,13.94,18.41,15.121,17.1
31,Alshon Jeffery,WR,6400,Chi@Det 01:00PM ET,12.8,Chi,10.0,23.0,13.9,21.6,15.35,17.15,15.365,31.7
32,Philip Rivers,QB,6300,SD@GB 04:25PM ET,21.344,SD,23.0,18.28,14.47,19.28,18.874,16.126,21.889,31.12
33,Eddie Lacy,RB,6300,SD@GB 04:25PM ET,9.06,GB,16.0,28.5,15.76,27.9,16.54,20.72,16.112,4.0
34,Jordan Matthews,WR,6200,NYG@Phi 08:30PM ET,14.3,Phi,18.0,12.6,13.41,11.3,15.84,13.95,15.598,10.9
35,Jarvis Landry,WR,6200,Mia@Ten 01:00PM ET,17.7,Mia,20.5,17.4,13.54,16.8,14.72,14.18,14.8,
36,Steve Smith Sr.,WR,6100,Bal@SF 04:25PM ET,21.075,Bal,,15.8,,14.9,,14.37,,29.7
37,DeMarco Murray,RB,6000,NYG@Phi 08:30PM ET,15.075,Phi,18.0,15.3,15.79,15.9,16.4,10.69,15.799,24.6
38,Sam Bradford,QB,6000,NYG@Phi 08:30PM ET,16.928,Phi,18.2,17.34,18.08,18.34,17.21,18.156,19.821,12.4
39,Joe Flacco,QB,5900,Bal@SF 04:25PM ET,17.376,Bal,13.3,18.06,16.22,19.06,17.364,17.166,17.2078,22.72
40,Allen Robinson,WR,5900,Hou@Jax 01:00PM ET,17.84,Jax,20.0,18.0,13.32,17.0,16.48,12.46,12.19,20.6
41,James Jones,WR,5800,SD@GB 04:25PM ET,18.28,GB,18.0,18.6,14.79,17.3,12.63,13.85,14.554,11.0
42,Dion Lewis,RB,5800,NE@Ind 08:30PM ET,20.45,NE,21.5,19.7,16.36,22.2,15.05,12.87,14.707,6.9
43,Marcus Mariota,QB,5800,Mia@Ten 01:00PM ET,19.5,Ten,19.3,18.72,16.54,19.72,16.254,17.644,15.2924,8.76
44,DeSean Jackson,WR,5700,Was@NYJ 01:00PM ET,0.0,Was,5.0,14.7,5.36,13.4,,,13.088,
45,Andy Dalton,QB,5700,Cin@Buf 01:00PM ET,25.644,Cin,18.8,17.2,16.74,18.2,17.27,14.5,19.1834,21.52
46,Ryan Tannehill,QB,5700,Mia@Ten 01:00PM ET,18.225,Mia,18.2,18.62,17.12,19.62,17.712,18.504,16.0096,
47,Jeremy Hill,RB,5700,Cin@Buf 01:00PM ET,10.2,Cin,11.5,11.7,10.23,11.1,8.44,6.52,12.4456,13.9
48,Tyrod Taylor,QB,5600,Cin@Buf 01:00PM ET,21.596,Buf,,12.24,,13.24,,,,
49,Greg Olsen,TE,5500,Car@Sea 04:05PM ET,14.075,Car,18.5,15.0,11.75,14.5,12.4,9.69,10.479,
50,Josh McCown,QB,5400,Den@Cle 01:00PM ET,22.905,Cle,14.0,17.52,14.76,18.52,14.27,14.292,14.3968,14.72
51,Jimmy Graham,TE,5400,Car@Sea 04:05PM ET,10.68,Sea,14.5,19.0,11.52,18.5,9.89,8.53,9.872,25.0
52,LeSean McCoy,RB,5400,Cin@Buf 01:00PM ET,11.967,Buf,6.5,16.1,11.36,15.7,13.78,,13.9834,17.4
53,Sammy Watkins,WR,5400,Cin@Buf 01:00PM ET,7.633,Buf,10.0,10.0,7.95,9.1,10.06,11.29,12.037,14.8
54,Alex Smith,QB,5300,KC@Min 01:00PM ET,16.908,KC,18.6,17.04,15.06,18.04,16.012,16.878,15.6258,16.28
55,Matthew Stafford,QB,5300,Chi@Det 01:00PM ET,13.12,Det,17.7,14.78,23.91,15.78,18.924,17.43,17.155,37.9
56,Teddy Bridgewater,QB,5300,KC@Min 01:00PM ET,11.965,Min,18.1,18.38,16.05,19.38,16.65,14.832,16.8952,
57,Karlos Williams,RB,5300,Cin@Buf 01:00PM ET,14.8,Buf,,,,,,,,
58,Jay Cutler,QB,5200,Chi@Det 01:00PM ET,15.53,Chi,14.0,17.0,14.53,18.0,16.802,24.368,16.197,23.32
59,Golden Tate,WR,5200,Chi@Det 01:00PM ET,10.56,Det,10.0,12.4,12.95,11.3,12.76,15.32,12.95,16.0
60,Kendall Wright,WR,5200,Mia@Ten 01:00PM ET,14.15,Ten,17.0,9.5,11.19,8.9,11.86,12.6,11.9778,7.4
61,John Brown,WR,5200,Ari@Pit 01:00PM ET,13.28,Ari,17.5,14.8,15.16,13.4,11.29,13.02,11.8632,31.6
62,Blake Bortles,QB,5200,Hou@Jax 01:00PM ET,20.432,Jax,18.9,16.98,14.0,17.98,18.816,16.69,14.481,28.94
63,Matt Hasselbeck,QB,5100,NE@Ind 08:30PM ET,15.8,Ind,,,,,,,,
64,Brian Hoyer,QB,5100,Hou@Jax 01:00PM ET,17.533,Hou,19.0,,15.37,,14.768,,15.9944,
65,Chris Ivory,RB,5100,Was@NYJ 01:00PM ET,18.867,NYJ,9.0,14.0,13.27,14.0,12.01,16.73,12.89,
66,Pierre Garcon,WR,5100,Was@NYJ 01:00PM ET,13.14,Was,11.0,17.4,11.72,16.7,12.33,12.48,10.421,13.8
67,Kirk Cousins,QB,5100,Was@NYJ 01:00PM ET,14.812,Was,13.2,14.2,11.41,15.2,12.794,13.202,15.6514,9.94
68,Mike Vick,QB,5000,Ari@Pit 01:00PM ET,6.7,Pit,,13.88,13.53,,15.338,17.796,,4.94
69,Charlie Whitehurst,QB,5000,Mia@Ten 01:00PM ET,0.0,Ten,,,,,,,,
70,Tarvaris Jackson,QB,5000,Car@Sea 04:05PM ET,0.0,Sea,,,,,,,,
71,Derek Anderson,QB,5000,Car@Sea 04:05PM ET,0.0,Car,,,,,,,,
72,Ryan Fitzpatrick,QB,5000,Was@NYJ 01:00PM ET,16.04,NYJ,19.4,16.52,20.73,17.52,15.788,14.464,15.5268,
73,Dan Orlovsky,QB,5000,Chi@Det 01:00PM ET,5.32,Det,,,,,,,,
74,Kellen Clemens,QB,5000,SD@GB 04:25PM ET,6.52,SD,,,,,,,,
75,Shaun Hill,QB,5000,KC@Min 01:00PM ET,0.0,Min,,,,,,,,
76,Matt Moore,QB,5000,Mia@Ten 01:00PM ET,0.0,Mia,,,,,,,,
77,Drew Stanton,QB,5000,Ari@Pit 01:00PM ET,-0.1,Ari,,,,,,,,
78,Matt Schaub,QB,5000,Bal@SF 04:25PM ET,0.0,Bal,,,,,,,,
79,Chad Henne,QB,5000,Hou@Jax 01:00PM ET,0.0,Jax,,,2.058,,,,1.0714,
80,Josh Johnson,QB,5000,NE@Ind 08:30PM ET,0.0,Ind,,,,,,,1.026,
81,Joe Webb,QB,5000,Car@Sea 04:05PM ET,0.0,Car,,,,,,,,
82,Mark Sanchez,QB,5000,NYG@Phi 08:30PM ET,0.0,Phi,,,,,,,,
83,Chase Daniel,QB,5000,KC@Min 01:00PM ET,0.0,KC,,,,,,,,
84,Colt McCoy,QB,5000,Was@NYJ 01:00PM ET,0.0,Was,,,,,,,,
85,Colin Kaepernick,QB,5000,Bal@SF 04:25PM ET,16.472,SF,15.5,12.54,17.65,14.54,18.078,18.894,16.7836,25.6
86,Scott Tolzien,QB,5000,SD@GB 04:25PM ET,0.0,GB,,,,,,,1.0002,
87,Thaddeus Lewis,QB,5000,NYG@Phi 08:30PM ET,0.0,Phi,,,,,,,,
88,Jimmy Clausen,QB,5000,Chi@Det 01:00PM ET,3.58,Chi,,,,,,,,
89,Ryan Mallett,QB,5000,Hou@Jax 01:00PM ET,9.58,Hou,,11.26,,12.26,,14.894,,
90,Austin Davis,QB,5000,Den@Cle 01:00PM ET,0.0,Cle,,,,,,,,
91,Landry Jones,QB,5000,Ari@Pit 01:00PM ET,0.0,Pit,,,,,,,,14.62
92,Travis Kelce,TE,5000,KC@Min 01:00PM ET,14.56,KC,18.0,16.4,12.17,15.2,12.14,12.06,12.72,13.8
93,Robert Griffin III,QB,5000,Was@NYJ 01:00PM ET,0.0,Was,,,,,,,,
94,EJ Manuel,QB,5000,Cin@Buf 01:00PM ET,-0.1,Buf,13.8,,12.58,,13.836,12.914,15.872,21.72
95,Blaine Gabbert,QB,5000,Bal@SF 04:25PM ET,0.0,SF,,,,,,,,
96,Andre Ellington,RB,5000,Ari@Pit 01:00PM ET,12.95,Ari,4.5,15.9,11.0,16.6,8.49,7.8,8.2168,7.4
97,Travis Benjamin,WR,5000,Den@Cle 01:00PM ET,19.02,Cle,17.5,17.2,9.9,15.7,10.5,10.87,11.209,23.7
98,Ryan Nassib,QB,5000,NYG@Phi 08:30PM ET,0.0,NYG,,,,,,,,
99,Matt Barkley,QB,5000,Ari@Pit 01:00PM ET,0.0,Ari,,,,,,,,
100,Zach Mettenberger,QB,5000,Mia@Ten 01:00PM ET,-0.5,Ten,,,,,,,1.1584,2.92
101,Aaron Murray,QB,5000,KC@Min 01:00PM ET,0.0,KC,,,,,,,,
102,Brock Osweiler,QB,5000,Den@Cle 01:00PM ET,0.0,Den,,,,,,,,
103,Bryce Petty,QB,5000,Was@NYJ 01:00PM ET,0.0,NYJ,,,,,,,,
104,AJ McCarron,QB,5000,Cin@Buf 01:00PM ET,0.0,Cin,,,,,,,,
105,David Fales,QB,5000,Chi@Det 01:00PM ET,0.0,Chi,,,,,,,,
106,Geno Smith,QB,5000,Was@NYJ 01:00PM ET,0.0,NYJ,,,,,,,1.1616,
107,Allen Hurns,WR,5000,Hou@Jax 01:00PM ET,18.6,Jax,18.5,18.8,13.25,17.4,11.46,12.75,11.86,11.0
108,Trevor Siemian,QB,5000,Den@Cle 01:00PM ET,0.0,Den,,,,,,,,
109,Jimmy Garoppolo,QB,5000,NE@Ind 08:30PM ET,-0.2,NE,,,,,,,,
110,Brett Hundley,QB,5000,SD@GB 04:25PM ET,0.0,GB,,,,,,,,
111,Johnny Manziel,QB,5000,Den@Cle 01:00PM ET,13.38,Cle,,,,,,,2.9512,
112,Taylor Heinicke,QB,5000,KC@Min 01:00PM ET,0.0,Min,,,,,,,,
113,Donte Moncrief,WR,5000,NE@Ind 08:30PM ET,14.56,Ind,11.5,15.7,9.47,15.0,13.24,9.54,10.664,
114,Frank Gore,RB,4900,NE@Ind 08:30PM ET,12.42,Ind,14.0,13.9,11.34,14.7,13.82,11.56,12.731,
115,Eric Decker,WR,4900,Was@NYJ 01:00PM ET,16.667,NYJ,19.0,20.2,14.88,18.1,11.27,12.49,10.428,
116,Tyler Eifert,TE,4900,Cin@Buf 01:00PM ET,17.64,Cin,18.0,20.6,14.45,19.3,12.91,9.69,10.202,13.0
117,Martellus Bennett,TE,4800,Chi@Det 01:00PM ET,12.66,Chi,16.0,19.4,12.25,18.7,12.51,14.14,13.494,11.9
118,Thomas Rawls,RB,4800,Car@Sea 04:05PM ET,9.1,Sea,3.5,4.0,8.92,3.9,2.9,2.01,8.967,
119,T.J. Yeldon,RB,4800,Hou@Jax 01:00PM ET,12.08,Jax,7.5,14.7,11.07,16.2,,12.7,6.318,
120,Danny Woodhead,RB,4700,SD@GB 04:25PM ET,15.06,SD,17.5,13.5,10.17,13.0,12.88,9.63,14.466,12.1
121,Antonio Gates,TE,4600,SD@GB 04:25PM ET,30.2,SD,18.0,11.8,11.95,11.9,12.78,11.79,11.445,18.5
122,Chris Johnson,RB,4600,Ari@Pit 01:00PM ET,13.52,Ari,14.5,6.8,13.18,7.5,9.8,12.23,12.986,5.5
123,Ronnie Hillman,RB,4600,Den@Cle 01:00PM ET,8.1,Den,7.5,16.0,8.47,15.6,10.92,9.17,9.07,17.5
124,Carlos Hyde,RB,4600,Bal@SF 04:25PM ET,14.46,SF,15.0,12.0,13.04,12.3,14.31,14.55,14.58,8.0
125,Giovani Bernard,RB,4600,Cin@Buf 01:00PM ET,14.66,Cin,12.0,16.6,13.99,16.8,14.14,17.7,12.864,14.3
126,Melvin Gordon,RB,4600,SD@GB 04:25PM ET,9.32,SD,7.0,13.3,11.28,12.5,10.88,13.63,12.048,1.9
127,Victor Cruz,WR,4500,NYG@Phi 08:30PM ET,0.0,NYG,,,,,,,,
128,Mike Wallace,WR,4500,KC@Min 01:00PM ET,12.325,Min,18.5,19.2,12.7,17.7,11.14,11.99,9.637,
129,Knile Davis,RB,4500,KC@Min 01:00PM ET,2.18,KC,4.0,12.1,7.64,12.8,5.99,5.88,5.677,3.5
130,C.J. Anderson,RB,4500,Den@Cle 01:00PM ET,6.08,Den,13.5,5.1,10.06,5.2,11.34,12.17,9.3774,10.6
131,Breshad Perriman,WR,4500,Bal@SF 04:25PM ET,0.0,Bal,,,,,,,,
132,Duke Johnson Jr.,RB,4500,Den@Cle 01:00PM ET,11.26,Cle,8.5,9.0,9.54,9.0,11.62,9.82,9.114,8.6
133,Gary Barnidge,TE,4400,Den@Cle 01:00PM ET,17.08,Cle,10.5,19.0,10.04,19.5,9.09,9.22,8.937,18.9
134,LeGarrette Blount,RB,4400,NE@Ind 08:30PM ET,12.0,NE,11.5,11.4,12.51,12.2,11.3,11.74,11.893,23.4
135,Rueben Randle,WR,4400,NYG@Phi 08:30PM ET,11.14,NYG,9.5,16.2,9.98,15.1,11.57,12.34,4.142,9.4
136,Jordan Reed,TE,4400,Was@NYJ 01:00PM ET,14.2,Was,,,,,,,,
137,Andre Johnson,WR,4300,NE@Ind 08:30PM ET,7.56,Ind,4.5,5.0,11.63,4.5,10.07,10.82,9.017,
138,Anquan Boldin,WR,4300,Bal@SF 04:25PM ET,12.22,SF,21.0,17.6,12.28,16.8,12.91,14.61,11.672,18.2
139,Rashad Jennings,RB,4300,NYG@Phi 08:30PM ET,10.44,NYG,7.5,11.0,10.99,11.0,9.19,9.67,12.549,10.3
140,Kamar Aiken,WR,4300,Bal@SF 04:25PM ET,8.86,Bal,13.0,0.6,11.12,3.3,13.05,11.78,11.188,11.2
141,Charles Clay,TE,4300,Cin@Buf 01:00PM ET,12.64,Buf,16.0,14.0,8.42,15.0,9.63,9.61,9.793,15.2
142,Lamar Miller,RB,4300,Mia@Ten 01:00PM ET,7.95,Mia,7.0,7.9,10.28,8.8,13.55,16.25,13.13,
143,Javorius Allen,RB,4300,Bal@SF 04:25PM ET,3.0,Bal,4.0,4.0,7.63,5.0,9.82,5.37,4.859,
144,Davante Adams,WR,4300,SD@GB 04:25PM ET,6.067,GB,,14.6,8.2,14.3,,,5.04,
145,Torrey Smith,WR,4200,Bal@SF 04:25PM ET,8.94,SF,8.0,6.2,9.22,5.1,8.88,10.26,9.168,18.6
146,Shane Vereen,RB,4200,NYG@Phi 08:30PM ET,11.38,NYG,16.5,14.0,9.95,14.2,9.6,9.05,7.775,1.6
147,David Johnson,RB,4200,Ari@Pit 01:00PM ET,13.36,Ari,11.5,7.1,8.21,7.3,5.55,4.94,6.8242,2.7
148,Rishard Matthews,WR,4200,Mia@Ten 01:00PM ET,17.2,Mia,13.0,15.4,8.37,14.7,9.26,11.47,7.253,
149,Isaiah Crowell,RB,4200,Den@Cle 01:00PM ET,10.86,Cle,6.5,12.3,10.05,12.5,7.04,7.44,11.805,6.1
150,Doug Baldwin,WR,4100,Car@Sea 04:05PM ET,12.36,Sea,9.0,8.5,11.22,8.3,10.19,10.45,7.825,5.3
151,DeAngelo Williams,RB,4000,Ari@Pit 01:00PM ET,10.22,Pit,1.5,3.1,2.39,3.8,2.52,2.5,4.363,
152,Percy Harvin,WR,4000,Cin@Buf 01:00PM ET,9.98,Buf,8.0,10.8,8.29,9.8,9.72,10.43,8.1764,
153,Julius Thomas,TE,4000,Hou@Jax 01:00PM ET,4.0,Jax,8.0,15.8,12.34,15.9,10.32,7.51,7.459,20.8
154,Marquess Wilson,WR,4000,Chi@Det 01:00PM ET,8.88,Chi,5.0,4.2,7.75,4.1,4.48,8.8,9.697,7.4
155,Ameer Abdullah,RB,4000,Chi@Det 01:00PM ET,8.66,Det,9.5,5.0,12.42,4.9,10.2,9.33,12.9544,9.9
156,Martavis Bryant,WR,4000,Ari@Pit 01:00PM ET,0.0,Pit,6.0,8.2,7.13,7.2,8.95,7.07,9.959,35.5
157,Charcandrick West,RB,4000,KC@Min 01:00PM ET,1.54,KC,12.5,5.6,10.32,5.7,12.2,10.31,12.234,3.9
158,Jonathan Stewart,RB,3900,Car@Sea 04:05PM ET,7.3,Car,7.0,,8.68,,9.48,10.72,9.522,
159,Lorenzo Taliaferro,RB,3900,Bal@SF 04:25PM ET,6.2,Bal,,,,,,,,
160,Seahawks ,DST,3800,Car@Sea 04:05PM ET,12.8,Sea,,,,,,,,
161,Darren Sproles,RB,3800,NYG@Phi 08:30PM ET,10.3,Phi,6.0,11.4,9.98,12.3,8.44,7.98,10.943,1.7
162,Stevie Johnson,WR,3800,SD@GB 04:25PM ET,12.625,SD,2.0,5.8,9.39,5.9,,,8.1374,
163,Alfred Blue,RB,3800,Hou@Jax 01:00PM ET,7.36,Hou,,3.5,7.85,4.0,,,5.371,
164,Bishop Sankey,RB,3800,Mia@Ten 01:00PM ET,10.05,Ten,6.0,5.5,9.09,5.7,7.07,9.28,10.704,3.0
165,Broncos ,DST,3700,Den@Cle 01:00PM ET,17.2,Den,,,,,,,,
166,Cardinals ,DST,3600,Ari@Pit 01:00PM ET,13.2,Ari,,,,,,,,
167,Delanie Walker,TE,3600,Mia@Ten 01:00PM ET,11.567,Ten,16.0,18.6,7.8,17.3,9.77,9.67,7.485,17.7
168,Eddie Royal,WR,3600,Chi@Det 01:00PM ET,9.0,Chi,8.0,13.4,8.33,12.7,9.87,14.28,7.887,9.9
169,Alfred Morris,RB,3600,Was@NYJ 01:00PM ET,7.24,Was,12.0,5.1,7.49,5.6,8.09,2.57,10.269,4.2
170,Daniel Herron,RB,3600,Cin@Buf 01:00PM ET,2.8,Buf,4.0,3.1,6.61,3.4,4.85,7.67,4.15,
171,Jermaine Kearse,WR,3600,Car@Sea 04:05PM ET,10.28,Sea,7.5,10.0,7.73,9.1,9.24,8.13,7.327,
172,Jamison Crowder,WR,3600,Was@NYJ 01:00PM ET,9.12,Was,7.0,10.5,7.52,10.4,10.47,10.83,8.1984,8.0
173,Nelson Agholor,WR,3600,NYG@Phi 08:30PM ET,3.5,Phi,,5.0,6.26,,,,7.155,
174,Matt Jones,RB,3600,Was@NYJ 01:00PM ET,9.8,Was,7.0,11.0,6.74,13.1,5.67,6.53,9.513,
175,Reggie Bush,RB,3500,Bal@SF 04:25PM ET,0.767,SF,,4.3,,6.9,,3.88,3.516,
176,Darrius Heyward-Bey,WR,3500,Ari@Pit 01:00PM ET,9.98,Pit,2.0,9.4,5.1,8.7,2.57,2.69,,
177,Bilal Powell,RB,3500,Was@NYJ 01:00PM ET,8.975,NYJ,5.5,6.6,10.96,6.8,7.69,4.42,6.6728,
178,Ryan Mathews,RB,3500,NYG@Phi 08:30PM ET,10.84,Phi,4.5,9.3,12.12,8.7,4.65,4.38,8.554,5.6
179,Marvin Jones,WR,3500,Cin@Buf 01:00PM ET,10.1,Cin,10.5,8.2,8.69,7.1,9.4,9.6,9.219,24.5
180,Kyle Juszczyk,RB,3500,Bal@SF 04:25PM ET,4.86,Bal,,,3.45,,3.54,3.83,1.183,4.2
181,Ty Montgomery,WR,3500,SD@GB 04:25PM ET,7.7,GB,7.0,11.6,9.38,10.8,9.52,10.98,4.81,3.5
182,Stefon Diggs,WR,3500,KC@Min 01:00PM ET,14.7,Min,8.0,7.0,3.6,6.5,1.22,6.98,,
183,Ravens ,DST,3400,Bal@SF 04:25PM ET,6.8,Bal,,,,,,,,
184,Ted Ginn Jr.,WR,3400,Car@Sea 04:05PM ET,12.65,Car,9.5,8.8,10.7,7.4,9.21,7.29,12.033,
185,Malcom Floyd,WR,3400,SD@GB 04:25PM ET,7.7,SD,8.0,8.6,6.17,7.3,8.54,11.86,7.183,14.5
186,Danny Amendola,WR,3400,NE@Ind 08:30PM ET,6.525,NE,7.0,7.6,10.34,7.8,7.87,10.97,3.808,20.5
187,Joique Bell,RB,3400,Chi@Det 01:00PM ET,5.767,Det,3.5,5.2,6.01,6.2,7.15,8.47,5.4344,
188,Antonio Andrews,RB,3400,Mia@Ten 01:00PM ET,13.75,Ten,13.0,12.6,7.52,13.2,8.06,3.0,6.1764,3.5
189,James Starks,RB,3300,SD@GB 04:25PM ET,6.68,GB,4.5,2.4,8.08,2.9,7.07,9.57,7.7802,27.7
190,Boobie Dixon,RB,3300,Cin@Buf 01:00PM ET,3.38,Buf,,,,,3.93,6.28,,
191,Charles Johnson,WR,3300,KC@Min 01:00PM ET,3.533,Min,4.5,6.9,6.13,6.5,8.48,0.53,5.448,
192,Dontrelle Inman,WR,3300,SD@GB 04:25PM ET,2.95,SD,,1.6,,1.8,5.91,1.68,3.676,10.8
193,Markus Wheaton,WR,3300,Ari@Pit 01:00PM ET,7.96,Pit,7.0,3.7,4.84,2.9,4.77,9.72,7.795,1.8
194,Theo Riddick,RB,3300,Chi@Det 01:00PM ET,12.96,Det,,5.5,6.08,5.8,9.65,6.34,5.006,10.8
195,Chris Thompson,RB,3300,Was@NYJ 01:00PM ET,9.24,Was,7.5,3.0,7.01,3.9,8.21,7.38,3.591,9.8
196,Chris Hogan,WR,3300,Cin@Buf 01:00PM ET,7.792,Buf,5.0,2.8,5.1,2.4,2.7,3.0,1.065,5.1
197,Terrance West,RB,3300,Mia@Ten 01:00PM ET,1.55,Ten,,1.1,,1.0,,0.13,1.311,
198,Eric Ebron,TE,3300,Chi@Det 01:00PM ET,11.225,Det,,,,,,,8.879,
199,Bills ,DST,3200,Cin@Buf 01:00PM ET,7.4,Buf,,,,,,,,
200,Packers ,DST,3200,SD@GB 04:25PM ET,11.4,GB,,,,,,,,
201,Miles Austin,WR,3200,NYG@Phi 08:30PM ET,3.46,Phi,2.0,3.2,5.01,2.6,4.39,0.59,3.507,9.0
202,Ladarius Green,TE,3200,SD@GB 04:25PM ET,13.35,SD,8.5,14.0,6.79,13.0,7.22,5.15,4.087,12.5
203,Mohamed Sanu,WR,3200,Cin@Buf 01:00PM ET,7.52,Cin,6.5,10.3,7.13,10.3,7.22,5.97,5.699,5.8
204,Joshua Bellamy,WR,3200,Chi@Det 01:00PM ET,4.18,Chi,,,,,,3.97,2.811,
205,Keith Mumphery,WR,3200,Hou@Jax 01:00PM ET,4.04,Hou,,3.2,,3.6,6.42,2.57,4.018,
206,Cecil Shorts III,WR,3200,Hou@Jax 01:00PM ET,12.65,Hou,8.0,9.4,7.92,8.7,8.9,9.43,10.8992,
207,Tyler Lockett,WR,3200,Car@Sea 04:05PM ET,7.38,Sea,6.0,3.5,6.08,3.8,8.0,6.65,4.187,
208,Patriots ,DST,3100,NE@Ind 08:30PM ET,9.25,NE,,,,,,,,
209,Jets ,DST,3100,Was@NYJ 01:00PM ET,10.5,NYJ,,,,,,,,
210,Heath Miller,TE,3100,Ari@Pit 01:00PM ET,8.06,Pit,6.0,10.8,5.87,11.4,6.85,9.71,8.477,1.5
211,Nate Washington,WR,3100,Hou@Jax 01:00PM ET,9.25,Hou,,,8.09,,,,8.1828,
212,Dwayne Harris,WR,3100,NYG@Phi 08:30PM ET,6.08,NYG,5.0,7.2,4.57,6.6,8.46,11.87,,3.8
213,Riley Cooper,WR,3100,NYG@Phi 08:30PM ET,5.38,Phi,5.0,3.2,5.0,2.6,6.51,12.19,6.025,16.6
214,Brenton Bersin,WR,3100,Car@Sea 04:05PM ET,5.85,Car,,,,,,,,
215,Zac Stacy,RB,3100,Was@NYJ 01:00PM ET,4.2,NYJ,,0.9,3.84,0.7,2.75,0.56,4.457,
216,Josh Huff,WR,3100,NYG@Phi 08:30PM ET,6.425,Phi,8.5,6.6,4.48,6.3,4.05,3.17,4.4524,4.9
217,Richard Rodgers,TE,3100,SD@GB 04:25PM ET,9.92,GB,8.0,15.8,7.75,14.9,9.93,8.44,7.348,5.4
218,Dorial Green-Beckham,WR,3100,Mia@Ten 01:00PM ET,4.625,Ten,4.5,5.6,7.09,4.8,3.0,3.2,3.874,8.7
219,Taylor Gabriel,WR,3100,Den@Cle 01:00PM ET,6.04,Cle,4.0,3.6,5.45,3.8,4.79,7.09,4.673,1.5
220,Texans ,DST,3000,Hou@Jax 01:00PM ET,2.4,Hou,,,,,,,,
221,Bengals ,DST,3000,Cin@Buf 01:00PM ET,7.6,Cin,,,,,,,,
222,Panthers ,DST,3000,Car@Sea 04:05PM ET,12.0,Car,,,,,,,,
223,Greg Jennings,WR,3000,Mia@Ten 01:00PM ET,3.1,Mia,2.5,6.8,3.55,7.4,4.11,8.58,5.179,
224,Lance Moore,WR,3000,Chi@Det 01:00PM ET,6.24,Det,5.0,1.6,5.02,1.8,7.05,8.81,5.601,24.6
225,Jason Avant,WR,3000,KC@Min 01:00PM ET,2.22,KC,2.0,5.0,4.88,5.5,1.17,0.62,3.522,1.4
226,Vernon Davis,TE,3000,Bal@SF 04:25PM ET,6.3,SF,4.0,6.8,7.52,6.4,8.28,5.12,5.514,
227,Andre Caldwell,WR,3000,Den@Cle 01:00PM ET,0.78,Den,2.5,5.6,2.85,5.8,,0.11,2.205,3.8
228,Dwayne Bowe,WR,3000,Den@Cle 01:00PM ET,0.0,Cle,,1.4,,1.7,,0.86,3.048,
229,Harry Douglas,WR,3000,Mia@Ten 01:00PM ET,5.1,Ten,6.0,9.4,5.75,8.7,5.82,10.22,5.39,2.1
230,Matthew Slater,WR,3000,NE@Ind 08:30PM ET,0.0,NE,,,,,,0.3,,
231,Jerricho Cotchery,WR,3000,Car@Sea 04:05PM ET,8.3,Car,4.0,4.2,7.66,4.1,6.87,8.62,4.7142,
232,Jerome Felton,RB,3000,Cin@Buf 01:00PM ET,0.04,Buf,,,1.02,,,,3.0924,
233,Cedric Peerman,RB,3000,Cin@Buf 01:00PM ET,0.0,Cin,,,,,,0.36,1.606,
234,Mike Tolbert,RB,3000,Car@Sea 04:05PM ET,4.1,Car,4.5,4.0,4.69,4.6,5.46,2.9,1.877,
235,Andrew Hawkins,WR,3000,Den@Cle 01:00PM ET,7.02,Cle,8.0,7.9,6.31,7.0,7.09,11.06,5.149,3.5
236,John Kuhn,RB,3000,SD@GB 04:25PM ET,1.64,GB,,0.5,3.3,0.4,1.74,1.25,1.723,4.0
237,Seyi Ajirotutu,WR,3000,NYG@Phi 08:30PM ET,0.0,Phi,,,,,,,,
238,Marlon Moore,WR,3000,Den@Cle 01:00PM ET,0.5,Cle,,,,,,,1.171,
239,Brandon Tate,WR,3000,Cin@Buf 01:00PM ET,2.5,Cin,,,,,,0.71,4.38,
240,Darrel Young,RB,3000,Was@NYJ 01:00PM ET,0.24,Was,,,2.16,,,,1.9546,1.8
241,Brian Hartline,WR,3000,Den@Cle 01:00PM ET,4.36,Cle,6.0,5.4,7.01,5.7,5.1,6.12,6.384,
242,Donald Brown,RB,3000,SD@GB 04:25PM ET,0.0,SD,,,,,,,,
243,Jordan Norwood,WR,3000,Den@Cle 01:00PM ET,3.62,Den,,3.8,3.93,3.9,5.63,8.25,4.254,0.9
244,Shaun Draughn,RB,3000,Den@Cle 01:00PM ET,0.775,Cle,,,2.35,,,0.44,,
245,Bruce Miller,RB,3000,Bal@SF 04:25PM ET,1.2,SF,,,3.27,,,0.34,,11.9
246,Marc Mariani,WR,3000,Chi@Det 01:00PM ET,0.0,Chi,,,,,,0.01,,
247,Bryan Walters,WR,3000,Hou@Jax 01:00PM ET,5.9,Jax,2.5,,,,6.5,8.11,1.123,16.7
248,Andre Roberts,WR,3000,Was@NYJ 01:00PM ET,2.6,Was,,5.7,,4.9,,4.84,,1.6
249,Jacoby Jones,WR,3000,SD@GB 04:25PM ET,0.0,SD,,6.6,,6.4,,3.3,,
250,Fred Jackson,RB,3000,Car@Sea 04:05PM ET,6.1,Sea,,2.6,,2.7,4.11,,7.524,2.7
251,Jeremy Ross,WR,3000,Bal@SF 04:25PM ET,4.4,Bal,,,,,,,1.103,
252,Toby Gerhart,RB,3000,Hou@Jax 01:00PM ET,0.333,Jax,4.0,3.5,6.85,3.7,9.82,3.15,7.992,7.9
253,Dexter McCluster,RB,3000,Mia@Ten 01:00PM ET,6.3,Ten,3.5,8.6,6.6,10.0,6.64,12.25,6.352,13.2
254,Fozzy Whittaker,RB,3000,Car@Sea 04:05PM ET,1.8,Car,,5.5,,6.2,1.9,0.07,1.739,
255,Marcus Easley,WR,3000,Cin@Buf 01:00PM ET,0.0,Buf,,,,,,,,
256,Matt Asiata,RB,3000,KC@Min 01:00PM ET,2.45,Min,,3.3,,3.6,2.28,1.53,2.643,
257,Denarius Moore,WR,3000,Cin@Buf 01:00PM ET,-1.0,Buf,,,,,,,,
258,Jordan Cameron,TE,3000,Mia@Ten 01:00PM ET,7.25,Mia,15.5,12.2,6.43,11.1,9.06,10.8,8.767,
259,Coby Fleener,TE,3000,NE@Ind 08:30PM ET,7.76,Ind,4.5,5.8,7.54,5.9,7.34,8.73,7.682,
260,Greg Little,WR,3000,Cin@Buf 01:00PM ET,0.0,Cin,,,,,,0.01,,
261,Jeremy Kerley,WR,3000,Was@NYJ 01:00PM ET,3.825,NYJ,,8.8,6.98,8.5,,0.43,2.913,
262,Anthony Sherman,RB,3000,KC@Min 01:00PM ET,0.2,KC,,,1.99,,,1.48,1.398,2.3
263,Will Tukuafu,RB,3000,Car@Sea 04:05PM ET,0.0,Sea,,,,,,,,
264,Robert Turbin,RB,3000,Den@Cle 01:00PM ET,0.0,Cle,,1.0,,0.7,2.42,,1.073,2.7
265,Will Johnson,RB,3000,Ari@Pit 01:00PM ET,1.34,Pit,,,2.61,,,,1.497,
266,Michael Floyd,WR,3000,Ari@Pit 01:00PM ET,3.68,Ari,6.5,8.0,9.19,8.0,9.21,8.43,4.556,16.0
267,Chris Polk,RB,3000,Hou@Jax 01:00PM ET,5.9,Hou,4.0,4.8,,5.7,3.49,4.23,4.154,
268,Jacquizz Rodgers,RB,3000,Chi@Det 01:00PM ET,1.22,Chi,,,,,,,,
269,Jarryd Hayne,RB,3000,Bal@SF 04:25PM ET,0.64,SF,2.5,0.5,3.96,0.5,,1.83,1.353,
270,Kenjon Barner,RB,3000,NYG@Phi 08:30PM ET,0.0,Phi,,,,,,0.03,,
271,Zach Line,RB,3000,KC@Min 01:00PM ET,3.05,Min,,,2.42,,,0.04,,
272,Chris Owusu,WR,3000,Was@NYJ 01:00PM ET,4.75,NYJ,,,,,,6.94,3.808,
273,Griff Whalen,WR,3000,NE@Ind 08:30PM ET,0.52,Ind,,,,,,0.37,1.122,
274,Derrick Coleman,RB,3000,Car@Sea 04:05PM ET,0.24,Sea,,,1.27,,,,,
275,Jonathan Grimes,RB,3000,Hou@Jax 01:00PM ET,7.5,Hou,,0.8,,0.6,3.03,2.37,2.7782,
276,Frankie Hammond Jr.,WR,3000,KC@Min 01:00PM ET,0.0,KC,,,,,,,,
277,Jaron Brown,WR,3000,Ari@Pit 01:00PM ET,2.96,Ari,,,5.07,,,4.16,1.16,
278,Chris Givens,WR,3000,Bal@SF 04:25PM ET,1.025,Bal,,7.4,4.38,6.7,6.69,0.57,,3.8
279,Keshawn Martin,WR,3000,NE@Ind 08:30PM ET,8.3,NE,,,,,6.94,8.61,,4.9
280,Myles White,WR,3000,NYG@Phi 08:30PM ET,0.0,NYG,,,,,,,,
281,B.J. Daniels,WR,3000,Car@Sea 04:05PM ET,1.1,Sea,,,,,,,,
282,Jordan Todman,RB,3000,Ari@Pit 01:00PM ET,0.22,Pit,,,,,,,,
283,Jarius Wright,WR,3000,KC@Min 01:00PM ET,3.775,Min,,7.4,6.03,7.0,6.12,4.13,3.521,
284,Brandon Bolden,RB,3000,NE@Ind 08:30PM ET,0.9,NE,,2.7,,3.2,,,1.563,
285,Jonas Gray,RB,3000,Mia@Ten 01:00PM ET,2.45,Mia,,3.0,5.66,2.8,1.76,,,
286,Kyle Rudolph,TE,3000,KC@Min 01:00PM ET,7.6,Min,8.0,11.6,8.57,11.8,9.76,9.22,8.332,
287,Zurlon Tipton,RB,3000,NE@Ind 08:30PM ET,0.45,Ind,,,,,,,,
288,Tommy Bohanon,RB,3000,Was@NYJ 01:00PM ET,0.05,NYJ,,,1.68,,,0.21,,
289,Ryan Grant,WR,3000,Was@NYJ 01:00PM ET,4.76,Was,4.0,,4.29,1.7,7.89,7.64,3.302,4.2
290,Rex Burkhead,RB,3000,Cin@Buf 01:00PM ET,1.54,Cin,,,,,1.09,1.0,,
291,Nikita Whitlock,RB,3000,NYG@Phi 08:30PM ET,0.0,NYG,,,,,,,,
292,Stepfan Taylor,RB,3000,Ari@Pit 01:00PM ET,0.5,Ari,,2.1,,2.5,,0.04,2.347,
293,Tony Washington,WR,3000,Hou@Jax 01:00PM ET,0.267,Jax,,,,,,,,
294,Branden Oliver,RB,3000,SD@GB 04:25PM ET,1.18,SD,,3.0,2.04,3.1,,0.38,2.14,10.3
295,Dri Archer,WR,3000,Ari@Pit 01:00PM ET,0.0,Pit,,4.3,,5.0,,0.01,1.583,
296,Marquise Goodwin,WR,3000,Cin@Buf 01:00PM ET,4.4,Buf,,,,,,0.25,1.094,
297,Brandon Wegher,RB,3000,Car@Sea 04:05PM ET,0.0,Car,,,,,,,,
298,Kevin Norwood,WR,3000,Car@Sea 04:05PM ET,0.0,Car,,,,,,0.48,,
299,Cierre Wood,RB,3000,Cin@Buf 01:00PM ET,0.35,Buf,,,,,,,,
300,Ricardo Lockette,WR,3000,Car@Sea 04:05PM ET,0.66,Sea,,3.3,,2.7,,0.32,3.847,12.3
301,Denard Robinson,RB,3000,Hou@Jax 01:00PM ET,3.7,Jax,3.5,5.4,9.88,5.5,8.84,,5.761,6.8
302,Bennie Fowler,WR,3000,Den@Cle 01:00PM ET,3.54,Den,,,2.89,,3.28,1.66,4.327,
303,Jared Abbrederis,WR,3000,SD@GB 04:25PM ET,0.0,GB,,,,,,,,
304,Marlon Brown,WR,3000,Bal@SF 04:25PM ET,3.3,Bal,7.0,7.0,5.91,6.5,8.56,8.19,5.748,1.9
305,Chris Matthews,WR,3000,Car@Sea 04:05PM ET,1.44,Sea,,2.6,4.4,3.3,1.37,2.53,2.838,2.2
306,Aaron Dobson,WR,3000,NE@Ind 08:30PM ET,6.367,NE,2.0,5.0,3.81,4.5,1.21,2.31,1.772,
307,Bernard Pierce,RB,3000,Hou@Jax 01:00PM ET,0.96,Jax,,,,,,,,
308,Quincy Enunwa,WR,3000,Was@NYJ 01:00PM ET,3.425,NYJ,,,,,3.05,0.02,,
309,Justin Hunter,WR,3000,Mia@Ten 01:00PM ET,4.8,Ten,4.5,5.4,4.55,4.7,7.76,6.98,7.42,8.4
310,Kenny Stills,WR,3000,Mia@Ten 01:00PM ET,6.025,Mia,4.5,7.6,5.38,6.8,6.41,3.75,6.191,
311,Jay Prosch,RB,3000,Hou@Jax 01:00PM ET,0.56,Hou,,,1.08,,,0.04,2.447,
312,Jalston Fowler,RB,3000,Mia@Ten 01:00PM ET,2.525,Ten,,,1.91,,,0.03,,
313,TJ Jones,WR,3000,Chi@Det 01:00PM ET,0.7,Det,,,,,,0.47,,
314,Orleans Darkwa,RB,3000,NYG@Phi 08:30PM ET,0.0,NYG,,,,,,0.08,,
315,Roosevelt Nix,RB,3000,Ari@Pit 01:00PM ET,0.0,Pit,,,,,,,,
316,Andre Williams,RB,3000,NYG@Phi 08:30PM ET,4.02,NYG,2.5,3.3,5.24,3.9,4.22,6.49,5.28,0.6
317,Rod Smith,RB,3000,Car@Sea 04:05PM ET,0.5,Sea,,,,,,,,
318,Malcolm Johnson,RB,3000,Den@Cle 01:00PM ET,0.68,Cle,,,,,,,1.376,1.0
319,Robert Woods,WR,3000,Cin@Buf 01:00PM ET,6.88,Buf,5.0,7.4,6.63,7.7,5.21,8.46,5.453,8.7
320,Juwan Thompson,RB,3000,Den@Cle 01:00PM ET,0.74,Den,,0.7,3.79,0.6,,0.22,2.154,
321,James White,RB,3000,NE@Ind 08:30PM ET,2.467,NE,,3.1,,3.0,,1.05,2.009,
322,Michael Burton,RB,3000,Chi@Det 01:00PM ET,0.62,Det,,,,,,,1.873,
323,Albert Wilson,WR,3000,KC@Min 01:00PM ET,1.833,KC,2.0,1.8,5.05,1.9,4.15,3.57,5.806,14.7
324,Corey Grant,RB,3000,Hou@Jax 01:00PM ET,0.48,Jax,,,,,2.06,,,
325,DeAndrew White,WR,3000,Bal@SF 04:25PM ET,1.9,SF,,,,,,,,
326,Matt Hazel,WR,3000,Mia@Ten 01:00PM ET,0.0,Mia,,,,,,,,
327,Jeremy Langford,RB,3000,Chi@Det 01:00PM ET,2.16,Chi,2.5,5.1,4.53,5.7,3.07,3.53,4.94,9.7
328,J.J. Nelson,WR,3000,Ari@Pit 01:00PM ET,-0.5,Ari,,1.8,,1.9,,0.25,,
329,Corey Fuller,WR,3000,Chi@Det 01:00PM ET,1.9,Det,,,4.99,,,2.41,,
330,Geremy Davis,WR,3000,NYG@Phi 08:30PM ET,0.82,NYG,,,,,1.17,2.54,,
331,Cameron Meredith,WR,3000,Chi@Det 01:00PM ET,3.95,Chi,,,7.47,,,0.44,1.055,
332,Jerick McKinnon,RB,3000,KC@Min 01:00PM ET,1.95,Min,2.5,3.1,2.75,3.3,2.85,4.12,4.2562,
333,Corey Brown,WR,3000,Car@Sea 04:05PM ET,5.125,Car,,6.0,4.04,5.2,4.11,2.73,,
334,Zach Zenner,RB,3000,Chi@Det 01:00PM ET,1.52,Det,2.5,,6.17,3.7,1.35,0.08,4.609,1.5
335,Chris Conley,WR,3000,KC@Min 01:00PM ET,2.3,KC,2.0,1.4,,1.7,3.37,3.36,2.36,4.6
336,Quinton Patton,WR,3000,Bal@SF 04:25PM ET,3.62,SF,4.0,,3.46,,3.91,4.09,,11.8
337,Sammie Coates,WR,3000,Ari@Pit 01:00PM ET,0.7,Pit,,1.6,,1.8,,,3.1276,
338,Ka'Deem Carey,RB,3000,Chi@Det 01:00PM ET,0.0,Chi,,3.0,,3.3,,0.29,2.315,
339,Phillip Dorsett,WR,3000,NE@Ind 08:30PM ET,5.26,Ind,4.5,3.4,6.01,2.7,5.5,3.14,3.533,
340,Rashad Ross,WR,3000,Was@NYJ 01:00PM ET,4.0,Was,,,,,3.07,2.12,1.177,2.6
341,Marqise Lee,WR,3000,Hou@Jax 01:00PM ET,4.1,Jax,2.0,,,,,,,
342,Darren Waller,WR,3000,Bal@SF 04:25PM ET,0.76,Bal,,,,,5.03,,,
343,DeVante Parker,WR,3000,Mia@Ten 01:00PM ET,2.225,Mia,2.0,3.0,4.38,2.5,3.34,0.62,3.468,
344,Alonzo Harris,RB,3000,SD@GB 04:25PM ET,0.567,GB,,,,,,0.03,,
345,Bruce Ellington,WR,3000,Bal@SF 04:25PM ET,2.8,SF,,2.7,2.94,2.4,2.1,2.17,,
346,Aaron Ripkowski,RB,3000,SD@GB 04:25PM ET,0.0,GB,,,,,,,,
347,Devin Smith,WR,3000,Was@NYJ 01:00PM ET,5.15,NYJ,4.0,3.4,4.12,2.7,7.57,2.66,4.063,
348,Raheem Mostert,RB,3000,Mia@Ten 01:00PM ET,0.0,Mia,,,,,,,,
349,Josh Robinson,RB,3000,NE@Ind 08:30PM ET,2.44,Ind,2.5,2.2,3.5,2.9,2.78,1.82,4.874,
350,De'Anthony Thomas,WR,3000,KC@Min 01:00PM ET,4.04,KC,4.0,7.7,4.51,9.1,5.99,7.28,6.102,0.1
351,Cody Latimer,WR,3000,Den@Cle 01:00PM ET,0.0,Den,,1.6,,1.8,,,,
352,Chandler Worthy,WR,3000,Hou@Jax 01:00PM ET,1.467,Hou,,,,,,,,
353,Brittan Golden,WR,3000,Ari@Pit 01:00PM ET,0.0,Ari,,,,,,,,
354,Wes Saxton,TE,3000,Was@NYJ 01:00PM ET,0.0,NYJ,,,,,,,,
355,Tyler Varga,RB,3000,NE@Ind 08:30PM ET,1.0,Ind,,,,,,,,
356,Cordarrelle Patterson,WR,3000,KC@Min 01:00PM ET,0.975,Min,2.5,5.9,2.97,5.5,1.22,0.05,,
357,Damien Williams,RB,3000,Mia@Ten 01:00PM ET,4.15,Mia,,2.0,4.83,2.5,4.04,5.32,3.148,
358,Mike Davis,RB,3000,Bal@SF 04:25PM ET,2.95,SF,,,4.96,,6.28,0.01,1.848,
359,Devin Funchess,WR,3000,Car@Sea 04:05PM ET,1.7,Car,4.0,5.0,5.7,4.5,3.81,6.73,3.079,
360,Cameron Artis-Payne,RB,3000,Car@Sea 04:05PM ET,1.033,Car,,1.9,,2.5,,2.34,3.7794,
361,Jaelen Strong,WR,3000,Hou@Jax 01:00PM ET,19.3,Hou,5.0,7.8,8.87,6.9,3.52,0.26,4.364,
362,Adam Thielen,WR,3000,KC@Min 01:00PM ET,4.15,Min,,,,,1.21,6.31,,
363,Mario Alford,WR,3000,Cin@Buf 01:00PM ET,0.0,Cin,,,,,,,,
364,Jeff Janis,WR,3000,SD@GB 04:25PM ET,0.0,GB,,5.4,,4.7,,2.47,,9.9
365,Titans ,DST,2900,Mia@Ten 01:00PM ET,7.25,Ten,,,,,,,,
366,Vikings ,DST,2900,KC@Min 01:00PM ET,8.75,Min,,,,,,,,
367,Giants ,DST,2900,NYG@Phi 08:30PM ET,7.4,NYG,,,,,,,,
368,Eagles ,DST,2900,NYG@Phi 08:30PM ET,9.2,Phi,,,,,,,,
369,Dwayne Allen,TE,2900,NE@Ind 08:30PM ET,4.6,Ind,14.0,5.2,7.17,4.6,6.81,6.48,5.894,
370,Zach Ertz,TE,2900,NYG@Phi 08:30PM ET,6.28,Phi,7.0,10.8,6.06,10.4,9.47,10.42,8.431,8.3
371,Chiefs ,DST,2800,KC@Min 01:00PM ET,5.0,KC,,,,,,,,
372,Dolphins ,DST,2800,Mia@Ten 01:00PM ET,3.25,Mia,,,,,,,,
373,Larry Donnell,TE,2800,NYG@Phi 08:30PM ET,9.68,NYG,14.0,17.6,7.96,16.8,10.19,8.75,9.225,5.9
374,Maxx Williams,TE,2800,Bal@SF 04:25PM ET,3.28,Bal,2.0,6.4,3.42,6.2,3.18,2.49,3.3,6.4
375,Steelers ,DST,2700,Ari@Pit 01:00PM ET,8.4,Pit,,,,,,,,
376,Jaguars ,DST,2700,Hou@Jax 01:00PM ET,3.4,Jax,,,,,,,,
377,Owen Daniels,TE,2700,Den@Cle 01:00PM ET,6.02,Den,4.5,12.0,5.61,12.0,7.72,9.49,8.082,4.4
378,Marcedes Lewis,TE,2700,Hou@Jax 01:00PM ET,1.8,Jax,2.0,6.4,4.24,6.2,3.18,4.46,3.322,1.8
379,Crockett Gillmore,TE,2700,Bal@SF 04:25PM ET,12.367,Bal,5.0,2.8,11.54,2.4,8.64,7.12,6.739,6.0
380,Chargers ,DST,2600,SD@GB 04:25PM ET,4.6,SD,,,,,,,,
381,Lions ,DST,2500,Chi@Det 01:00PM ET,8.2,Det,,,,,,,,
382,Colts ,DST,2500,NE@Ind 08:30PM ET,5.4,Ind,,,,,,,,
383,Redskins ,DST,2500,Was@NYJ 01:00PM ET,7.2,Was,,,,,,,,
384,Mike Leach,TE,2500,Ari@Pit 01:00PM ET,0.0,Ari,,,,,,,,
385,Craig Stevens,TE,2500,Mia@Ten 01:00PM ET,2.075,Ten,,,,,1.66,0.14,2.551,
386,Scott Chandler,TE,2500,NE@Ind 08:30PM ET,4.225,NE,2.0,7.2,4.45,6.6,5.29,3.8,4.109,5.9
387,Matt Spaeth,TE,2500,Ari@Pit 01:00PM ET,0.0,Pit,,,,,,,1.764,
388,Clark Harris,TE,2500,Cin@Buf 01:00PM ET,0.0,Cin,,,,,,,,
389,Anthony Fasano,TE,2500,Mia@Ten 01:00PM ET,6.45,Ten,,4.4,4.05,4.2,2.59,2.96,4.226,2.1
390,Brent Celek,TE,2500,NYG@Phi 08:30PM ET,4.6,Phi,4.0,5.2,6.01,5.6,2.7,5.58,3.836,
391,Zach Miller,TE,2500,Chi@Det 01:00PM ET,1.3,Chi,,,,1.8,1.94,0.03,,
392,Brandon Pettigrew,TE,2500,Chi@Det 01:00PM ET,2.95,Det,4.0,,4.0,,3.59,0.88,4.978,
393,Kellen Davis,TE,2500,Was@NYJ 01:00PM ET,0.0,NYJ,,,5.45,,,0.01,,
394,Darren Fells,TE,2500,Ari@Pit 01:00PM ET,6.74,Ari,5.5,2.0,7.13,2.0,4.78,7.73,5.146,1.9
395,David Johnson,TE,2500,SD@GB 04:25PM ET,0.04,SD,11.5,7.1,8.21,7.3,5.55,4.94,6.8242,2.7
396,Clay Harbor,TE,2500,Hou@Jax 01:00PM ET,4.08,Jax,,4.0,,4.0,,0.58,,
397,Ed Dickson,TE,2500,Car@Sea 04:05PM ET,3.475,Car,4.0,3.6,3.92,3.8,3.04,3.59,2.888,
398,Chase Coffman,TE,2500,Mia@Ten 01:00PM ET,8.2,Ten,,,,,,,,
399,Garrett Graham,TE,2500,Hou@Jax 01:00PM ET,2.6,Hou,4.0,5.6,4.74,5.8,3.92,3.99,5.842,
400,Richie Brockel,TE,2500,Car@Sea 04:05PM ET,0.0,Car,,,,,,,,
401,Anthony McCoy,TE,2500,Was@NYJ 01:00PM ET,0.0,Was,,,,,1.93,0.18,,
402,Jim Dray,TE,2500,Den@Cle 01:00PM ET,0.8,Cle,,,3.97,,,0.65,,
403,Virgil Green,TE,2500,Den@Cle 01:00PM ET,2.56,Den,2.0,4.2,5.43,4.1,1.63,2.48,3.133,
404,John Phillips,TE,2500,SD@GB 04:25PM ET,2.92,SD,,,,,,0.01,,
405,Rob Housler,TE,2500,Den@Cle 01:00PM ET,0.32,Cle,,1.4,3.97,1.7,,0.18,1.746,
406,Kyle Nelson,TE,2500,Bal@SF 04:25PM ET,0.0,SF,,,,,,,,
407,Matthew Mulligan,TE,2500,Cin@Buf 01:00PM ET,0.24,Buf,,,,,,,,
408,Jermaine Gresham,TE,2500,Ari@Pit 01:00PM ET,2.02,Ari,,4.0,3.97,4.0,4.05,3.48,2.954,
409,Jeff Cumberland,TE,2500,Was@NYJ 01:00PM ET,1.0,NYJ,1.5,5.6,,5.8,3.88,5.4,3.403,
410,Rhett Ellison,TE,2500,KC@Min 01:00PM ET,0.325,Min,,,3.49,,,2.12,2.473,
411,Garrett Celek,TE,2500,Bal@SF 04:25PM ET,6.62,SF,4.0,2.6,5.52,3.3,2.93,3.43,,
412,Jake Stoneburner,TE,2500,Mia@Ten 01:00PM ET,7.233,Mia,,1.2,5.51,1.6,,,,
413,Beau Brinkley,TE,2500,Mia@Ten 01:00PM ET,0.0,Ten,,,,,,,,
414,Kevin McDermott,TE,2500,KC@Min 01:00PM ET,0.0,Min,,,,,,,,
415,Tim Wright,TE,2500,Chi@Det 01:00PM ET,1.95,Det,2.0,,,,,1.68,,
416,Michael Williams,TE,2500,NE@Ind 08:30PM ET,0.625,NE,,,,,,0.01,,
417,Chris Gragg,TE,2500,Cin@Buf 01:00PM ET,1.25,Buf,,,,,,0.03,2.609,10.4
418,Luke Willson,TE,2500,Car@Sea 04:05PM ET,3.2,Sea,4.0,3.0,4.28,3.5,3.36,3.14,3.186,2.6
419,James Winchester,TE,2500,KC@Min 01:00PM ET,0.0,KC,,,,,,,,
420,Jack Doyle,TE,2500,NE@Ind 08:30PM ET,1.44,Ind,,,,,,0.16,,
421,Vance McDonald,TE,2500,Bal@SF 04:25PM ET,1.525,SF,,,2.99,,1.23,,1.728,2.0
422,Ryan Hewitt,TE,2500,Cin@Buf 01:00PM ET,0.0,Cin,,,2.49,,,,1.076,2.6
423,Dion Sims,TE,2500,Mia@Ten 01:00PM ET,0.0,Mia,,1.6,3.55,1.8,3.38,0.61,3.8,
424,Jerome Cunningham,TE,2500,NYG@Phi 08:30PM ET,1.3,NYG,,,,,4.01,0.04,,
425,Nic Jacobs,TE,2500,Hou@Jax 01:00PM ET,0.0,Jax,,,,,,,,
426,Cooper Helfet,TE,2500,Car@Sea 04:05PM ET,0.0,Sea,,,,,,,,
427,Trey Burton,TE,2500,NYG@Phi 08:30PM ET,0.0,Phi,,,,,,,,
428,Blake Bell,TE,2500,Bal@SF 04:25PM ET,0.94,SF,,,,,,,,
429,James O'Shaughnessy,TE,2500,KC@Min 01:00PM ET,1.84,KC,2.0,,4.17,,1.03,1.13,3.642,4.3
430,MyCole Pruitt,TE,2500,KC@Min 01:00PM ET,0.0,Min,,1.2,,1.6,1.27,,,
431,Will Tye,TE,2500,NYG@Phi 08:30PM ET,4.4,NYG,,,,,,,1.056,
432,Chase Ford,TE,2500,KC@Min 01:00PM ET,0.0,Min,,1.6,,1.8,,0.01,,
433,C.J. Fiedorowicz,TE,2500,Hou@Jax 01:00PM ET,3.52,Hou,2.0,2.6,3.92,2.3,2.52,2.04,2.681,
434,Brian Parker,TE,2500,KC@Min 01:00PM ET,0.0,KC,,,,,,,,
435,Tyler Kroft,TE,2500,Cin@Buf 01:00PM ET,0.0,Cin,,1.2,,1.6,,,,
436,C.J. Uzomah,TE,2500,Cin@Buf 01:00PM ET,0.0,Cin,,,,,,,,
437,Demetrius Harris,TE,2500,KC@Min 01:00PM ET,0.0,KC,,,,,,,,3.5
438,Mitchell Henry,TE,2500,Den@Cle 01:00PM ET,0.0,Den,,,,,,,,
439,Nick Boyle,TE,2500,Bal@SF 04:25PM ET,2.76,Bal,,2.6,7.29,2.3,,0.01,,
440,Kennard Backman,TE,2500,SD@GB 04:25PM ET,0.0,GB,,1.2,,1.6,,0.02,,
441,Troy Niklas,TE,2500,Ari@Pit 01:00PM ET,0.0,Ari,,,,,,,2.316,2.3
442,Phillip Supernaw,TE,2500,Mia@Ten 01:00PM ET,0.0,Ten,,,,,,,,
443,Jesse James,TE,2500,Ari@Pit 01:00PM ET,0.0,Pit,,,,,,0.39,,
444,Derek Carrier,TE,2500,Was@NYJ 01:00PM ET,3.46,Was,6.0,2.6,4.06,3.3,8.43,5.47,4.442,7.9
445,E.J. Bibbs,TE,2500,Den@Cle 01:00PM ET,0.0,Cle,,,,,,,,
446,Khari Lee,TE,2500,Chi@Det 01:00PM ET,0.0,Chi,,,,,,,,
447,Bears ,DST,2400,Chi@Det 01:00PM ET,3.8,Chi,,,,,,,,
448,Browns ,DST,2200,Den@Cle 01:00PM ET,4.8,Cle,,,,,,,,
449,49ers ,DST,2100,Bal@SF 04:25PM ET,3.4,SF,,,,,,,,
