,2-pt,avg_yards/rec,comp,comp-%,fan_pts,fl,int,kick_td,pass_att,pass_tds,pass_yards,pass_yards/att,player,punt_td,rec,rec_tds,rec_yards,rush_att,rush_avg,rush_tds,rush_yards
0,,,,,,,,,,,,,Quarterbacks Week 12 Standard Stats -- Average,,,,,,,,
1,,,Misc,,,,,,Rushing,,,,Passing,,,,,,,,
2,,,Cmp,CmpPct,FPTS,FL,INT,,Att,TD,Yd,YAtt,Player,,,,,Att,Avg,TD,Yd
3,,,0.0,0.0,0,0.0,0.0,,0.0,0.0,0.0,0.0,Bryce Petty,,,,,0.0,0.0,0.0,0.0
4,,,0.1,59.0,0,0.0,0.0,,0.1,0.0,0.7,5.3,Chase Daniel,,,,,0.1,3.8,0.0,0.3
5,,,0.2,53.7,0,0.0,0.0,,0.3,0.0,2.3,7.5,T.J. Yates,,,,,0.1,-1.4,0.0,-0.1
6,,,0.1,66.0,0,0.0,0.0,,0.1,0.0,1.0,6.9,Derek Anderson,,,,,0.1,1.8,0.0,0.1
7,,,0.4,59.5,0,0.0,0.0,,0.7,0.0,4.8,7.3,Geno Smith,,,,,0.2,5.6,0.0,0.9
8,,,0.4,57.8,0,0.0,0.0,,0.7,0.0,5.6,7.7,Austin Davis,,,,,0.1,2.1,0.0,0.2
9,,,20.7,67.6,0,0.2,1.2,,30.6,1.6,224.0,7.3,Tony Romo,,,,,1.4,2.6,0.0,3.8
10,,,22.3,70.3,0,0.3,0.8,,31.7,1.7,258.0,8.1,Andy Dalton,,,,,4.8,2.7,0.2,12.7
11,,,22.8,63.5,0,0.2,1.0,,35.9,1.2,250.0,7.0,Ryan Tannehill,,,,,2.4,3.9,0.0,9.2
12,,,0.1,68.9,0,0.0,0.0,,0.2,0.0,1.1,7.5,Landry Jones,,,,,0.0,-0.1,0.0,-0.0
13,,,17.9,58.5,0,0.2,0.9,,30.6,1.6,193.0,6.3,Alex Smith,,,,,4.7,6.0,0.1,28.1
14,,,0.4,66.2,0,0.0,0.0,,0.6,0.0,4.7,7.7,Robert Griffin III,,,,,0.2,5.0,0.0,1.0
15,,,0.0,71.2,0,0.0,0.0,,0.1,0.0,0.5,9.6,Tarvaris Jackson,,,,,0.0,1.1,0.0,0.0
16,,,19.4,57.7,0,0.3,0.9,,33.6,1.6,258.0,7.7,Josh McCown,,,,,2.2,4.2,0.1,9.4
17,,,24.3,61.2,0,0.2,1.1,,39.7,1.7,286.0,7.2,Matthew Stafford,,,,,2.4,3.4,0.1,8.0
18,,,0.0,0.0,0,0.0,0.0,,0.0,0.0,0.0,0.0,Thad Lewis,,,,,0.0,0.0,0.0,0.0
19,,,0.0,0.0,0,0.0,0.0,,0.0,0.0,0.0,0.0,Trevor Siemian,,,,,0.0,0.0,0.0,0.0
20,,,17.6,62.4,0,0.1,0.7,,28.2,1.1,206.0,7.3,Tyrod Taylor,,,,,6.2,5.4,0.1,33.4
21,,,26.7,69.0,0,0.2,1.2,,38.7,1.3,295.0,7.6,Drew Brees,,,,,1.6,1.4,0.1,2.2
22,,,0.0,72.1,0,0.0,0.0,,0.0,0.0,0.4,9.4,Ryan Nassib,,,,,0.0,2.4,0.0,0.0
23,,,26.8,71.3,0,0.2,1.1,,37.6,1.6,296.0,7.9,Philip Rivers,,,,,1.3,2.0,0.0,2.6
24,,,0.0,65.7,0,0.0,0.0,,0.0,0.0,0.3,7.2,Sean Renfree,,,,,0.0,0.4,0.0,0.0
25,,,17.6,56.1,0,0.2,1.0,,31.4,1.3,233.0,7.4,Jameis Winston,,,,,2.9,3.4,0.3,9.9
26,,,0.1,57.0,0,0.0,0.0,,0.1,0.0,0.7,6.6,Dan Orlovsky,,,,,0.0,3.5,0.0,0.0
27,,,0.3,56.8,0,0.0,0.0,,0.6,0.0,4.6,7.5,Mike Glennon,,,,,0.1,2.9,0.0,0.3
28,,,0.0,0.0,0,0.0,0.0,,0.0,0.0,0.0,0.0,Matt Barkley,,,,,0.0,0.0,0.0,0.0
29,,,0.0,0.0,0,0.0,0.0,,0.0,0.0,0.0,0.0,Brandon Weeden,,,,,0.0,0.0,0.0,0.0
30,,,25.8,66.5,0,0.3,0.8,,38.8,2.0,296.0,7.6,Eli Manning,,,,,1.2,4.2,0.0,5.3
31,,,0.0,60.0,0,0.0,0.0,,0.0,0.0,0.1,4.7,Jimmy Garoppolo,,,,,0.1,-0.2,0.0,-0.0
32,,,0.0,0.0,0,0.0,0.0,,0.0,0.0,0.0,0.0,Sean Mannion,,,,,0.0,0.0,0.0,0.0
33,,,0.2,64.1,0,0.0,0.0,,0.4,0.0,2.3,6.2,Matt Flynn,,,,,0.1,2.4,0.0,0.3
34,,,0.0,59.5,0,0.0,0.0,,0.0,0.0,0.3,6.9,David Fales,,,,,0.0,4.0,0.0,0.0
35,,,23.8,61.5,0,0.2,0.8,,38.7,1.5,229.0,5.9,Tom Brady,,,,,2.2,1.1,0.1,2.4
36,,,20.7,60.7,0,0.2,1.1,,34.1,1.3,239.0,7.0,Jay Cutler,,,,,2.5,6.0,0.1,15.3
37,,,19.4,61.6,0,0.2,0.9,,31.5,1.6,226.0,7.2,Cam Newton,,,,,8.1,5.2,0.5,42.0
38,,,22.3,58.1,0,0.2,1.5,,38.4,1.3,242.0,6.3,Matt Schaub,,,,,0.5,4.5,0.0,2.4
39,,,0.3,62.1,0,0.0,0.0,,0.6,0.0,4.0,7.2,Charlie Whitehurst,,,,,0.1,3.3,0.0,0.5
40,,,0.2,59.4,0,0.0,0.0,,0.3,0.0,2.5,7.2,Drew Stanton,,,,,0.1,0.7,0.0,0.1
41,,,0.4,57.7,0,0.0,0.0,,0.6,0.0,4.3,6.7,Chad Henne,,,,,0.1,4.5,0.0,0.4
42,,,0.0,0.0,0,0.0,0.0,,0.0,0.0,0.0,0.0,Christian Ponder,,,,,0.0,0.0,0.0,0.0
43,,,0.0,0.0,0,0.0,0.0,,0.0,0.0,0.0,0.0,Joe Webb,,,,,0.0,0.0,0.0,0.0
44,,,24.1,66.9,0,0.3,1.1,,36.0,1.9,272.0,7.6,Matt Hasselbeck,,,,,2.6,1.4,0.0,3.6
45,,,0.1,63.5,0,0.0,0.0,,0.2,0.0,1.7,8.7,Scott Tolzien,,,,,0.0,12.0,0.0,0.4
46,,,21.4,64.7,0,0.2,0.5,,33.1,2.6,271.0,8.2,Aaron Rodgers,,,,,3.6,6.3,0.0,22.7
47,,,22.3,66.4,0,0.3,0.9,,33.6,1.0,239.0,7.1,Ben Roethlisberger,,,,,1.3,1.8,0.0,2.3
48,,,18.2,66.4,0,0.2,1.0,,27.4,1.6,237.0,8.6,Russell Wilson,,,,,6.7,5.9,0.1,39.3
49,,,0.3,71.2,0,0.0,0.0,,0.4,0.0,3.4,7.9,Kellen Clemens,,,,,0.1,2.3,0.0,0.1
50,,,17.1,56.8,0,0.3,1.1,,30.1,1.1,182.0,6.0,Nick Foles,,,,,2.0,2.9,0.1,5.8
51,,,0.0,0.0,0,0.0,0.0,,0.0,0.0,0.0,0.0,Stephen Morris,,,,,0.0,0.0,0.0,0.0
52,,,0.0,0.0,0,0.0,0.0,,0.0,0.0,0.0,0.0,Mike Vick,,,,,0.0,0.0,0.0,0.0
53,,,21.8,59.2,0,0.2,0.8,,36.8,2.1,284.0,7.7,Brian Hoyer,,,,,1.6,4.3,0.0,6.6
54,,,0.2,53.2,0,0.0,0.0,,0.4,0.0,1.9,4.6,Jimmy Clausen,,,,,0.1,2.0,0.0,0.1
55,,,0.0,0.0,0,0.0,0.0,,0.0,0.0,0.0,0.0,Brett Hundley,,,,,0.0,0.0,0.0,0.0
56,,,0.0,0.0,0,0.0,0.0,,0.0,0.0,0.0,0.0,Logan Thomas,,,,,0.0,0.0,0.0,0.0
57,,,0.0,0.0,0,0.0,0.0,,0.0,0.0,0.0,0.0,Garrett Grayson,,,,,0.0,0.0,0.0,0.0
58,,,0.0,0.0,0,0.0,0.0,,0.0,0.0,0.0,0.0,Josh Johnson,,,,,0.0,0.0,0.0,0.0
59,,,0.3,61.2,0,0.0,0.0,,0.5,0.0,3.7,6.9,EJ Manuel,,,,,0.2,4.0,0.0,0.8
60,,,26.3,66.6,0,0.2,1.1,,39.5,1.6,284.0,7.2,Matt Ryan,,,,,1.7,3.2,0.0,5.5
61,,,0.0,0.0,0,0.0,0.0,,0.0,0.0,0.0,0.0,Taylor Heinicke,,,,,0.0,0.0,0.0,0.0
62,,,0.0,0.0,0,0.0,0.0,,0.0,0.0,0.0,0.0,Ryan Mallett,,,,,0.0,0.0,0.0,0.0
63,,,20.7,66.3,0,0.2,0.9,,31.2,1.1,220.0,7.1,Teddy Bridgewater,,,,,2.9,5.2,0.2,15.3
64,,,19.1,58.8,0,0.1,1.3,,32.5,1.7,234.0,7.2,Ryan Fitzpatrick,,,,,4.0,4.7,0.2,18.9
65,,,24.5,67.5,0,0.2,0.9,,36.3,2.1,320.0,8.8,Carson Palmer,,,,,1.7,1.2,0.0,2.1
66,,,0.3,63.6,0,0.0,0.0,,0.4,0.0,2.6,6.5,Shaun Hill,,,,,0.0,0.3,0.0,0.0
67,,,0.0,0.0,0,0.0,0.0,,0.0,0.0,0.0,0.0,Colt McCoy,,,,,0.0,0.0,0.0,0.0
68,,,0.0,71.4,0,0.0,0.0,,0.0,0.0,0.2,8.2,AJ McCarron,,,,,0.0,1.0,0.0,0.0
69,,,0.2,62.5,0,0.0,0.0,,0.4,0.0,2.7,6.7,Zach Mettenberger,,,,,0.1,0.2,0.0,0.0
70,,,0.4,65.1,0,0.0,0.0,,0.6,0.0,3.8,6.8,Matt McGloin,,,,,0.0,2.4,0.0,0.1
71,,,22.0,62.5,0,0.1,0.8,,35.2,1.6,240.0,6.8,Derek Carr,,,,,1.5,3.6,0.0,5.4
72,,,0.0,0.0,0,0.0,0.0,,0.0,0.0,0.0,0.0,Kellen Moore,,,,,0.0,0.0,0.0,0.0
73,,,22.2,66.5,0,0.4,1.6,,33.4,1.2,252.0,7.5,Kirk Cousins,,,,,0.9,2.6,0.2,2.4
74,,,24.5,65.5,0,0.3,1.1,,37.4,1.4,272.0,7.3,Mark Sanchez,,,,,2.7,3.5,0.1,9.5
75,,,22.0,59.5,0,0.1,1.6,,37.0,1.5,257.0,6.9,Brock Osweiler,,,,,2.1,3.2,0.0,6.7
76,,,0.0,0.0,0,0.0,0.0,,0.0,0.0,0.0,0.0,Ryan Griffin,,,,,0.0,0.0,0.0,0.0
77,,,15.3,54.3,0,0.1,1.2,,28.2,1.0,184.0,6.5,Blaine Gabbert,,,,,4.5,4.8,0.0,21.8
78,,,0.0,54.5,0,0.0,0.0,,0.0,0.0,0.3,6.5,Matt Moore,,,,,0.0,-0.1,0.0,-0.0
79,,,0.4,68.6,0,0.0,0.0,,0.6,0.0,4.3,7.4,Matt Cassel,,,,,0.1,6.2,0.0,0.8
80,,,21.0,56.9,0,0.2,1.4,,36.9,1.8,249.0,6.7,Blake Bortles,,,,,3.3,8.4,0.0,27.5
81,,,0.0,0.0,0,0.0,0.0,,0.0,0.0,0.0,0.0,Aaron Murray,,,,,0.0,0.0,0.0,0.0
82,,,18.4,63.7,0,0.3,0.8,,28.9,1.5,217.0,7.5,Marcus Mariota,,,,,2.9,6.6,0.1,19.1
83,,,,,,,,,,,,,Pages: 1 2 All,,,,,,,,
84,,,,,,,,,,,,,Running Backs Week 12 Standard Stats -- Average,,,,,,,,
85,,,,,,,,,,,,,Rushing,,,,,Receiving,,,Misc
86,,Avg,,,FPTS,FL,,,,,,,Player,,Recpt,TD,Yd,Att,Avg,TD,Yd
87,,14.8,,,0,0.1,,,,,,,Jeremy Langford,,2.4,0.2,35.0,9.7,4.0,0.3,38.5
88,,5.7,,,0,0.1,,,,,,,Jonathan Stewart,,1.3,0.1,7.2,16.7,4.5,0.3,75.4
89,,11.4,,,0,0.1,,,,,,,Antonio Andrews,,1.3,0.1,14.4,13.7,4.1,0.2,56.5
90,,6.5,,,0,0.4,,,,,,,Terrance West,,0.9,0.0,5.9,4.9,4.3,0.1,21.3
91,,7.3,,,0,0.3,,,,,,,DeMarco Murray,,4.3,0.1,31.4,17.0,3.8,0.5,64.4
92,,9.2,,,0,0.1,,,,,,,Alfred Blue,,1.2,0.1,11.1,12.6,4.6,0.3,58.4
93,,7.3,,,0,0.0,,,,,,,Cedric Peerman,,0.0,0.0,0.0,0.0,2.9,0.0,0.1
94,,6.5,,,0,0.1,,,,,,,Jordan Todman,,0.9,0.0,5.5,3.5,4.2,0.1,14.4
95,,4.4,,,0,0.0,,,,,,,Mike James,,0.0,0.0,0.1,0.3,4.8,0.0,1.6
96,,12.1,,,0,0.0,,,,,,,Jalston Fowler,,0.4,0.0,4.3,0.6,2.5,0.1,1.6
97,,0.0,,,0,0.0,,,,,,,Bryce Brown,,0.0,0.0,0.0,0.0,0.0,0.0,0.0
98,,6.5,,,0,0.2,,,,,,,Tevin Coleman,,1.9,0.1,12.0,13.0,4.5,0.5,59.0
99,,11.5,,,0,0.0,,,,,,,Rex Burkhead,,0.0,0.0,0.4,0.0,2.7,0.0,0.0
100,,8.4,,,0,0.2,,,,,,,LeSean McCoy,,2.4,0.1,20.6,16.3,4.6,0.3,74.6
101,,0.0,,,0,0.0,,,,,,,Chase Reynolds,,0.0,0.0,0.0,0.0,0.0,0.0,0.0
102,,0.0,,,0,0.0,,,,,,,Christine Michael,,0.0,0.0,0.0,0.0,0.0,0.0,0.0
103,,0.0,,,0,0.0,,,,,,,Tim Hightower,,0.0,0.0,0.0,0.0,0.0,0.0,0.0
104,,0.0,,,0,0.0,,,,,,,Alonzo Harris,,0.0,0.0,0.0,0.0,0.0,0.0,0.0
105,,5.9,,,0,0.4,,,,,,,Melvin Gordon,,2.2,0.1,12.8,13.7,3.4,0.2,46.5
106,,8.1,,,0,0.0,,,,,,,Anthony Sherman,,0.6,0.1,4.6,0.2,1.3,0.0,0.2
107,,7.7,,,0,0.0,,,,,,,Mike Tolbert,,1.4,0.1,10.5,4.0,3.6,0.1,14.4
108,,9.3,,,0,0.1,,,,,,,Shane Vereen,,3.9,0.2,36.4,4.3,4.5,0.1,19.3
109,,5.5,,,0,0.0,,,,,,,Isaiah Pead,,0.1,0.0,0.3,0.1,2.5,0.0,0.3
110,,0.0,,,0,0.0,,,,,,,Pierre Thomas,,0.0,0.0,0.0,0.0,0.0,0.0,0.0
111,,5.9,,,0,0.1,,,,,,,Matt Asiata,,1.2,0.0,7.0,1.5,4.4,0.1,6.6
112,,6.9,,,0,0.1,,,,,,,Ahmad Bradshaw,,1.6,0.4,10.9,7.0,4.0,0.2,27.7
113,,0.0,,,0,0.0,,,,,,,Jarryd Hayne,,0.0,0.0,0.0,0.0,0.0,0.0,0.0
114,,0.0,,,0,0.0,,,,,,,LaMichael James,,0.0,0.0,0.0,0.0,0.0,0.0,0.0
115,,13.9,,,0,0.0,,,,,,,Bruce Miller,,1.2,0.0,16.3,0.3,1.7,0.0,0.6
116,,8.8,,,0,0.2,,,,,,,Matt Forte,,2.2,0.1,19.2,11.6,4.4,0.2,51.0
117,,0.0,,,0,0.0,,,,,,,Marcus Murphy,,0.0,0.0,0.0,0.0,0.0,0.0,0.0
118,,8.3,,,0,0.1,,,,,,,Chris Johnson,,1.4,0.1,11.8,14.9,4.0,0.3,59.7
119,,5.7,,,0,0.0,,,,,,,Damien Williams,,0.0,0.0,0.3,0.1,3.0,0.0,0.2
120,,8.8,,,0,0.0,,,,,,,Glenn Winston,,0.0,0.0,0.3,0.2,2.5,0.0,0.6
121,,7.4,,,0,0.0,,,,,,,John Kuhn,,0.8,0.0,5.6,1.0,3.6,0.2,3.7
122,,8.9,,,0,0.2,,,,,,,Rashad Jennings,,2.3,0.1,20.4,10.1,4.5,0.2,45.3
123,,4.0,,,0,0.0,,,,,,,Will Tukuafu,,0.0,0.0,0.0,0.0,0.9,0.0,0.0
124,,0.0,,,0,0.0,,,,,,,Antone Smith,,0.0,0.0,0.0,0.0,0.0,0.0,0.0
125,,12.7,,,0,0.1,,,,,,,Isaiah Crowell,,1.1,0.1,14.6,13.0,3.0,0.4,38.6
126,,13.1,,,0,0.2,,,,,,,Charcandrick West,,1.0,0.1,12.8,10.0,4.6,0.3,46.0
127,,8.0,,,0,0.0,,,,,,,C.J. Anderson,,1.7,0.0,13.5,10.1,3.9,0.2,39.1
128,,8.3,,,0,0.1,,,,,,,Javorius Allen,,2.8,0.1,23.5,15.3,4.5,0.3,68.6
129,,7.5,,,0,0.1,,,,,,,Jay Ajayi,,0.8,0.0,6.2,6.3,4.7,0.2,29.4
130,,8.1,,,0,0.1,,,,,,,Darren Sproles,,3.3,0.1,26.6,4.8,3.7,0.1,17.8
131,,9.3,,,0,0.1,,,,,,,Chris Ivory,,1.5,0.1,14.0,15.6,4.3,0.6,66.6
132,,7.3,,,0,0.1,,,,,,,C.J. Spiller,,2.8,0.1,20.3,5.7,5.0,0.1,28.3
133,,6.9,,,0,0.1,,,,,,,Orleans Darkwa,,1.3,0.1,8.7,4.3,4.1,0.2,17.5
134,,17.5,,,0,0.6,,,,,,,Matt Jones,,1.4,0.1,24.9,7.8,4.2,0.4,33.1
135,,8.4,,,0,0.1,,,,,,,Roy Helu,,2.0,0.1,17.1,3.4,4.0,0.1,13.6
136,,9.4,,,0,0.1,,,,,,,Fred Jackson,,1.2,0.1,11.6,3.7,4.4,0.2,16.2
137,,7.3,,,0,0.4,,,,,,,Tre Mason,,0.7,0.0,4.9,2.4,3.7,0.1,8.6
138,,7.5,,,0,0.4,,,,,,,Frank Gore,,2.4,0.1,17.7,16.3,3.9,0.5,64.3
139,,8.7,,,0,0.1,,,,,,,Jonathan Grimes,,2.3,0.1,19.9,6.4,4.4,0.2,27.9
140,,7.3,,,0,0.0,,,,,,,Roosevelt Nix,,0.0,0.0,0.1,0.0,4.7,0.0,0.0
141,,10.2,,,0,0.0,,,,,,,Derrick Coleman,,0.2,0.1,2.5,0.2,2.0,0.0,0.4
142,,6.7,,,0,0.3,,,,,,,Adrian Peterson,,2.4,0.0,16.2,19.0,4.8,0.5,90.9
143,,7.7,,,0,0.0,,,,,,,Darrel Young,,0.5,0.1,3.7,0.9,2.8,0.1,2.4
144,,7.5,,,0,0.1,,,,,,,Fozzy Whittaker,,0.7,0.0,5.6,2.9,4.1,0.1,11.9
145,,0.0,,,0,0.0,,,,,,,Fitzgerald Toussaint,,0.0,0.0,0.0,0.0,0.0,0.0,0.0
146,,11.1,,,0,0.2,,,,,,,Charles Sims,,2.4,0.2,26.6,6.8,4.4,0.1,29.9
147,,7.0,,,0,0.1,,,,,,,Anthony Dixon,,0.7,0.0,4.7,2.5,4.3,0.1,10.5
148,,12.7,,,0,0.1,,,,,,,David Johnson,,1.4,0.2,17.9,2.2,3.8,0.2,8.6
149,,7.6,,,0,0.1,,,,,,,Chris Thompson,,3.1,0.1,23.4,4.0,4.3,0.1,17.1
150,,27.8,,,0,0.0,,,,,,,Jay Prosch,,0.0,0.0,0.8,0.7,8.4,0.0,5.9
151,,10.8,,,0,0.0,,,,,,,Jonas Gray,,0.0,0.0,0.3,0.2,3.3,0.0,0.5
152,,8.5,,,0,0.1,,,,,,,Bilal Powell,,2.5,0.1,21.2,5.5,4.1,0.2,22.5
153,,7.5,,,0,0.1,,,,,,,Donald Brown,,1.1,0.0,8.3,2.8,3.6,0.1,10.0
154,,0.0,,,0,0.0,,,,,,,Terrence Magee,,0.0,0.0,0.0,0.0,0.0,0.0,0.0
155,,6.5,,,0,0.1,,,,,,,Robert Turbin,,1.1,0.0,6.8,6.8,4.2,0.2,28.3
156,,7.6,,,0,0.0,,,,,,,Stepfan Taylor,,0.0,0.0,0.1,0.1,3.4,0.0,0.4
157,,9.5,,,0,0.1,,,,,,,Theo Riddick,,3.8,0.2,36.2,4.1,3.2,0.1,13.2
158,,7.8,,,0,0.1,,,,,,,Chris Polk,,1.1,0.1,8.7,6.4,4.4,0.3,27.9
159,,7.2,,,0,0.1,,,,,,,Denard Robinson,,1.0,0.1,7.4,4.7,4.5,0.2,21.0
160,,10.3,,,0,0.1,,,,,,,Karlos Williams,,1.0,0.2,10.4,7.8,5.0,0.3,38.9
161,,8.6,,,0,0.0,,,,,,,Bishop Sankey,,0.0,0.0,0.3,0.1,3.9,0.0,0.3
162,,9.0,,,0,0.1,,,,,,,Benny Cunningham,,1.4,0.0,12.4,2.1,4.4,0.1,9.3
163,,7.6,,,0,0.1,,,,,,,Raheem Mostert,,0.7,0.0,5.5,3.6,4.5,0.1,16.4
164,,0.0,,,0,0.0,,,,,,,George Winn,,0.0,0.0,0.0,0.1,3.0,0.0,0.2
165,,9.3,,,0,0.1,,,,,,,DeAngelo Williams,,1.8,0.0,16.5,19.5,4.7,0.3,91.2
166,,7.4,,,0,0.1,,,,,,,Stevan Ridley,,0.7,0.0,5.4,4.5,3.6,0.2,16.2
167,,6.8,,,0,0.1,,,,,,,Andre Williams,,0.8,0.0,5.5,5.6,4.2,0.3,23.7
168,,0.0,,,0,0.0,,,,,,,Brandon Wegher,,0.0,0.0,0.0,0.0,0.0,0.0,0.0
169,,8.8,,,0,0.1,,,,,,,Giovani Bernard,,3.6,0.1,31.7,11.1,4.3,0.3,48.2
170,,8.2,,,0,0.1,,,,,,,David Cobb,,0.9,0.0,7.8,3.5,4.1,0.1,14.5
171,,0.0,,,0,0.0,,,,,,,Dri Archer,,0.0,0.0,0.0,0.0,0.0,0.0,0.0
172,,5.5,,,0,0.0,,,,,,,Will Johnson,,0.5,0.0,2.8,0.8,1.8,0.3,1.4
173,,8.6,,,0,0.2,,,,,,,Doug Martin,,1.9,0.1,15.9,16.3,4.8,0.2,77.5
174,,14.3,,,0,0.0,,,,,,,Zach Line,,0.7,0.0,9.9,0.8,2.7,0.2,2.2
175,,5.4,,,0,0.2,,,,,,,Latavius Murray,,2.4,0.0,12.8,13.4,4.4,0.4,58.9
176,,8.9,,,0,0.1,,,,,,,Ameer Abdullah,,1.7,0.1,15.0,9.9,3.7,0.2,36.6
177,,9.0,,,0,0.2,,,,,,,Eddie Lacy,,1.3,0.1,12.1,13.6,4.7,0.6,64.1
178,,9.1,,,0,0.1,,,,,,,Taiwan Jones,,1.1,0.1,10.0,3.4,4.0,0.1,13.6
179,,8.6,,,0,0.1,,,,,,,Lamar Miller,,3.1,0.1,26.2,12.1,4.3,0.4,52.0
180,,10.0,,,0,0.1,,,,,,,James Starks,,2.5,0.2,24.9,8.5,4.7,0.2,40.2
181,,8.6,,,0,0.0,,,,,,,Toby Gerhart,,0.0,0.0,0.4,0.2,3.7,0.0,0.8
182,,7.8,,,0,0.1,,,,,,,Thomas Rawls,,1.2,0.2,9.5,17.6,5.2,0.6,92.0
183,,7.0,,,0,0.1,,,,,,,Spencer Ware,,1.6,0.1,11.1,8.9,4.9,0.9,43.6
184,,12.6,,,0,0.0,,,,,,,Tommy Bohanon,,0.7,0.0,9.2,0.7,2.9,0.0,1.9
185,,6.9,,,0,0.3,,,,,,,Jeremy Hill,,1.1,0.1,7.8,13.1,3.8,0.6,50.4
186,,7.7,,,0,0.0,,,,,,,Rod Smith,,0.0,0.0,0.2,0.3,3.6,0.0,1.0
187,,10.1,,,0,0.1,,,,,,,Joique Bell,,1.0,0.0,10.5,8.8,3.4,0.3,30.1
188,,9.1,,,0,0.0,,,,,,,Jamize Olawale,,0.8,0.0,7.1,1.7,4.0,0.1,6.8
189,,6.9,,,0,0.1,,,,,,,James White,,3.5,0.2,24.1,6.9,3.5,0.2,23.9
190,,0.0,,,0,0.0,,,,,,,Dan Herron,,0.0,0.0,0.0,0.0,0.0,0.0,0.0
191,,7.9,,,0,0.1,,,,,,,Mark Ingram,,3.1,0.0,24.8,15.4,4.9,0.4,76.0
192,,8.1,,,0,0.0,,,,,,,Nikita Whitlock,,0.0,0.0,0.1,0.0,4.4,0.0,0.0
193,,7.1,,,0,0.0,,,,,,,Bobby Rainey,,0.0,0.0,0.2,0.2,4.2,0.0,0.9
194,,5.6,,,0,0.1,,,,,,,Jerick McKinnon,,0.6,0.0,3.4,1.5,4.4,0.1,6.6
195,,3.4,,,0,0.0,,,,,,,Austin Johnson,,0.5,0.1,1.9,1.4,2.8,0.1,3.8
196,,6.8,,,0,0.1,,,,,,,Alfred Morris,,1.1,0.0,7.7,11.9,3.9,0.2,46.5
197,,8.3,,,0,0.1,,,,,,,Kyle Juszczyk,,1.9,0.1,16.1,0.1,1.7,0.0,0.2
198,,7.8,,,0,0.1,,,,,,,Todd Gurley,,2.0,0.0,15.6,19.6,5.4,0.6,105.0
199,,0.0,,,0,0.0,,,,,,,Joe Banyard,,0.0,0.0,0.0,0.0,0.0,0.0,0.0
200,,7.7,,,0,0.0,,,,,,,Trey Williams,,0.0,0.0,0.3,0.3,3.8,0.0,1.1
201,,7.0,,,0,0.0,,,,,,,Ronnie Hillman,,1.2,0.1,8.5,14.6,3.9,0.5,57.6
202,,8.4,,,0,0.1,,,,,,,Kendall Gaskins,,0.7,0.0,6.0,6.8,3.4,0.2,23.1
203,,8.1,,,0,0.0,,,,,,,Patrick DiMarco,,1.0,0.2,7.9,0.0,0.0,0.0,0.0
204,,5.8,,,0,0.1,,,,,,,LeGarrette Blount,,1.3,0.0,7.5,14.6,4.0,0.4,58.0
205,,6.1,,,0,0.0,,,,,,,Michael Burton,,0.0,0.0,0.1,0.0,0.9,0.0,0.0
206,,6.7,,,0,0.0,,,,,,,Travaris Cadet,,0.0,0.0,0.1,0.0,2.8,0.0,0.1
207,,0.0,,,0,0.0,,,,,,,Josh Robinson,,0.0,0.0,0.0,0.0,0.0,0.0,0.0
208,,3.6,,,0,0.1,,,,,,,Tyler Clutts,,0.9,0.1,3.1,0.4,4.2,0.0,1.5
209,,7.3,,,0,0.1,,,,,,,Terron Ward,,1.6,0.1,11.8,6.7,4.4,0.3,29.6
210,,10.1,,,0,0.1,,,,,,,Danny Woodhead,,4.5,0.2,45.3,5.5,3.5,0.2,19.1
211,,5.6,,,0,0.1,,,,,,,Shaun Draughn,,2.6,0.1,14.7,12.7,3.4,0.3,43.7
212,,9.8,,,0,0.1,,,,,,,Andre Ellington,,2.0,0.0,19.6,6.3,4.5,0.3,28.6
213,,7.7,,,0,0.1,,,,,,,Kenjon Barner,,1.1,0.0,8.2,4.2,4.0,0.1,16.8
214,,6.6,,,0,0.0,,,,,,,Jorvorskie Lane,,0.0,0.0,0.1,0.0,21.4,0.0,0.1
215,,7.5,,,0,0.1,,,,,,,Darren McFadden,,2.1,0.0,15.4,17.7,4.4,0.5,77.7
216,,9.4,,,0,0.0,,,,,,,Marcel Reece,,2.2,0.2,20.5,1.2,4.4,0.0,5.4
217,,8.1,,,0,0.0,,,,,,,Cameron Artis-Payne,,0.0,0.0,0.2,0.2,3.6,0.0,0.8
218,,7.9,,,0,0.0,,,,,,,Knile Davis,,0.0,0.0,0.2,0.2,3.2,0.0,0.7
219,,5.8,,,0,0.1,,,,,,,Brandon Bolden,,0.8,0.0,4.7,1.8,3.5,0.1,6.2
220,,14.7,,,0,0.0,,,,,,,Aaron Ripkowski,,0.0,0.0,0.2,0.0,5.1,0.0,0.1
221,,10.7,,,0,0.0,,,,,,,Juwan Thompson,,0.0,0.0,0.1,0.1,4.3,0.0,0.5
222,,5.5,,,0,0.1,,,,,,,T.J. Yeldon,,3.0,0.1,16.4,15.1,4.7,0.6,70.9
223,,0.0,,,0,0.0,,,,,,,Marcus Thigpen,,0.0,0.0,0.0,0.0,0.0,0.0,0.0
224,,11.3,,,0,0.1,,,,,,,Duke Johnson,,3.4,0.2,38.7,8.4,3.0,0.2,24.9
225,,6.6,,,0,0.0,,,,,,,Jerome Felton,,0.5,0.0,3.1,0.7,4.0,0.0,2.8
226,,,,,,,,,,,,,Pages: 1 2 3 All,,,,,,,,
227,,,,,,,,,,,,,Wide Receivers Week 12 Standard Stats -- Average,,,,,,,,
228,,,,,,,,,,,,,Receiving,,Misc,,,,,,
229,,Avg,,,FPTS,FL,,,,,,,Player,,Recpt,TD,Yd,,,,
230,,0.0,,,0,0.0,,,,,,,DeAndrew White,,0.0,0.0,0.0,,,,
231,,12.7,,,0,0.0,,,,,,,Stefon Diggs,,5.1,0.3,64.9,,,,
232,,14.5,,,0,0.0,,,,,,,Marquess Wilson,,2.0,0.1,29.7,,,,
233,,12.5,,,0,0.0,,,,,,,Markus Wheaton,,2.0,0.1,24.7,,,,
234,,12.2,,,0,0.1,,,,,,,Larry Fitzgerald,,7.1,0.5,86.7,,,,
235,,12.5,,,0,0.0,,,,,,,Kenbrell Thompkins,,1.0,0.1,12.7,,,,
236,,12.2,,,0,0.1,,,,,,,Andre Johnson,,4.0,0.3,48.8,,,,
237,,12.3,,,0,0.0,,,,,,,Jeremy Maclin,,4.4,0.4,54.6,,,,
238,,15.1,,,0,0.0,,,,,,,Dwayne Bowe,,3.9,0.2,58.3,,,,
239,,0.0,,,0,0.0,,,,,,,Terrelle Pryor,,0.0,0.0,0.0,,,,
240,,11.4,,,0,0.0,,,,,,,Michael Crabtree,,4.7,0.3,53.9,,,,
241,,18.4,,,0,0.0,,,,,,,Nate Washington,,3.4,0.3,62.5,,,,
242,,10.1,,,0,0.0,,,,,,,Cordarrelle Patterson,,0.1,0.0,0.8,,,,
243,,13.3,,,0,0.1,,,,,,,Cecil Shorts,,3.2,0.1,42.6,,,,
244,,0.0,,,0,0.0,,,,,,,Chuck Jacobs,,0.0,0.0,0.0,,,,
245,,12.5,,,0,0.0,,,,,,,Kendall Wright,,4.0,0.4,50.7,,,,
246,,15.8,,,0,0.0,,,,,,,DeSean Jackson,,3.8,0.3,59.2,,,,
247,,12.0,,,0,0.0,,,,,,,Jerricho Cotchery,,2.7,0.2,32.5,,,,
248,,0.0,,,0,0.0,,,,,,,Tony Lippett,,0.0,0.0,0.0,,,,
249,,12.1,,,0,0.0,,,,,,,Brenton Bersin,,0.1,0.0,1.0,,,,
250,,0.0,,,0,0.0,,,,,,,Mario Alford,,0.0,0.0,0.0,,,,
251,,15.0,,,0,0.0,,,,,,,Chris Givens,,1.8,0.1,27.3,,,,
252,,20.1,,,0,0.0,,,,,,,Jerome Simpson,,1.4,0.0,27.8,,,,
253,,11.5,,,0,0.0,,,,,,,Pierre Garcon,,4.7,0.3,54.6,,,,
254,,13.0,,,0,0.0,,,,,,,Rueben Randle,,4.1,0.3,53.8,,,,
255,,13.7,,,0,0.0,,,,,,,Hakeem Nicks,,0.2,0.0,2.5,,,,
256,,12.9,,,0,0.1,,,,,,,Julio Jones,,8.4,0.5,108.0,,,,
257,,0.0,,,0,0.0,,,,,,,Kaelin Clay,,0.0,0.0,0.0,,,,
258,,13.8,,,0,0.0,,,,,,,Brian Quick,,1.3,0.1,17.5,,,,
259,,0.0,,,0,0.0,,,,,,,Jonathan Krause,,0.0,0.0,0.0,,,,
260,,12.5,,,0,0.0,,,,,,,Jordan Norwood,,1.0,0.1,12.2,,,,
261,,13.7,,,0,0.0,,,,,,,Doug Baldwin,,4.1,0.3,55.7,,,,
262,,0.0,,,0,0.0,,,,,,,Marlon Moore,,0.0,0.0,0.0,,,,
263,,14.4,,,0,0.0,,,,,,,Brian Hartline,,3.0,0.3,43.8,,,,
264,,12.6,,,0,0.0,,,,,,,Adam Thielen,,0.1,0.0,0.8,,,,
265,,14.2,,,0,0.0,,,,,,,Allen Robinson,,4.8,0.6,68.1,,,,
266,,15.9,,,0,0.1,,,,,,,Mike Evans,,4.8,0.4,76.9,,,,
267,,0.0,,,0,0.0,,,,,,,Kevin Norwood,,0.0,0.0,0.0,,,,
268,,11.0,,,0,0.0,,,,,,,Myles White,,0.1,0.0,0.7,,,,
269,,15.0,,,0,0.0,,,,,,,Rod Streater,,0.1,0.0,1.5,,,,
270,,14.9,,,0,0.0,,,,,,,Riley Cooper,,1.8,0.2,27.1,,,,
271,,14.3,,,0,0.0,,,,,,,Sammy Watkins,,3.5,0.4,50.7,,,,
272,,11.5,,,0,0.0,,,,,,,Jeremy Kerley,,2.0,0.2,23.1,,,,
273,,15.9,,,0,0.1,,,,,,,Allen Hurns,,3.5,0.6,56.4,,,,
274,,12.4,,,0,0.1,,,,,,,Kamar Aiken,,4.0,0.4,49.4,,,,
275,,0.0,,,0,0.0,,,,,,,Matthew Slater,,0.0,0.0,0.0,,,,
276,,9.9,,,0,0.1,,,,,,,Jarvis Landry,,6.0,0.3,59.3,,,,
277,,11.2,,,0,0.0,,,,,,,Greg Jennings,,1.3,0.0,14.7,,,,
278,,15.8,,,0,0.0,,,,,,,Vincent Jackson,,3.9,0.3,62.1,,,,
279,,0.0,,,0,0.0,,,,,,,Tyrell Williams,,0.0,0.0,0.0,,,,
280,,12.9,,,0,0.0,,,,,,,Adam Humphries,,2.5,0.2,32.9,,,,
281,,11.5,,,0,0.1,,,,,,,Javontee Herndon,,1.8,0.1,20.2,,,,
282,,16.8,,,0,0.0,,,,,,,Kenny Stills,,2.1,0.1,35.2,,,,
283,,15.5,,,0,0.0,,,,,,,Michael Floyd,,2.9,0.5,44.8,,,,
284,,12.9,,,0,0.0,,,,,,,Geremy Davis,,0.0,0.0,0.5,,,,
285,,14.6,,,0,0.0,,,,,,,Jaron Brown,,1.5,0.1,21.3,,,,
286,,17.1,,,0,0.0,,,,,,,Joseph Morgan,,0.1,0.0,1.0,,,,
287,,11.6,,,0,0.0,,,,,,,Roddy White,,3.7,0.2,42.5,,,,
288,,0.0,,,0,0.0,,,,,,,Sammie Coates,,0.0,0.0,0.0,,,,
289,,11.7,,,0,0.0,,,,,,,DeVante Parker,,0.0,0.0,0.3,,,,
290,,0.0,,,0,0.0,,,,,,,Seyi Ajirotutu,,0.0,0.0,0.0,,,,
291,,19.2,,,0,0.1,,,,,,,J.J. Nelson,,1.1,0.1,20.9,,,,
292,,14.4,,,0,0.1,,,,,,,Eric Decker,,4.5,0.6,64.6,,,,
293,,12.6,,,0,0.0,,,,,,,Cody Latimer,,1.6,0.2,20.6,,,,
294,,8.3,,,0,0.0,,,,,,,Jason Avant,,2.0,0.1,16.6,,,,
295,,12.8,,,0,0.0,,,,,,,Jeremy Butler,,2.3,0.1,29.1,,,,
296,,10.4,,,0,0.0,,,,,,,Chris Harper,,1.4,0.1,14.7,,,,
297,,12.2,,,0,0.0,,,,,,,Bryan Walters,,2.6,0.1,31.3,,,,
298,,13.5,,,0,0.0,,,,,,,Andre Roberts,,0.1,0.0,1.2,,,,
299,,14.1,,,0,0.0,,,,,,,Charles Johnson,,1.8,0.1,25.3,,,,
300,,11.2,,,0,0.0,,,,,,,Josh Bellamy,,1.9,0.1,21.2,,,,
301,,9.9,,,0,0.0,,,,,,,Keith Mumphery,,0.1,0.0,0.7,,,,
302,,12.6,,,0,0.0,,,,,,,Davante Adams,,3.8,0.4,48.2,,,,
303,,13.2,,,0,0.0,,,,,,,Randall Cobb,,5.0,0.7,66.2,,,,
304,,16.1,,,0,0.0,,,,,,,Devin Street,,0.0,0.0,0.6,,,,
305,,0.0,,,0,0.0,,,,,,,Vince Mayle,,0.0,0.0,0.0,,,,
306,,0.0,,,0,0.0,,,,,,,Jeremy Ross,,0.0,0.0,0.0,,,,
307,,13.0,,,0,0.0,,,,,,,Chris Hogan,,2.3,0.2,30.2,,,,
308,,10.5,,,0,0.0,,,,,,,Steve Johnson,,4.4,0.2,46.1,,,,
309,,10.8,,,0,0.0,,,,,,,Frankie Hammond,,0.0,0.0,0.3,,,,
310,,15.6,,,0,0.0,,,,,,,Denarius Moore,,0.1,0.0,1.8,,,,
311,,13.8,,,0,0.0,,,,,,,Alshon Jeffery,,4.8,0.3,66.2,,,,
312,,14.5,,,0,0.0,,,,,,,Jeff Janis,,1.2,0.1,18.0,,,,
313,,14.1,,,0,0.1,,,,,,,Calvin Johnson,,5.5,0.4,77.8,,,,
314,,13.8,,,0,0.0,,,,,,,Miles Austin,,1.6,0.1,22.7,,,,
315,,0.0,,,0,0.0,,,,,,,Brittan Golden,,0.0,0.0,0.0,,,,
316,,13.6,,,0,0.1,,,,,,,Amari Cooper,,5.2,0.2,70.9,,,,
317,,12.4,,,0,0.0,,,,,,,Corey Brown,,2.0,0.2,24.8,,,,
318,,12.9,,,0,0.0,,,,,,,Albert Wilson,,2.3,0.1,30.2,,,,
319,,11.6,,,0,0.0,,,,,,,Greg Little,,0.1,0.0,1.4,,,,
320,,9.8,,,0,0.1,,,,,,,Keshawn Martin,,3.4,0.2,32.7,,,,
321,,12.3,,,0,0.0,,,,,,,Marqise Lee,,2.0,0.1,24.9,,,,
322,,15.5,,,0,0.0,,,,,,,Jermaine Kearse,,2.7,0.2,42.2,,,,
323,,13.6,,,0,0.0,,,,,,,Jarius Wright,,2.1,0.1,28.0,,,,
324,,12.3,,,0,0.1,,,,,,,Robert Woods,,3.1,0.2,38.5,,,,
325,,9.3,,,0,0.0,,,,,,,Deonte Thompson,,0.1,0.0,0.7,,,,
326,,12.3,,,0,0.3,,,,,,,Griff Whalen,,2.3,0.2,28.0,,,,
327,,13.5,,,0,0.2,,,,,,,Tyler Lockett,,2.7,0.4,36.9,,,,
328,,12.2,,,0,0.0,,,,,,,Justin Hardy,,2.8,0.2,34.1,,,,
329,,11.5,,,0,0.0,,,,,,,Mike Wallace,,3.0,0.2,35.0,,,,
330,,10.3,,,0,0.2,,,,,,,Cole Beasley,,3.0,0.2,31.2,,,,
331,,17.6,,,0,0.0,,,,,,,Malcom Floyd,,2.0,0.2,35.6,,,,
332,,13.2,,,0,0.0,,,,,,,Anquan Boldin,,4.2,0.3,55.9,,,,
333,,12.9,,,0,0.0,,,,,,,Dez Bryant,,4.8,0.6,61.3,,,,
334,,11.5,,,0,0.0,,,,,,,Cameron Meredith,,1.2,0.1,14.2,,,,
335,,11.9,,,0,0.0,,,,,,,Bradley Marquez,,1.1,0.1,13.3,,,,
336,,12.2,,,0,0.0,,,,,,,Mohamed Sanu,,2.6,0.1,32.4,,,,
337,,11.5,,,0,0.0,,,,,,,Harry Douglas,,2.7,0.1,30.7,,,,
338,,13.1,,,0,0.0,,,,,,,Odell Beckham,,6.4,0.7,83.7,,,,
339,,15.5,,,0,0.0,,,,,,,Andre Holmes,,1.4,0.3,21.1,,,,
340,,0.0,,,0,0.0,,,,,,,Tyler Murphy,,0.0,0.0,0.0,,,,
341,,19.8,,,0,0.0,,,,,,,Kenny Britt,,2.0,0.1,40.1,,,,
342,,12.9,,,0,0.2,,,,,,,Martavis Bryant,,3.8,0.3,49.2,,,,
343,,12.1,,,0,0.2,,,,,,,Antonio Brown,,7.8,0.3,94.0,,,,
344,,13.2,,,0,0.1,,,,,,,Demaryius Thomas,,6.2,0.4,82.1,,,,
345,,0.0,,,0,0.0,,,,,,,Matt Hazel,,0.0,0.0,0.0,,,,
346,,12.5,,,0,0.1,,,,,,,Dwayne Harris,,2.4,0.3,29.6,,,,
347,,12.4,,,0,0.0,,,,,,,Bennie Fowler,,0.6,0.0,7.6,,,,
348,,12.6,,,0,0.1,,,,,,,Josh Huff,,1.8,0.3,22.4,,,,
349,,14.7,,,0,0.0,,,,,,,Seth Roberts,,1.1,0.1,16.0,,,,
350,,14.6,,,0,0.0,,,,,,,Jaelen Strong,,1.3,0.2,18.4,,,,
351,,13.5,,,0,0.0,,,,,,,Emmanuel Sanders,,5.1,0.5,69.1,,,,
352,,0.0,,,0,0.0,,,,,,,Chris Matthews,,0.0,0.0,0.0,,,,
353,,13.6,,,0,0.1,,,,,,,Brandon Marshall,,5.2,0.7,70.9,,,,
354,,13.6,,,0,0.0,,,,,,,T.Y. Hilton,,5.5,0.3,75.0,,,,
355,,0.0,,,0,0.0,,,,,,,Saalim Hakim,,0.0,0.0,0.0,,,,
356,,0.0,,,0,0.0,,,,,,,B.J. Daniels,,0.0,0.0,0.0,,,,
357,,17.1,,,0,0.0,,,,,,,Brandon Tate,,0.1,0.0,0.9,,,,
358,,16.2,,,0,0.0,,,,,,,Terrance Williams,,2.9,0.4,46.1,,,,
359,,10.6,,,0,0.0,,,,,,,Chris Conley,,0.9,0.1,10.0,,,,
360,,13.8,,,0,0.0,,,,,,,Ryan Grant,,0.1,0.0,1.2,,,,
361,,14.1,,,0,0.1,,,,,,,Devin Smith,,1.1,0.1,14.8,,,,
362,,13.0,,,0,0.1,,,,,,,Lance Moore,,1.9,0.2,25.3,,,,
363,,12.4,,,0,0.0,,,,,,,Andre Caldwell,,0.8,0.1,9.9,,,,
364,,13.2,,,0,0.0,,,,,,,Rishard Matthews,,3.4,0.2,44.3,,,,
365,,0.0,,,0,0.0,,,,,,,T.J. Graham,,0.0,0.0,0.0,,,,
366,,15.3,,,0,0.0,,,,,,,Dorial Green-Beckham,,2.1,0.3,32.8,,,,
367,,13.2,,,0,0.2,,,,,,,Corey Fuller,,1.6,0.1,21.2,,,,
368,,15.7,,,0,0.0,,,,,,,DeAndre Hopkins,,7.2,0.9,113.0,,,,
369,,9.5,,,0,0.0,,,,,,,Nick Williams,,0.1,0.0,0.7,,,,
370,,24.3,,,0,0.0,,,,,,,Torrey Smith,,1.7,0.3,41.6,,,,
371,,12.3,,,0,0.0,,,,,,,Marques Colston,,3.5,0.1,43.2,,,,
372,,14.4,,,0,0.1,,,,,,,John Brown,,5.3,0.4,76.4,,,,
373,,9.5,,,0,0.1,,,,,,,Tavon Austin,,2.4,0.3,22.5,,,,
374,,0.0,,,0,0.0,,,,,,,De'Andre Presley,,0.0,0.0,0.0,,,,
375,,11.0,,,0,0.1,,,,,,,Jordan Matthews,,5.1,0.2,56.1,,,,
376,,12.8,,,0,0.2,,,,,,,Nelson Agholor,,2.2,0.1,28.9,,,,
377,,13.7,,,0,0.2,,,,,,,A.J. Green,,6.2,0.4,84.7,,,,
378,,13.8,,,0,0.0,,,,,,,Ted Ginn,,2.8,0.3,38.5,,,,
379,,11.1,,,0,0.0,,,,,,,Darrius Heyward-Bey,,1.9,0.1,21.6,,,,
380,,19.6,,,0,0.0,,,,,,,Brice Butler,,0.1,0.0,1.6,,,,
381,,0.0,,,0,0.0,,,,,,,Preston Parker,,0.0,0.0,0.0,,,,
382,,13.9,,,0,0.2,,,,,,,Dontrelle Inman,,2.2,0.1,31.1,,,,
383,,9.5,,,0,0.0,,,,,,,Wes Welker,,2.4,0.1,22.3,,,,
384,,0.0,,,0,0.0,,,,,,,Walt Powell,,0.0,0.0,0.0,,,,
385,,11.3,,,0,0.0,,,,,,,Donte Moncrief,,4.0,0.5,44.7,,,,
386,,0.0,,,0,0.0,,,,,,,T.J. Jones,,0.0,0.0,0.0,,,,
387,,13.2,,,0,0.0,,,,,,,Brandin Cooks,,5.2,0.4,68.8,,,,
388,,16.6,,,0,0.0,,,,,,,James Jones,,3.6,0.8,59.5,,,,
389,,14.6,,,0,0.0,,,,,,,Devin Funchess,,2.4,0.2,34.2,,,,
390,,16.0,,,0,0.1,,,,,,,Travis Benjamin,,3.4,0.4,54.3,,,,
391,,11.5,,,0,0.1,,,,,,,Marc Mariani,,1.2,0.1,13.8,,,,
392,,10.8,,,0,0.0,,,,,,,Brandon LaFell,,4.3,0.2,46.9,,,,
393,,11.3,,,0,0.0,,,,,,,Bruce Ellington,,1.1,0.1,12.4,,,,
394,,8.6,,,0,0.0,,,,,,,Russell Shepard,,0.0,0.0,0.1,,,,
395,,11.8,,,0,0.1,,,,,,,Golden Tate,,5.1,0.2,60.0,,,,
396,,11.1,,,0,0.0,,,,,,,Jamison Crowder,,3.4,0.1,37.6,,,,
397,,0.0,,,0,0.0,,,,,,,Rashad Ross,,0.0,0.0,0.0,,,,
398,,9.9,,,0,0.0,,,,,,,Donteea Dye,,0.0,0.0,0.4,,,,
399,,0.0,,,0,0.0,,,,,,,Eric Weems,,0.0,0.0,0.0,,,,
400,,12.5,,,0,0.1,,,,,,,Quinton Patton,,1.4,0.1,17.3,,,,
401,,12.4,,,0,0.0,,,,,,,Brandon Coleman,,1.6,0.1,20.4,,,,
402,,13.3,,,0,0.2,,,,,,,Willie Snead,,4.2,0.2,56.3,,,,
403,,12.6,,,0,0.0,,,,,,,Marvin Jones,,3.7,0.3,46.7,,,,
404,,,,,,,,,,,,,Pages: 1 2 3 4 All,,,,,,,,
405,,,,,,,,,,,,,Tight Ends Week 12 Standard Stats -- Average,,,,,,,,
406,,,,,,,,,,,,,Receiving,,Misc,,,,,,
407,,Avg,,,FPTS,FL,,,,,,,Player,,Recpt,TD,Yd,,,,
408,,9.6,,,0,0.1,,,,,,,Jason Witten,,4.7,0.3,44.9,,,,
409,,0.0,,,0,0.0,,,,,,,Geoff Swaim,,0.0,0.0,0.0,,,,
410,,9.4,,,0,0.0,,,,,,,Kyle Rudolph,,2.9,0.3,27.2,,,,
411,,0.0,,,0,0.0,,,,,,,Chase Coffman,,0.0,0.0,0.0,,,,
412,,10.5,,,0,0.0,,,,,,,Jacob Tamme,,3.6,0.2,37.9,,,,
413,,11.2,,,0,0.0,,,,,,,Charles Clay,,3.5,0.2,39.7,,,,
414,,12.1,,,0,0.0,,,,,,,Delanie Walker,,3.5,0.3,41.9,,,,
415,,0.0,,,0,0.0,,,,,,,Gabe Holmes,,0.0,0.0,0.0,,,,
416,,9.8,,,0,0.0,,,,,,,Vance McDonald,,1.5,0.1,14.6,,,,
417,,11.2,,,0,0.0,,,,,,,Brandon Myers,,1.1,0.1,12.3,,,,
418,,10.7,,,0,0.1,,,,,,,Antonio Gates,,4.6,0.4,49.1,,,,
419,,9.6,,,0,0.0,,,,,,,Jake Stoneburner,,2.1,0.3,20.2,,,,
420,,11.5,,,0,0.1,,,,,,,Jared Cook,,2.3,0.1,26.7,,,,
421,,12.3,,,0,0.0,,,,,,,Cameron Brate,,1.1,0.2,13.7,,,,
422,,10.3,,,0,0.1,,,,,,,Will Tye,,3.0,0.2,30.9,,,,
423,,12.3,,,0,0.0,,,,,,,Joseph Fauria,,0.1,0.0,0.7,,,,
424,,11.6,,,0,0.0,,,,,,,Garrett Graham,,0.1,0.0,0.9,,,,
425,,8.9,,,0,0.1,,,,,,,Heath Miller,,3.7,0.1,33.0,,,,
426,,6.7,,,0,0.0,,,,,,,Michael Hoomanawanui,,0.1,0.0,0.7,,,,
427,,13.7,,,0,0.0,,,,,,,Jimmy Graham,,4.2,0.5,58.2,,,,
428,,7.2,,,0,0.0,,,,,,,MyCole Pruitt,,0.1,0.0,0.4,,,,
429,,12.0,,,0,0.0,,,,,,,Rob Gronkowski,,5.2,0.5,62.2,,,,
430,,11.5,,,0,0.0,,,,,,,Jim Dray,,1.8,0.1,20.4,,,,
431,,6.5,,,0,0.0,,,,,,,Jack Doyle,,0.1,0.0,0.5,,,,
432,,5.9,,,0,0.0,,,,,,,Cory Harkey,,0.0,0.0,0.2,,,,
433,,10.4,,,0,0.0,,,,,,,Julius Thomas,,3.7,0.5,38.3,,,,
434,,11.1,,,0,0.0,,,,,,,David Johnson,,0.0,0.0,0.4,,,,
435,,15.4,,,0,0.0,,,,,,,Jeff Cumberland,,0.1,0.0,0.9,,,,
436,,9.8,,,0,0.2,,,,,,,Gavin Escobar,,1.8,0.2,18.0,,,,
437,,11.9,,,0,0.0,,,,,,,Ladarius Green,,2.5,0.3,30.1,,,,
438,,17.9,,,0,0.0,,,,,,,Vernon Davis,,2.1,0.3,37.5,,,,
439,,14.8,,,0,0.0,,,,,,,Gary Barnidge,,4.0,0.6,59.3,,,,
440,,9.8,,,0,0.0,,,,,,,Josh Hill,,2.5,0.2,24.2,,,,
441,,0.0,,,0,0.0,,,,,,,Trey Burton,,0.0,0.0,0.0,,,,
442,,14.2,,,0,0.0,,,,,,,Chris Gragg,,0.1,0.0,1.2,,,,
443,,8.8,,,0,0.0,,,,,,,Richard Rodgers,,3.0,0.4,26.7,,,,
444,,0.0,,,0,0.0,,,,,,,Kyle Miller,,0.0,0.0,0.0,,,,
445,,9.9,,,0,0.0,,,,,,,Maxx Williams,,2.2,0.1,21.8,,,,
446,,0.0,,,0,0.0,,,,,,,C.J. Uzomah,,0.0,0.0,0.0,,,,
447,,9.6,,,0,0.0,,,,,,,Levine Toilolo,,2.4,0.1,22.8,,,,
448,,10.0,,,0,0.0,,,,,,,Anthony McCoy,,0.0,0.0,0.5,,,,
449,,9.6,,,0,0.0,,,,,,,Lance Kendricks,,1.5,0.3,14.3,,,,
450,,10.8,,,0,0.0,,,,,,,Kellen Davis,,1.6,0.2,16.8,,,,
451,,13.4,,,0,0.0,,,,,,,Crockett Gillmore,,3.2,0.4,43.0,,,,
452,,9.9,,,0,0.0,,,,,,,Lee Smith,,1.5,0.1,15.2,,,,
453,,11.0,,,0,0.0,,,,,,,Tyler Eifert,,4.9,0.7,54.4,,,,
454,,9.9,,,0,0.0,,,,,,,Jermaine Gresham,,1.5,0.1,14.9,,,,
455,,11.4,,,0,0.0,,,,,,,Ryan Griffin,,1.7,0.2,19.3,,,,
456,,0.0,,,0,0.0,,,,,,,E.J. Bibbs,,0.0,0.0,0.0,,,,
457,,9.9,,,0,0.0,,,,,,,Tyler Kroft,,0.0,0.0,0.2,,,,
458,,11.8,,,0,0.0,,,,,,,Jordan Cameron,,2.3,0.1,27.2,,,,
459,,6.8,,,0,0.0,,,,,,,Matthew Mulligan,,0.0,0.0,0.3,,,,
460,,7.2,,,0,0.0,,,,,,,Jesse James,,0.0,0.0,0.3,,,,
461,,11.0,,,0,0.0,,,,,,,Owen Daniels,,1.5,0.2,16.9,,,,
462,,13.2,,,0,0.0,,,,,,,Zach Miller,,4.4,0.8,57.8,,,,
463,,10.2,,,0,0.0,,,,,,,Ed Dickson,,1.7,0.1,17.7,,,,
464,,6.0,,,0,0.0,,,,,,,Malcolm Johnson,,0.0,0.0,0.2,,,,
465,,12.4,,,0,0.0,,,,,,,Marcedes Lewis,,0.9,0.1,11.3,,,,
466,,9.3,,,0,0.0,,,,,,,Rhett Ellison,,1.6,0.3,15.2,,,,
467,,9.8,,,0,0.0,,,,,,,Virgil Green,,1.4,0.1,13.5,,,,
468,,10.8,,,0,0.0,,,,,,,Brandon Williams,,0.0,0.0,0.1,,,,
469,,0.0,,,0,0.0,,,,,,,Sean McGrath,,0.0,0.0,0.0,,,,
470,,0.0,,,0,0.0,,,,,,,Phillip Supernaw,,0.0,0.0,0.0,,,,
471,,11.6,,,0,0.0,,,,,,,Darren Fells,,1.6,0.3,19.2,,,,
472,,0.0,,,0,0.0,,,,,,,Kennard Backman,,0.0,0.0,0.0,,,,
473,,10.4,,,0,0.0,,,,,,,Brandon Pettigrew,,1.6,0.1,16.9,,,,
474,,14.1,,,0,0.0,,,,,,,Luke Willson,,1.8,0.1,25.3,,,,
475,,10.4,,,0,0.0,,,,,,,Timothy Wright,,0.1,0.0,1.2,,,,
476,,11.3,,,0,0.0,,,,,,,Anthony Fasano,,1.5,0.2,17.1,,,,
477,,11.3,,,0,0.1,,,,,,,Benjamin Watson,,3.4,0.2,38.3,,,,
478,,8.5,,,0,0.0,,,,,,,Matt Spaeth,,0.0,0.0,0.4,,,,
479,,6.0,,,0,0.0,,,,,,,John Phillips,,0.1,0.0,0.4,,,,
480,,9.9,,,0,0.0,,,,,,,Clive Walford,,1.5,0.2,15.2,,,,
481,,11.4,,,0,0.2,,,,,,,C.J. Fiedorowicz,,1.7,0.2,19.3,,,,
482,,10.5,,,0,0.0,,,,,,,Derek Carrier,,1.8,0.1,18.4,,,,
483,,0.0,,,0,0.0,,,,,,,Nick O'Leary,,0.0,0.0,0.0,,,,
484,,7.2,,,0,0.0,,,,,,,Luke Stocker,,0.1,0.0,0.5,,,,
485,,9.4,,,0,0.0,,,,,,,Mychal Rivera,,2.1,0.1,19.3,,,,
486,,12.0,,,0,0.0,,,,,,,Clay Harbor,,0.1,0.0,1.3,,,,
487,,14.2,,,0,0.1,,,,,,,Brent Celek,,2.4,0.2,33.7,,,,
488,,0.0,,,0,0.0,,,,,,,Brian Parker,,0.0,0.0,0.0,,,,
489,,0.0,,,0,0.0,,,,,,,Cooper Helfet,,0.0,0.0,0.0,,,,
490,,12.7,,,0,0.0,,,,,,,Greg Olsen,,5.2,0.4,65.8,,,,
491,,9.1,,,0,0.2,,,,,,,Jordan Reed,,5.0,0.5,45.6,,,,
492,,10.5,,,0,0.0,,,,,,,Garrett Celek,,1.9,0.3,20.3,,,,
493,,11.7,,,0,0.2,,,,,,,Travis Kelce,,4.2,0.5,49.1,,,,
494,,12.8,,,0,0.0,,,,,,,Eric Ebron,,3.6,0.5,45.7,,,,
495,,0.0,,,0,0.0,,,,,,,Mitchell Henry,,0.0,0.0,0.0,,,,
496,,9.8,,,0,0.0,,,,,,,Dion Sims,,1.6,0.1,16.1,,,,
497,,11.1,,,0,0.0,,,,,,,Craig Stevens,,0.1,0.0,0.6,,,,
498,,6.0,,,0,0.0,,,,,,,James Hanna,,0.0,0.0,0.3,,,,
499,,8.4,,,0,0.0,,,,,,,Scott Chandler,,2.4,0.1,20.3,,,,
500,,8.5,,,0,0.0,,,,,,,Troy Niklas,,0.0,0.0,0.4,,,,
501,,8.3,,,0,0.0,,,,,,,Nic Jacobs,,0.0,0.0,0.2,,,,
502,,10.3,,,0,0.0,,,,,,,Ryan Hewitt,,1.0,0.1,9.9,,,,
503,,10.2,,,0,0.0,,,,,,,Dwayne Allen,,2.1,0.3,21.9,,,,
504,,10.7,,,0,0.0,,,,,,,Coby Fleener,,3.8,0.3,40.0,,,,
505,,0.0,,,0,0.0,,,,,,,James Casey,,0.0,0.0,0.0,,,,
506,,9.6,,,0,0.0,,,,,,,Nick Boyle,,1.9,0.1,17.8,,,,
507,,0.0,,,0,0.0,,,,,,,Khari Lee,,0.0,0.0,0.0,,,,
508,,9.0,,,0,0.0,,,,,,,Jerome Cunningham,,0.1,0.0,0.6,,,,
509,,9.1,,,0,0.0,,,,,,,Demetrius Harris,,0.1,0.0,0.5,,,,
510,,0.0,,,0,0.0,,,,,,,Blake Bell,,0.0,0.0,0.0,,,,
511,,,,,,,,,,,,,Pages: 1 2 3 All,,,,,,,,
