,2-pt,QB_rat,bye,comp,comp-%,fan_pts,fl,int,kick_td,misc_td,misc_yard,opp,own,own-%,pass_att,pass_tds,pass_yards,player,pos,punt_td,rec,rec_tds,rec_yards,rush_att,rush_tds,rush_yards,tar,team
0,,122.1,7.0,25.0,25/37,32.9,,0.0,,,,CHI,,99%,37.0,3.0,326.0,Aaron Rodgers,QB,,,,,3.0,0.0,16.0,,GB
1,,113.4,11.0,27.0,27/41,31.05,,0.0,,,,@HOUSun 1:00,,98%,41.0,3.0,315.0,Drew Brees,QB,,,,,1.0,0.0,3.0,,NO
2,,124.3,4.0,23.0,23/34,27.05,,0.0,,,,@DENSun 8:30,,98%,34.0,3.0,297.0,Tom Brady,QB,,,,,1.0,0.0,2.0,,NE
3,,103.6,10.0,28.0,28/42,26.85,,0.0,,,,MINSun 1:00,,95%,42.0,2.0,303.0,Matt Ryan,QB,,,,,1.0,0.0,7.0,,ATL
4,,99.3,10.0,26.0,26/41,25.05,,0.0,,,,ARISun 4:05,,7%,41.0,2.0,277.0,Blaine Gabbert,QB,,,,,3.0,0.0,12.0,,SF
5,,108.8,10.0,25.0,25/37,24.6,,0.0,,,,@JACSun 1:00,,95%,37.0,2.0,288.0,Philip Rivers,QB,,,,,1.0,0.0,2.0,,SD
6,,131.1,8.0,9.0,9/15,24.5,,0.0,,,,@DET,,12%,15.0,2.0,142.0,Mark Sanchez,QB,,,,,4.0,1.0,14.0,,PHI
7,,103.7,5.0,25.0,25/37,23.8,,0.0,,,,@NYJSun 1:00,,78%,37.0,2.0,242.0,Ryan Tannehill,QB,,,,,3.0,0.0,17.0,,MIA
8,,91.7,5.0,19.0,19/31,23.55,,0.0,,,,@DAL,,96%,31.0,1.0,207.0,Cam Newton,QB,,,,,6.0,1.0,32.0,,CAR
9,,106.4,11.0,25.0,25/37,23.5,,0.0,,,,@SEASun 4:25,,94%,37.0,2.0,266.0,Ben Roethlisberger,QB,,,,,1.0,0.0,2.0,,PIT
10,,111.5,9.0,18.0,18/28,22.65,,0.0,,,,PITSun 4:25,,89%,28.0,2.0,215.0,Russell Wilson,QB,,,,,5.0,0.0,39.0,,SEA
11,,101.1,4.0,22.0,22/35,22.4,,0.0,,,,OAKSun 1:00,,52%,35.0,2.0,232.0,Marcus Mariota,QB,,,,,5.0,0.0,28.0,,TEN
12,,97.3,5.0,18.0,18/34,21.85,,0.0,,,,MIASun 1:00,,30%,34.0,2.0,257.0,Ryan Fitzpatrick,QB,,,,,2.0,0.0,10.0,,NYJ
13,,94.2,8.0,23.0,23/38,21.4,,0.0,,,,SDSun 1:00,,66%,38.0,2.0,220.0,Blake Bortles,QB,,,,,3.0,0.0,24.0,,JAC
14,,98.4,6.0,23.0,23/38,21.4,,0.0,,,,@TENSun 1:00,,73%,38.0,2.0,258.0,Derek Carr,QB,,,,,2.0,0.0,5.0,,OAK
15,,99.7,11.0,21.0,21/35,21.2,,0.0,,,,BALMon 8:30,,19%,35.0,2.0,240.0,Josh McCown,QB,,,,,2.0,0.0,12.0,,CLE
16,,104.6,11.0,22.0,22/35,21.15,,0.0,,,,@WASSun 1:00,,92%,35.0,2.0,261.0,Eli Manning,QB,,,,,1.0,0.0,1.0,,NYG
17,,98.2,6.0,16.0,16/28,21.1,,0.0,,,,CAR,,7%,28.0,2.0,166.0,Matt Cassel,QB,,,,,1.0,0.0,8.0,,DAL
18,,105.0,7.0,22.0,22/34,21.0,,0.0,,,,STLSun 1:00,,89%,34.0,2.0,240.0,Andy Dalton,QB,,,,,3.0,0.0,10.0,,CIN
19,,106.2,8.0,21.0,21/33,20.85,,0.0,,,,NYGSun 1:00,,32%,33.0,2.0,245.0,Kirk Cousins,QB,,,,,2.0,0.0,6.0,,WAS
20,,,,,,,,,,,,,,,,,, Previous12Next ,,,,,,,,,,
21,,107.6,5.0,19.0,19/30,20.7,,0.0,,,,@ATLSun 1:00,,37%,30.0,2.0,220.0,Teddy Bridgewater,QB,,,,,3.0,0.0,17.0,,MIN
22,,100.4,6.0,21.0,21/35,20.5,,0.0,,,,@CINSun 1:00,,21%,35.0,2.0,246.0,Nick Foles,QB,,,,,1.0,0.0,2.0,,STL
23,,100.2,7.0,22.0,22/35,20.1,,0.0,,,,@GB,,52%,35.0,2.0,224.0,Jay Cutler,QB,,,,,2.0,0.0,9.0,,CHI
24,,113.1,9.0,18.0,18/28,19.6,,0.0,,,,@SFSun 4:05,,90%,28.0,2.0,226.0,Carson Palmer,QB,,,,,1.0,0.0,3.0,,ARI
25,,89.7,9.0,23.0,23/39,18.6,,0.0,,,,PHI,,80%,39.0,1.0,280.0,Matthew Stafford,QB,,,,,1.0,0.0,6.0,,DET
26,,101.7,6.0,18.0,18/30,18.45,,0.0,,,,@INDSun 1:00,,48%,30.0,2.0,197.0,Jameis Winston,QB,,,,,2.0,0.0,6.0,,TB
27,,94.6,9.0,22.0,22/33,15.95,,0.0,,,,BUFSun 1:00,,44%,33.0,1.0,213.0,Alex Smith,QB,,,,,3.0,0.0,13.0,,KC
28,,90.9,9.0,22.0,22/35,15.5,,0.0,,,,NOSun 1:00,,3%,35.0,1.0,226.0,T.J. Yates,QB,,,,,1.0,0.0,2.0,,HOU
29,,90.2,8.0,16.0,16/27,14.95,,0.0,,,,@KCSun 1:00,,40%,27.0,1.0,171.0,Tyrod Taylor,QB,,,,,4.0,0.0,24.0,,BUF
30,,93.9,9.0,15.0,15/26,13.55,,0.0,,,,@CLEMon 8:30,,5%,26.0,1.0,193.0,Matt Schaub,QB,,,,,1.0,0.0,-1.0,,BAL
31,,86.6,10.0,35.0,35/45,12.0,,0.0,,,,TBSun 1:00,,10%,45.0,1.0,116.0,Matt Hasselbeck,QB,,,,,1.0,0.0,2.0,,IND
32,,,,,,,,,,,,,,,,,, Previous12Next ,,,,,,,,,,
33,,,7.0,,,17.4,0,,0.0,1.0,114.0,STLSun 1:00,98%,,,,,A.J. Green,WR,0.0,7.0,1.0,112.0,0.0,0.0,2.0,7.0,CIN
34,,,11.0,,,17.0,0,,0.0,1.0,110.0,@WASSun 1:00,95%,,,,,Odell Beckham,WR,0.0,7.0,1.0,105.0,1.0,0.0,5.0,7.0,NYG
35,,,5.0,,,16.9,1-1,,0.0,1.0,129.0,@ATLSun 1:00,98%,,,,,Adrian Peterson,RB,0.0,3.0,0.0,18.0,25.0,1.0,111.0,3.0,MIN
36,,,10.0,,,16.8,0,,0.0,1.0,108.0,MINSun 1:00,98%,,,,,Julio Jones,WR,0.0,7.0,1.0,107.0,0.0,0.0,1.0,7.0,ATL
37,,,10.0,,,16.3,0,,0.0,1.0,103.0,TBSun 1:00,95%,,,,,T.Y. Hilton,WR,0.0,7.0,1.0,100.0,0.0,0.0,3.0,7.0,IND
38,,,7.0,,,16.2,0,,0.0,1.0,102.0,NESun 8:30,98%,,,,,Demaryius Thomas,WR,0.0,7.0,1.0,102.0,0.0,0.0,0.0,7.0,DEN
39,,,7.0,,,16.2,0,,0.0,1.0,102.0,CHI,97%,,,,,Randall Cobb,WR,0.0,7.0,1.0,95.0,1.0,0.0,7.0,7.0,GB
40,,,6.0,,,16.1,0,,0.0,1.0,101.0,@TENSun 1:00,90%,,,,,Amari Cooper,WR,0.0,8.0,1.0,101.0,0.0,0.0,0.0,8.0,OAK
41,,,6.0,,,15.5,0,,0.0,1.0,95.0,@INDSun 1:00,93%,,,,,Mike Evans,WR,0.0,7.0,1.0,95.0,0.0,0.0,0.0,7.0,TB
42,,,6.0,,,15.2,1,,0.0,1.0,102.0,@CINSun 1:00,90%,,,,,Todd Gurley,RB,0.0,2.0,0.0,15.0,18.0,1.0,87.0,2.0,STL
43,,,9.0,,,15.0,0,,0.0,1.0,90.0,NOSun 1:00,95%,,,,,DeAndre Hopkins,WR,0.0,6.0,1.0,90.0,0.0,0.0,0.0,6.0,HOU
44,,,7.0,,,14.9,0,,0.0,1.0,89.0,NESun 8:30,94%,,,,,Emmanuel Sanders,WR,0.0,6.0,1.0,87.0,1.0,0.0,2.0,6.0,DEN
45,,,6.0,,,14.7,0,,0.0,1.0,87.0,CAR,96%,,,,,Dez Bryant,WR,0.0,6.0,1.0,87.0,0.0,0.0,0.0,6.0,DAL
46,,,4.0,,,14.5,0,,0.0,1.0,85.0,@DENSun 8:30,98%,,,,,Rob Gronkowski,TE,0.0,7.0,1.0,85.0,0.0,0.0,0.0,7.0,NE
47,,,7.0,,,14.4,0,,0.0,1.0,84.0,@GB,95%,,,,,Alshon Jeffery,WR,0.0,6.0,1.0,82.0,0.0,0.0,2.0,6.0,CHI
48,,,9.0,,,14.3,0,,0.0,1.0,83.0,PITSun 4:25,96%,,,,,Jimmy Graham,TE,0.0,7.0,1.0,83.0,0.0,0.0,0.0,7.0,SEA
49,,,8.0,,,14.3,0,,0.0,1.0,83.0,SDSun 1:00,85%,,,,,T.J. Yeldon,RB,0.0,2.0,0.0,14.0,15.0,1.0,69.0,2.0,JAC
50,,,5.0,,,14.0,1,,0.0,1.0,90.0,MIASun 1:00,94%,,,,,Chris Ivory,RB,0.0,2.0,0.0,12.0,18.0,1.0,78.0,2.0,NYJ
51,,,7.0,,,13.8,0,,0.0,1.0,78.0,@GB,71%,,,,,Jeremy Langford,RB,0.0,3.0,0.0,28.0,12.0,1.0,50.0,3.0,CHI
52,,,7.0,,,13.8,1,,0.0,1.0,88.0,CHI,94%,,,,,Eddie Lacy,RB,0.0,2.0,0.0,21.0,15.0,1.0,67.0,2.0,GB
53,,,,,,,,,,,,,,,,,, Previous1234567Next ,,,,,,,,,,
54,,,7.0,,,13.7,0,,0.0,1.0,77.0,@GB,97%,,,,,Matt Forte,RB,0.0,3.0,0.0,26.0,12.0,1.0,51.0,3.0,CHI
55,,,11.0,,,13.6,0,,0.0,1.0,76.0,@SEASun 4:25,98%,,,,,Antonio Brown,WR,0.0,6.0,1.0,75.0,0.0,0.0,1.0,6.0,PIT
56,,,7.0,,,13.6,0,,0.0,1.0,76.0,STLSun 1:00,89%,,,,,Tyler Eifert,TE,0.0,6.0,1.0,76.0,0.0,0.0,0.0,6.0,CIN
57,,,10.0,,,13.4,0,,0.0,1.0,74.0,TBSun 1:00,95%,,,,,Frank Gore,RB,0.0,2.0,0.0,13.0,15.0,1.0,61.0,2.0,IND
58,,,5.0,,,13.4,0,,0.0,1.0,74.0,@DAL,92%,,,,,Jonathan Stewart,RB,0.0,2.0,0.0,13.0,14.0,1.0,61.0,2.0,CAR
59,,,5.0,,,13.4,0,,0.0,1.0,74.0,@ATLSun 1:00,68%,,,,,Stefon Diggs,WR,0.0,6.0,1.0,74.0,0.0,0.0,0.0,6.0,MIN
60,,,10.0,,,13.3,1-1,,0.0,1.0,93.0,@JACSun 1:00,86%,,,,,Danny Woodhead,RB,0.0,3.0,1.0,47.0,12.0,0.0,46.0,3.0,SD
61,,,7.0,,,13.2,0,,0.0,1.0,72.0,NESun 8:30,78%,,,,,Ronnie Hillman,RB,0.0,2.0,0.0,24.0,8.0,1.0,48.0,2.0,DEN
62,,,8.0,,,13.2,0,,0.0,1.0,72.0,@DET,97%,,,,,DeMarco Murray,RB,0.0,2.0,0.0,14.0,14.0,1.0,58.0,2.0,PHI
63,,,9.0,,,13.2,0,,0.0,0.0,132.0,PITSun 4:25,71%,,,,,Thomas Rawls,RB,0.0,2.0,0.0,35.0,20.0,0.0,97.0,2.0,SEA
64,,,7.0,,,13.0,1,,0.0,1.0,80.0,STLSun 1:00,92%,,,,,Giovani Bernard,RB,0.0,4.0,0.0,29.0,12.0,1.0,51.0,4.0,CIN
65,,,5.0,,,13.0,0,,0.0,1.0,70.0,@ATLSun 1:00,58%,,,,,Mike Wallace,WR,0.0,5.0,1.0,68.0,0.0,0.0,2.0,5.0,MIN
66,,,9.0,,,13.0,0,,0.0,1.0,70.0,PITSun 4:25,41%,,,,,Doug Baldwin,WR,0.0,6.0,1.0,69.0,0.0,0.0,1.0,6.0,SEA
67,,,5.0,,,12.8,0,,0.0,1.0,68.0,MIASun 1:00,97%,,,,,Brandon Marshall,WR,0.0,6.0,1.0,68.0,0.0,0.0,0.0,6.0,NYJ
68,,,11.0,,,12.8,0,,0.0,1.0,68.0,@HOUSun 1:00,62%,,,,,C.J. Spiller,RB,0.0,2.0,0.0,24.0,9.0,1.0,44.0,2.0,NO
69,,,8.0,,,12.7,1,,0.0,1.0,77.0,@KCSun 1:00,97%,,,,,LeSean McCoy,RB,0.0,2.0,0.0,12.0,16.0,1.0,65.0,2.0,BUF
70,,,6.0,,,12.7,0,,0.0,1.0,67.0,@INDSun 1:00,94%,,,,,Doug Martin,RB,0.0,1.0,0.0,9.0,14.0,1.0,58.0,1.0,TB
71,,,6.0,,,12.7,0,,0.0,1.0,67.0,@TENSun 1:00,91%,,,,,Latavius Murray,RB,0.0,1.0,0.0,8.0,13.0,1.0,59.0,1.0,OAK
72,,,7.0,,,12.7,0,,0.0,1.0,67.0,CHI,82%,,,,,James Jones,WR,0.0,5.0,1.0,67.0,0.0,0.0,0.0,5.0,GB
73,,,8.0,,,12.7,0,,0.0,1.0,67.0,NYGSun 1:00,76%,,,,,DeSean Jackson,WR,0.0,5.0,1.0,65.0,0.0,0.0,2.0,5.0,WAS
74,,,,,,,,,,,,,,,,,, Previous1234567Next ,,,,,,,,,,
75,,,11.0,,,12.7,0,,0.0,1.0,67.0,@HOUSun 1:00,91%,,,,,Brandin Cooks,WR,0.0,6.0,1.0,60.0,1.0,0.0,7.0,6.0,NO
76,,,11.0,,,12.7,0,,0.0,1.0,67.0,BALMon 8:30,80%,,,,,Gary Barnidge,TE,0.0,7.0,1.0,67.0,0.0,0.0,0.0,7.0,CLE
77,,,9.0,,,12.5,0,,0.0,1.0,65.0,@SFSun 4:05,97%,,,,,Larry Fitzgerald,WR,0.0,5.0,1.0,65.0,0.0,0.0,0.0,5.0,ARI
78,,,4.0,,,12.5,0,,0.0,1.0,65.0,OAKSun 1:00,86%,,,,,Delanie Walker,TE,0.0,5.0,1.0,65.0,0.0,0.0,0.0,5.0,TEN
79,,,6.0,,,12.4,1,,0.0,1.0,74.0,CAR,89%,,,,,Darren McFadden,RB,0.0,1.0,0.0,6.0,20.0,1.0,68.0,1.0,DAL
80,,,5.0,,,12.4,0,,0.0,1.0,64.0,@DAL,97%,,,,,Greg Olsen,TE,0.0,5.0,1.0,64.0,0.0,0.0,0.0,5.0,CAR
81,,,11.0,,,12.2,0,,0.0,1.0,62.0,@SEASun 4:25,89%,,,,,Martavis Bryant,WR,0.0,5.0,1.0,59.0,1.0,0.0,3.0,5.0,PIT
82,,,8.0,,,12.2,0,,0.0,1.0,62.0,SDSun 1:00,80%,,,,,Allen Hurns,WR,0.0,5.0,1.0,62.0,0.0,0.0,0.0,5.0,JAC
83,,,5.0,,,12.1,0,,0.0,1.0,61.0,@NYJSun 1:00,95%,,,,,Lamar Miller,RB,0.0,2.0,0.0,11.0,12.0,1.0,50.0,2.0,MIA
84,,,9.0,,,12.1,0,,0.0,1.0,61.0,BUFSun 1:00,88%,,,,,Jeremy Maclin,WR,0.0,5.0,1.0,61.0,0.0,0.0,0.0,5.0,KC
85,,,7.0,,,12.0,0,,0.0,1.0,60.0,STLSun 1:00,58%,,,,,Marvin Jones,WR,0.0,5.0,1.0,60.0,0.0,0.0,0.0,5.0,CIN
86,,,11.0,,,11.9,0,,0.0,1.0,59.0,@WASSun 1:00,52%,,,,,Rueben Randle,WR,0.0,4.0,1.0,59.0,0.0,0.0,0.0,4.0,NYG
87,,,8.0,,,11.9,0,,0.0,1.0,59.0,SDSun 1:00,90%,,,,,Allen Robinson,WR,0.0,5.0,1.0,59.0,0.0,0.0,0.0,5.0,JAC
88,,,11.0,,,11.8,0,,0.0,1.0,58.0,@HOUSun 1:00,96%,,,,,Mark Ingram,RB,0.0,2.0,0.0,7.0,12.0,1.0,51.0,2.0,NO
89,,,10.0,,,11.8,0,,0.0,1.0,58.0,ARISun 4:05,60%,,,,,Anquan Boldin,WR,0.0,5.0,1.0,58.0,0.0,0.0,0.0,5.0,SF
90,,,11.0,,,11.8,0,,0.0,1.0,58.0,@HOUSun 1:00,55%,,,,,Marques Colston,WR,0.0,5.0,1.0,58.0,0.0,0.0,0.0,5.0,NO
91,,,11.0,,,11.8,0,,0.0,1.0,58.0,BALMon 8:30,76%,,,,,Travis Benjamin,WR,0.0,4.0,1.0,56.0,0.0,0.0,2.0,4.0,CLE
92,,,8.0,,,11.7,0,,0.0,1.0,57.0,NYGSun 1:00,61%,,,,,Pierre Garcon,WR,0.0,5.0,1.0,57.0,0.0,0.0,0.0,5.0,WAS
93,,,5.0,,,11.7,0,,0.0,1.0,57.0,@NYJSun 1:00,90%,,,,,Jarvis Landry,WR,0.0,5.0,1.0,55.0,0.0,0.0,2.0,5.0,MIA
94,,,6.0,,,11.7,0,,0.0,1.0,57.0,CAR,92%,,,,,Jason Witten,TE,0.0,5.0,1.0,57.0,0.0,0.0,0.0,5.0,DAL
95,,,,,,,,,,,,,,,,,, Previous1234567Next ,,,,,,,,,,
96,,,6.0,,,11.7,0,,0.0,1.0,57.0,@INDSun 1:00,46%,,,,,Austin Seferian-Jenkins,TE,0.0,5.0,1.0,57.0,0.0,0.0,0.0,5.0,TB
97,,,4.0,,,11.5,0,,0.0,1.0,55.0,@DENSun 8:30,60%,,,,,Brandon LaFell,WR,0.0,5.0,1.0,53.0,0.0,0.0,2.0,5.0,NE
98,,,9.0,,,11.4,1-1,,0.0,1.0,74.0,@CLEMon 8:30,51%,,,,,Javorius Allen,RB,0.0,4.0,0.0,23.0,13.0,1.0,51.0,4.0,BAL
99,,,6.0,,,11.3,0,,0.0,1.0,53.0,@INDSun 1:00,76%,,,,,Vincent Jackson,WR,0.0,4.0,1.0,53.0,0.0,0.0,0.0,4.0,TB
100,,,6.0,,,11.3,0,,0.0,1.0,53.0,@TENSun 1:00,86%,,,,,Michael Crabtree,WR,0.0,4.0,1.0,53.0,0.0,0.0,0.0,4.0,OAK
101,,,4.0,,,11.2,0,,0.0,1.0,52.0,OAKSun 1:00,45%,,,,,Antonio Andrews,RB,0.0,2.0,0.0,14.0,9.0,1.0,38.0,2.0,TEN
102,,,9.0,,,11.2,0,,0.0,1.0,52.0,@CLEMon 8:30,36%,,,,,Kamar Aiken,WR,0.0,6.0,1.0,52.0,0.0,0.0,0.0,6.0,BAL
103,,,7.0,,,11.2,0,,0.0,1.0,52.0,CHI,47%,,,,,Richard Rodgers,TE,0.0,4.0,1.0,52.0,0.0,0.0,0.0,4.0,GB
104,,,9.0,,,11.1,0,,0.0,1.0,51.0,BUFSun 1:00,92%,,,,,Travis Kelce,TE,0.0,4.0,1.0,51.0,0.0,0.0,0.0,4.0,KC
105,,,8.0,,,11.0,0,,0.0,1.0,50.0,NYGSun 1:00,67%,,,,,Alfred Morris,RB,0.0,1.0,0.0,5.0,10.0,1.0,45.0,1.0,WAS
106,,,4.0,,,11.0,0,,0.0,1.0,50.0,OAKSun 1:00,38%,,,,,David Cobb,RB,0.0,1.0,0.0,11.0,8.0,1.0,39.0,1.0,TEN
107,,,8.0,,,11.0,0,,0.0,1.0,50.0,@KCSun 1:00,84%,,,,,Sammy Watkins,WR,0.0,4.0,1.0,48.0,0.0,0.0,2.0,4.0,BUF
108,,,10.0,,,11.0,0,,0.0,1.0,50.0,TBSun 1:00,58%,,,,,Donte Moncrief,WR,0.0,4.0,1.0,47.0,0.0,0.0,3.0,4.0,IND
109,,,4.0,,,10.8,0,,0.0,1.0,48.0,@DENSun 8:30,89%,,,,,LeGarrette Blount,RB,0.0,1.0,0.0,2.0,12.0,1.0,46.0,1.0,NE
110,,,9.0,,,10.8,1-1,,0.0,1.0,68.0,BUFSun 1:00,71%,,,,,Charcandrick West,RB,0.0,2.0,0.0,13.0,15.0,1.0,55.0,2.0,KC
111,,,5.0,,,10.7,0,,0.0,1.0,47.0,@NYJSun 1:00,62%,,,,,Rishard Matthews,WR,0.0,4.0,1.0,47.0,0.0,0.0,0.0,4.0,MIA
112,,,8.0,,,10.7,0,,0.0,1.0,47.0,SDSun 1:00,72%,,,,,Julius Thomas,TE,0.0,5.0,1.0,47.0,0.0,0.0,0.0,5.0,JAC
113,,,9.0,,,10.7,0,,0.0,1.0,47.0,PHI,39%,,,,,Eric Ebron,TE,0.0,4.0,1.0,47.0,0.0,0.0,0.0,4.0,DET
114,,,7.0,,,10.6,0,,0.0,1.0,46.0,CHI,61%,,,,,Davante Adams,WR,0.0,4.0,1.0,46.0,0.0,0.0,0.0,4.0,GB
115,,,9.0,,,10.2,0,,0.0,1.0,42.0,@SFSun 4:05,79%,,,,,John Brown,WR,0.0,3.0,1.0,42.0,0.0,0.0,0.0,3.0,ARI
116,,,,,,,,,,,,,,,,,, Previous1234567Next ,,,,,,,,,,
117,,,10.0,,,10.2,0,,0.0,1.0,42.0,@JACSun 1:00,36%,,,,,Ladarius Green,TE,0.0,4.0,1.0,42.0,0.0,0.0,0.0,4.0,SD
118,,,10.0,,,10.0,0,,0.0,1.0,40.0,@JACSun 1:00,77%,,,,,Antonio Gates,TE,0.0,4.0,1.0,40.0,0.0,0.0,0.0,4.0,SD
119,,,8.0,,,9.9,0,,0.0,1.0,39.0,@KCSun 1:00,51%,,,,,Charles Clay,TE,0.0,5.0,1.0,39.0,0.0,0.0,0.0,5.0,BUF
120,,,8.0,,,9.5,1-1,,0.0,1.0,55.0,NYGSun 1:00,60%,,,,,Matt Jones,RB,0.0,2.0,0.0,9.0,10.0,1.0,46.0,2.0,WAS
121,,,7.0,,,9.1,0,,0.0,1.0,31.0,NESun 8:30,35%,,,,,Owen Daniels,TE,0.0,3.0,1.0,31.0,0.0,0.0,0.0,3.0,DEN
122,,,7.0,,,8.7,1,,0.0,0.0,97.0,STLSun 1:00,90%,,,,,Jeremy Hill,RB,0.0,2.0,0.0,15.0,17.0,0.0,82.0,2.0,CIN
123,,,11.0,,,8.3,0,,0.0,0.0,83.0,@SEASun 4:25,90%,,,,,DeAngelo Williams,RB,0.0,2.0,0.0,7.0,25.0,0.0,76.0,2.0,PIT
124,,,7.0,,,7.6,0,,0.0,0.0,76.0,CHI,60%,,,,,James Starks,RB,0.0,3.0,0.0,22.0,12.0,0.0,54.0,3.0,GB
125,,,9.0,,,7.6,0,,0.0,0.0,76.0,PHI,98%,,,,,Calvin Johnson,WR,0.0,5.0,0.0,76.0,0.0,0.0,0.0,5.0,DET
126,,,7.0,,,7.1,0,,0.0,0.0,71.0,STLSun 1:00,15%,,,,,Mohamed Sanu,WR,0.0,6.0,0.0,67.0,1.0,0.0,4.0,6.0,CIN
127,,,10.0,,,7.0,0,,0.0,0.0,70.0,TBSun 1:00,52%,,,,,Coby Fleener,TE,0.0,7.0,0.0,70.0,0.0,0.0,0.0,7.0,IND
128,,,8.0,,,6.9,0,,0.0,0.0,69.0,@DET,61%,,,,,Darren Sproles,RB,0.0,5.0,0.0,40.0,6.0,0.0,29.0,5.0,PHI
129,,,11.0,,,6.2,0,,0.0,0.0,62.0,BALMon 8:30,61%,,,,,Duke Johnson,RB,0.0,3.0,0.0,31.0,9.0,0.0,31.0,3.0,CLE
130,,,9.0,,,6.2,0,,0.0,0.0,62.0,PHI,68%,,,,,Golden Tate,WR,0.0,5.0,0.0,60.0,0.0,0.0,2.0,5.0,DET
131,,,11.0,,,6.2,0,,0.0,0.0,62.0,@HOUSun 1:00,47%,,,,,Willie Snead,WR,0.0,4.0,0.0,62.0,0.0,0.0,0.0,4.0,NO
132,,,8.0,,,6.1,0,,0.0,0.0,61.0,@DET,81%,,,,,Jordan Matthews,WR,0.0,5.0,0.0,61.0,0.0,0.0,0.0,5.0,PHI
133,,,5.0,,,6.0,0,,0.0,0.0,60.0,@ATLSun 1:00,45%,,,,,Kyle Rudolph,TE,0.0,6.0,0.0,60.0,0.0,0.0,0.0,6.0,MIN
134,,,9.0,,,5.7,0,,0.0,0.0,57.0,@SFSun 4:05,74%,,,,,Andre Ellington,RB,0.0,2.0,0.0,17.0,9.0,0.0,40.0,2.0,ARI
135,,,6.0,,,5.6,0,,0.0,0.0,56.0,@INDSun 1:00,58%,,,,,Charles Sims,RB,0.0,2.0,0.0,17.0,8.0,0.0,39.0,2.0,TB
136,,,9.0,,,5.5,0,,0.0,0.0,55.0,@SFSun 4:05,88%,,,,,Chris Johnson,RB,0.0,2.0,0.0,12.0,10.0,0.0,43.0,2.0,ARI
137,,,,,,,,,,,,,,,,,, Previous2345678Next ,,,,,,,,,,
138,,,8.0,,,5.5,0,,0.0,0.0,55.0,NYGSun 1:00,15%,,,,,Jamison Crowder,WR,0.0,5.0,0.0,51.0,0.0,0.0,4.0,5.0,WAS
139,,,9.0,,,5.4,0,,0.0,0.0,54.0,@SFSun 4:05,58%,,,,,David Johnson,RB,0.0,2.0,0.0,18.0,7.0,0.0,36.0,2.0,ARI
140,,,9.0,,,5.3,0,,0.0,0.0,53.0,NOSun 1:00,64%,,,,,Alfred Blue,RB,0.0,1.0,0.0,9.0,10.0,0.0,44.0,1.0,HOU
141,,,6.0,,,5.2,0,,0.0,0.0,52.0,@CINSun 1:00,66%,,,,,Tavon Austin,WR,0.0,3.0,0.0,27.0,3.0,0.0,25.0,3.0,STL
142,,,11.0,,,5.2,0,,0.0,0.0,52.0,@HOUSun 1:00,56%,,,,,Benjamin Watson,TE,0.0,7.0,0.0,52.0,0.0,0.0,0.0,7.0,NO
143,,,4.0,,,5.1,0,,0.0,0.0,51.0,OAKSun 1:00,52%,,,,,Kendall Wright,WR,0.0,4.0,0.0,48.0,1.0,0.0,3.0,4.0,TEN
144,,,11.0,,,5.1,0,,0.0,0.0,51.0,@WASSun 1:00,70%,,,,,Shane Vereen,RB,0.0,3.0,0.0,28.0,6.0,0.0,23.0,3.0,NYG
145,,,5.0,,,5.0,0,,0.0,0.0,50.0,MIASun 1:00,90%,,,,,Eric Decker,WR,0.0,4.0,0.0,50.0,0.0,0.0,0.0,4.0,NYJ
146,,,11.0,,,5.0,0,,0.0,0.0,50.0,@SEASun 4:25,39%,,,,,Heath Miller,TE,0.0,6.0,0.0,50.0,0.0,0.0,0.0,6.0,PIT
147,,,4.0,,,4.9,0,,0.0,0.0,49.0,OAKSun 1:00,5%,,,,,Harry Douglas,WR,0.0,4.0,0.0,49.0,0.0,0.0,0.0,4.0,TEN
148,,,6.0,,,4.8,0,,0.0,0.0,48.0,@TENSun 1:00,13%,,,,,Roy Helu,RB,0.0,3.0,0.0,23.0,5.0,0.0,25.0,3.0,OAK
149,,,5.0,,,4.8,0,,0.0,0.0,48.0,MIASun 1:00,22%,,,,,Bilal Powell,RB,0.0,2.0,0.0,17.0,7.0,0.0,31.0,2.0,NYJ
150,,,8.0,,,4.8,0,,0.0,0.0,48.0,SDSun 1:00,6%,,,,,Marqise Lee,WR,0.0,4.0,0.0,47.0,0.0,0.0,1.0,4.0,JAC
151,,,9.0,,,4.7,0,,0.0,0.0,47.0,NOSun 1:00,17%,,,,,Cecil Shorts,WR,0.0,4.0,0.0,47.0,0.0,0.0,0.0,4.0,HOU
152,,,11.0,,,4.6,1,,0.0,0.0,56.0,BALMon 8:30,64%,,,,,Isaiah Crowell,RB,0.0,2.0,0.0,8.0,13.0,0.0,48.0,2.0,CLE
153,,,8.0,,,4.6,0,,0.0,0.0,46.0,SDSun 1:00,26%,,,,,Denard Robinson,RB,0.0,1.0,0.0,9.0,8.0,0.0,37.0,1.0,JAC
154,,,5.0,,,4.6,0,,0.0,0.0,46.0,@DAL,33%,,,,,Ted Ginn,WR,0.0,4.0,0.0,46.0,0.0,0.0,0.0,4.0,CAR
155,,,5.0,,,4.5,0,,0.0,0.0,45.0,@NYJSun 1:00,55%,,,,,Jordan Cameron,TE,0.0,4.0,0.0,45.0,0.0,0.0,0.0,4.0,MIA
156,,,11.0,,,4.4,0,,0.0,0.0,44.0,@SEASun 4:25,6%,,,,,Darrius Heyward-Bey,WR,0.0,3.0,0.0,44.0,0.0,0.0,0.0,3.0,PIT
157,,,8.0,,,4.3,0,,0.0,0.0,43.0,@KCSun 1:00,16%,,,,,Robert Woods,WR,0.0,4.0,0.0,43.0,0.0,0.0,0.0,4.0,BUF
158,,,,,,,,,,,,,,,,,, Previous3456789Next ,,,,,,,,,,
159,,,5.0,,,4.3,0,,0.0,0.0,43.0,MIASun 1:00,2%,,,,,Jeremy Kerley,WR,0.0,4.0,0.0,41.0,0.0,0.0,2.0,4.0,NYJ
160,,,5.0,,,4.3,0,,0.0,0.0,43.0,@ATLSun 1:00,2%,,,,,Jarius Wright,WR,0.0,3.0,0.0,36.0,1.0,0.0,7.0,3.0,MIN
161,,,6.0,,,4.2,0,,0.0,0.0,42.0,@CINSun 1:00,13%,,,,,Jared Cook,TE,0.0,4.0,0.0,42.0,0.0,0.0,0.0,4.0,STL
162,,,9.0,,,4.0,0,,0.0,0.0,40.0,PHI,55%,,,,,Ameer Abdullah,RB,0.0,1.0,0.0,11.0,7.0,0.0,29.0,1.0,DET
163,,,9.0,,,4.0,0,,0.0,0.0,40.0,NOSun 1:00,9%,,,,,Jaelen Strong,WR,0.0,3.0,0.0,40.0,0.0,0.0,0.0,3.0,HOU
164,,,9.0,,,3.9,0,,0.0,0.0,39.0,PHI,29%,,,,,Theo Riddick,RB,0.0,2.0,0.0,17.0,5.0,0.0,22.0,2.0,DET
165,,,7.0,,,3.9,0,,0.0,0.0,39.0,NESun 8:30,74%,,,,,C.J. Anderson,RB,0.0,1.0,0.0,9.0,7.0,0.0,30.0,1.0,DEN
166,,,9.0,,,3.9,0,,0.0,0.0,39.0,@SFSun 4:05,75%,,,,,Michael Floyd,WR,0.0,4.0,0.0,39.0,0.0,0.0,0.0,4.0,ARI
167,,,5.0,,,3.8,0,,0.0,0.0,38.0,@NYJSun 1:00,34%,,,,,Kenny Stills,WR,0.0,3.0,0.0,38.0,0.0,0.0,0.0,3.0,MIA
168,,,10.0,,,3.7,0,,0.0,0.0,37.0,@JACSun 1:00,68%,,,,,Melvin Gordon,RB,0.0,1.0,0.0,5.0,9.0,0.0,32.0,1.0,SD
169,,,9.0,,,3.7,0,,0.0,0.0,37.0,@CLEMon 8:30,6%,,,,,Chris Givens,WR,0.0,3.0,0.0,37.0,0.0,0.0,0.0,3.0,BAL
170,,,6.0,,,3.7,0,,0.0,0.0,37.0,CAR,56%,,,,,Terrance Williams,WR,0.0,3.0,0.0,37.0,0.0,0.0,0.0,3.0,DAL
171,,,4.0,,,3.7,0,,0.0,0.0,37.0,@DENSun 8:30,40%,,,,,James White,RB,0.0,3.0,0.0,21.0,4.0,0.0,16.0,3.0,NE
172,,,5.0,,,3.7,0,,0.0,0.0,37.0,@ATLSun 1:00,33%,,,,,Charles Johnson,WR,0.0,3.0,0.0,36.0,0.0,0.0,1.0,3.0,MIN
173,,,6.0,,,3.6,0,,0.0,0.0,36.0,@CINSun 1:00,10%,,,,,Kenny Britt,WR,0.0,2.0,0.0,35.0,0.0,0.0,1.0,2.0,STL
174,,,5.0,,,3.6,0,,0.0,0.0,36.0,@ATLSun 1:00,25%,,,,,Cordarrelle Patterson,WR,0.0,2.0,0.0,25.0,2.0,0.0,11.0,2.0,MIN
175,,,5.0,,,3.5,0,,0.0,0.0,35.0,MIASun 1:00,10%,,,,,Stevan Ridley,RB,0.0,1.0,0.0,4.0,8.0,0.0,31.0,1.0,NYJ
176,,,9.0,,,3.5,0,,0.0,0.0,35.0,@CLEMon 8:30,2%,,,,,Marlon Brown,WR,0.0,3.0,0.0,35.0,0.0,0.0,0.0,3.0,BAL
177,,,4.0,,,3.5,0,,0.0,0.0,35.0,@DENSun 8:30,6%,,,,,Scott Chandler,TE,0.0,3.0,0.0,35.0,0.0,0.0,0.0,3.0,NE
178,,,6.0,,,3.4,0,,0.0,0.0,34.0,@INDSun 1:00,5%,,,,,Bobby Rainey,RB,0.0,2.0,0.0,16.0,4.0,0.0,18.0,2.0,TB
179,,,,,,,,,,,,,,,,,, Previous45678910Next ,,,,,,,,,,
180,,,6.0,,,3.4,0,,0.0,0.0,34.0,@CINSun 1:00,40%,,,,,Tre Mason,RB,0.0,1.0,0.0,7.0,6.0,0.0,27.0,1.0,STL
181,,,5.0,,,3.4,0,,0.0,0.0,34.0,@NYJSun 1:00,7%,,,,,Greg Jennings,WR,0.0,4.0,0.0,34.0,0.0,0.0,0.0,4.0,MIA
182,,,11.0,,,3.4,0,,0.0,0.0,34.0,@HOUSun 1:00,8%,,,,,Brandon Coleman,WR,0.0,3.0,0.0,34.0,0.0,0.0,0.0,3.0,NO
183,,,7.0,,,3.4,0,,0.0,0.0,34.0,NESun 8:30,43%,,,,,Vernon Davis,TE,0.0,3.0,0.0,34.0,0.0,0.0,0.0,3.0,DEN
184,,,9.0,,,3.3,1,,0.0,0.0,43.0,PHI,50%,,,,,Joique Bell,RB,0.0,2.0,0.0,10.0,9.0,0.0,33.0,2.0,DET
185,,,8.0,,,3.3,0,,0.0,0.0,33.0,@DET,4%,,,,,Josh Huff,WR,0.0,3.0,0.0,33.0,0.0,0.0,0.0,3.0,PHI
186,,,8.0,,,3.2,0,,0.0,0.0,32.0,SDSun 1:00,1%,,,,,Clay Harbor,TE,0.0,3.0,0.0,32.0,0.0,0.0,0.0,3.0,JAC
187,,,10.0,,,3.1,0,,0.0,0.0,31.0,ARISun 4:05,57%,,,,,Torrey Smith,WR,0.0,2.0,0.0,31.0,2.0,0.0,0.0,2.0,SF
188,,,6.0,,,3.1,0,,0.0,0.0,31.0,@CINSun 1:00,8%,,,,,Brian Quick,WR,0.0,3.0,0.0,31.0,0.0,0.0,0.0,3.0,STL
189,,,8.0,,,3.1,0,,0.0,0.0,31.0,SDSun 1:00,2%,,,,,Marcedes Lewis,TE,0.0,3.0,0.0,31.0,0.0,0.0,0.0,3.0,JAC
190,,,8.0,,,3.1,0,,0.0,0.0,31.0,NYGSun 1:00,72%,,,,,Jordan Reed,TE,0.0,3.0,0.0,31.0,0.0,0.0,0.0,3.0,WAS
191,,,9.0,,,3.1,0,,0.0,0.0,31.0,@CLEMon 8:30,10%,,,,,Maxx Williams,TE,0.0,3.0,0.0,31.0,0.0,0.0,0.0,3.0,BAL
192,,,10.0,,,3.0,0,,0.0,0.0,30.0,@JACSun 1:00,52%,,,,,Steve Johnson,WR,0.0,3.0,0.0,30.0,0.0,0.0,0.0,3.0,SD
193,,,8.0,,,3.0,0,,0.0,0.0,30.0,NYGSun 1:00,2%,,,,,Andre Roberts,WR,0.0,2.0,0.0,29.0,0.0,0.0,1.0,2.0,WAS
194,,,6.0,,,3.0,0,,0.0,0.0,30.0,@TENSun 1:00,6%,,,,,Mychal Rivera,TE,0.0,3.0,0.0,30.0,0.0,0.0,0.0,3.0,OAK
195,,,11.0,,,2.9,0,,0.0,0.0,29.0,@WASSun 1:00,74%,,,,,Rashad Jennings,RB,0.0,1.0,0.0,7.0,6.0,0.0,22.0,1.0,NYG
196,,,7.0,,,2.9,0,,0.0,0.0,29.0,NESun 8:30,0%,,,,,Andre Caldwell,WR,0.0,3.0,0.0,29.0,0.0,0.0,0.0,3.0,DEN
197,,,4.0,,,2.9,0,,0.0,0.0,29.0,OAKSun 1:00,37%,,,,,Dorial Green-Beckham,WR,0.0,2.0,0.0,29.0,0.0,0.0,0.0,2.0,TEN
198,,,9.0,,,2.9,0,,0.0,0.0,29.0,NOSun 1:00,3%,,,,,Garrett Graham,TE,0.0,3.0,0.0,29.0,0.0,0.0,0.0,3.0,HOU
199,,,11.0,,,2.8,0,,0.0,0.0,28.0,@WASSun 1:00,36%,,,,,Andre Williams,RB,0.0,1.0,0.0,4.0,5.0,0.0,24.0,1.0,NYG
200,,,,,,,,,,,,,,,,,, Previous567891011Next ,,,,,,,,,,
201,,,9.0,,,2.8,0,,0.0,0.0,28.0,BUFSun 1:00,32%,,,,,Knile Davis,RB,0.0,1.0,0.0,8.0,6.0,0.0,20.0,1.0,KC
202,,,11.0,,,2.8,0,,0.0,0.0,28.0,BALMon 8:30,7%,,,,,Brian Hartline,WR,0.0,3.0,0.0,28.0,0.0,0.0,0.0,3.0,CLE
203,,,9.0,,,2.8,0,,0.0,0.0,28.0,NOSun 1:00,0%,,,,,Ryan Griffin,TE,0.0,3.0,0.0,28.0,0.0,0.0,0.0,3.0,HOU
204,,,5.0,,,2.7,0,,0.0,0.0,27.0,@DAL,5%,,,,,Mike Tolbert,RB,0.0,2.0,0.0,15.0,4.0,0.0,12.0,2.0,CAR
205,,,8.0,,,2.7,0,,0.0,0.0,27.0,SDSun 1:00,4%,,,,,Toby Gerhart,RB,0.0,1.0,0.0,7.0,5.0,0.0,20.0,1.0,JAC
206,,,5.0,,,2.7,0,,0.0,0.0,27.0,@DAL,27%,,,,,Devin Funchess,WR,0.0,2.0,0.0,27.0,0.0,0.0,0.0,2.0,CAR
207,,,5.0,,,2.6,0,,0.0,0.0,26.0,@ATLSun 1:00,8%,,,,,Matt Asiata,RB,0.0,1.0,0.0,7.0,5.0,0.0,19.0,1.0,MIN
208,,,9.0,,,2.6,0,,0.0,0.0,26.0,PITSun 4:25,8%,,,,,Jermaine Kearse,WR,0.0,2.0,0.0,25.0,0.0,0.0,1.0,2.0,SEA
209,,,5.0,,,2.6,0,,0.0,0.0,26.0,MIASun 1:00,1%,,,,,Jeff Cumberland,TE,0.0,3.0,0.0,26.0,0.0,0.0,0.0,3.0,NYJ
210,,,10.0,,,2.6,0,,0.0,0.0,26.0,TBSun 1:00,22%,,,,,Dwayne Allen,TE,0.0,2.0,0.0,26.0,0.0,0.0,0.0,2.0,IND
211,,,5.0,,,2.5,0,,0.0,0.0,25.0,@DAL,2%,,,,,Fozzy Whittaker,RB,0.0,1.0,0.0,8.0,4.0,0.0,17.0,1.0,CAR
212,,,10.0,,,2.5,0,,0.0,0.0,25.0,TBSun 1:00,62%,,,,,Andre Johnson,WR,0.0,2.0,0.0,25.0,0.0,0.0,0.0,2.0,IND
213,,,9.0,,,2.5,0,,0.0,0.0,25.0,NOSun 1:00,34%,,,,,Nate Washington,WR,0.0,2.0,0.0,25.0,0.0,0.0,0.0,2.0,HOU
214,,,5.0,,,2.4,0,,0.0,0.0,24.0,@ATLSun 1:00,27%,,,,,Jerick McKinnon,RB,0.0,1.0,0.0,9.0,3.0,0.0,15.0,1.0,MIN
215,,,8.0,,,2.4,0,,0.0,0.0,24.0,@DET,33%,,,,,Nelson Agholor,WR,0.0,2.0,0.0,24.0,0.0,0.0,0.0,2.0,PHI
216,,,6.0,,,2.4,0,,0.0,0.0,24.0,CAR,3%,,,,,Gavin Escobar,TE,0.0,2.0,0.0,24.0,0.0,0.0,0.0,2.0,DAL
217,,,6.0,,,2.3,0,,0.0,0.0,23.0,CAR,12%,,,,,Cole Beasley,WR,0.0,2.0,0.0,23.0,0.0,0.0,0.0,2.0,DAL
218,,,5.0,,,2.2,0,,0.0,0.0,22.0,@DAL,4%,,,,,Jerricho Cotchery,WR,0.0,2.0,0.0,22.0,0.0,0.0,0.0,2.0,CAR
219,,,4.0,,,2.2,0,,0.0,0.0,22.0,OAKSun 1:00,4%,,,,,Anthony Fasano,TE,0.0,2.0,0.0,22.0,0.0,0.0,0.0,2.0,TEN
220,,,7.0,,,2.2,0,,0.0,0.0,22.0,NESun 8:30,3%,,,,,Virgil Green,TE,0.0,2.0,0.0,22.0,0.0,0.0,0.0,2.0,DEN
221,,,,,,,,,,,,,,,,,, Previous6789101112Next ,,,,,,,,,,
222,,,6.0,,,2.2,1,,0.0,0.0,32.0,@CINSun 1:00,7%,,,,,Benny Cunningham,RB,0.0,3.0,0.0,19.0,3.0,0.0,13.0,3.0,STL
223,,,4.0,,,2.1,0,,0.0,0.0,21.0,@DENSun 8:30,24%,,,,,Brandon Bolden,RB,0.0,1.0,0.0,5.0,4.0,0.0,16.0,1.0,NE
224,,,10.0,,,2.1,0,,0.0,0.0,21.0,MINSun 1:00,48%,,,,,Roddy White,WR,0.0,2.0,0.0,21.0,0.0,0.0,0.0,2.0,ATL
225,,,8.0,,,2.1,0,,0.0,0.0,21.0,SDSun 1:00,2%,,,,,Bryan Walters,WR,0.0,2.0,0.0,21.0,0.0,0.0,0.0,2.0,JAC
226,,,8.0,,,2.0,0,,0.0,0.0,20.0,NYGSun 1:00,10%,,,,,Chris Thompson,RB,0.0,2.0,0.0,11.0,2.0,0.0,9.0,2.0,WAS
227,,,10.0,,,2.0,0,,0.0,0.0,20.0,MINSun 1:00,55%,,,,,Tevin Coleman,RB,0.0,1.0,0.0,2.0,4.0,0.0,18.0,1.0,ATL
228,,,7.0,,,2.0,0,,0.0,0.0,20.0,NESun 8:30,0%,,,,,Jordan Norwood,WR,0.0,2.0,0.0,20.0,0.0,0.0,0.0,2.0,DEN
229,,,7.0,,,2.0,0,,0.0,0.0,20.0,@GB,10%,,,,,Marquess Wilson,WR,0.0,2.0,0.0,20.0,0.0,0.0,0.0,2.0,CHI
230,,,9.0,,,2.0,0,,0.0,0.0,20.0,@SFSun 4:05,5%,,,,,Jermaine Gresham,TE,0.0,2.0,0.0,20.0,0.0,0.0,0.0,2.0,ARI
231,,,6.0,,,2.0,0,,0.0,0.0,20.0,@CINSun 1:00,2%,,,,,Lance Kendricks,TE,0.0,2.0,0.0,20.0,0.0,0.0,0.0,2.0,STL
232,,,10.0,,,1.9,0,,0.0,0.0,19.0,MINSun 1:00,1%,,,,,Terron Ward,RB,0.0,1.0,0.0,7.0,3.0,0.0,12.0,1.0,ATL
233,,,9.0,,,1.9,0,,0.0,0.0,19.0,NOSun 1:00,1%,,,,,C.J. Fiedorowicz,TE,0.0,2.0,0.0,19.0,0.0,0.0,0.0,2.0,HOU
234,,,11.0,,,1.8,0,,0.0,0.0,18.0,@SEASun 4:25,31%,,,,,Markus Wheaton,WR,0.0,1.0,0.0,17.0,0.0,0.0,1.0,1.0,PIT
235,,,9.0,,,1.8,0,,0.0,0.0,18.0,PITSun 4:25,24%,,,,,Tyler Lockett,WR,0.0,2.0,0.0,17.0,0.0,0.0,1.0,2.0,SEA
236,,,5.0,,,1.8,0,,0.0,0.0,18.0,@NYJSun 1:00,32%,,,,,Jay Ajayi,RB,0.0,1.0,0.0,9.0,2.0,0.0,9.0,1.0,MIA
237,,,6.0,,,1.8,0,,0.0,0.0,18.0,@TENSun 1:00,2%,,,,,Rod Streater,WR,0.0,1.0,0.0,18.0,0.0,0.0,0.0,1.0,OAK
238,,,7.0,,,1.8,0,,0.0,0.0,18.0,@GB,20%,,,,,Kevin White,WR,0.0,2.0,0.0,18.0,0.0,0.0,0.0,2.0,CHI
239,,,9.0,,,1.7,0,,0.0,0.0,17.0,PITSun 4:25,19%,,,,,Fred Jackson,RB,0.0,1.0,0.0,9.0,2.0,0.0,8.0,1.0,SEA
240,,,10.0,,,1.7,0,,0.0,0.0,17.0,@JACSun 1:00,6%,,,,,Dontrelle Inman,WR,0.0,2.0,0.0,17.0,0.0,0.0,0.0,2.0,SD
241,,,9.0,,,1.7,0,,0.0,0.0,17.0,NOSun 1:00,1%,,,,,Keith Mumphery,WR,0.0,2.0,0.0,17.0,0.0,0.0,0.0,2.0,HOU
242,,,,,,,,,,,,,,,,,, Previous78910111213Next ,,,,,,,,,,
243,,,10.0,,,1.7,0,,0.0,0.0,17.0,MINSun 1:00,1%,,,,,Levine Toilolo,TE,0.0,2.0,0.0,17.0,0.0,0.0,0.0,2.0,ATL
244,,,11.0,,,1.6,0,,0.0,0.0,16.0,@WASSun 1:00,6%,,,,,Orleans Darkwa,RB,0.0,0.0,0.0,1.0,3.0,0.0,15.0,0.0,NYG
245,,,8.0,,,1.6,0,,0.0,0.0,16.0,@DET,9%,,,,,Riley Cooper,WR,0.0,1.0,0.0,16.0,0.0,0.0,0.0,1.0,PHI
246,,,6.0,,,1.6,0,,0.0,0.0,16.0,@TENSun 1:00,4%,,,,,Andre Holmes,WR,0.0,1.0,0.0,16.0,0.0,0.0,0.0,1.0,OAK
247,,,5.0,,,1.6,0,,0.0,0.0,16.0,MIASun 1:00,5%,,,,,Devin Smith,WR,0.0,1.0,0.0,16.0,0.0,0.0,0.0,1.0,NYJ
248,,,8.0,,,1.6,0,,0.0,0.0,16.0,@KCSun 1:00,0%,,,,,Chris Gragg,TE,0.0,2.0,0.0,16.0,0.0,0.0,0.0,2.0,BUF
249,,,9.0,,,1.5,0,,0.0,0.0,15.0,@SFSun 4:05,1%,,,,,Stepfan Taylor,RB,0.0,1.0,0.0,6.0,2.0,0.0,9.0,1.0,ARI
250,,,4.0,,,1.5,0,,0.0,0.0,15.0,OAKSun 1:00,44%,,,,,Bishop Sankey,RB,0.0,1.0,0.0,3.0,3.0,0.0,12.0,1.0,TEN
251,,,8.0,,,1.5,0,,0.0,0.0,15.0,@DET,5%,,,,,Miles Austin,WR,0.0,1.0,0.0,15.0,0.0,0.0,0.0,1.0,PHI
252,,,5.0,,,1.5,0,,0.0,0.0,15.0,@NYJSun 1:00,15%,,,,,DeVante Parker,WR,0.0,1.0,0.0,15.0,0.0,0.0,0.0,1.0,MIA
253,,,9.0,,,1.5,0,,0.0,0.0,15.0,PITSun 4:25,1%,,,,,Luke Willson,TE,0.0,2.0,0.0,15.0,0.0,0.0,0.0,2.0,SEA
254,,,5.0,,,1.4,0,,0.0,0.0,14.0,@NYJSun 1:00,17%,,,,,Damien Williams,RB,0.0,1.0,0.0,5.0,2.0,0.0,9.0,1.0,MIA
255,,,11.0,,,1.4,0,,0.0,0.0,14.0,@WASSun 1:00,22%,,,,,Dwayne Harris,WR,0.0,1.0,0.0,14.0,0.0,0.0,0.0,1.0,NYG
256,,,8.0,,,1.4,0,,0.0,0.0,14.0,@KCSun 1:00,3%,,,,,Chris Hogan,WR,0.0,1.0,0.0,14.0,0.0,0.0,0.0,1.0,BUF
257,,,10.0,,,1.4,0,,0.0,0.0,14.0,ARISun 4:05,2%,,,,,Bruce Ellington,WR,0.0,1.0,0.0,13.0,0.0,0.0,1.0,1.0,SF
258,,,9.0,,,1.4,0,,0.0,0.0,14.0,@CLEMon 8:30,33%,,,,,Crockett Gillmore,TE,0.0,1.0,0.0,14.0,0.0,0.0,0.0,1.0,BAL
259,,,8.0,,,1.3,0,,0.0,0.0,13.0,@KCSun 1:00,63%,,,,,Karlos Williams,RB,0.0,0.0,0.0,1.0,3.0,0.0,12.0,0.0,BUF
260,,,9.0,,,1.3,0,,0.0,0.0,13.0,NOSun 1:00,15%,,,,,Chris Polk,RB,0.0,1.0,0.0,4.0,2.0,0.0,9.0,1.0,HOU
261,,,8.0,,,1.3,0,,0.0,0.0,13.0,@DET,11%,,,,,Brent Celek,TE,0.0,1.0,0.0,13.0,0.0,0.0,0.0,1.0,PHI
262,,,8.0,,,1.3,0,,0.0,0.0,13.0,NYGSun 1:00,1%,,,,,Derek Carrier,TE,0.0,2.0,0.0,13.0,0.0,0.0,0.0,2.0,WAS
263,,,,,,,,,,,,,,,,,, Previous8910111213Next ,,,,,,,,,,
264,,,10.0,,,1.3,0,,0.0,0.0,13.0,ARISun 4:05,3%,,,,,Garrett Celek,TE,0.0,2.0,0.0,13.0,0.0,0.0,0.0,2.0,SF
265,,,9.0,,,1.3,0,,0.0,0.0,13.0,@CLEMon 8:30,0%,,,,,Nick Boyle,TE,0.0,1.0,0.0,13.0,0.0,0.0,0.0,1.0,BAL
266,,,6.0,,,1.2,0,,0.0,0.0,12.0,@INDSun 1:00,2%,,,,,Brandon Myers,TE,0.0,2.0,0.0,12.0,0.0,0.0,0.0,2.0,TB
267,,,6.0,,,1.0,0,,0.0,0.0,10.0,@TENSun 1:00,10%,,,,,Marcel Reece,RB,0.0,1.0,0.0,6.0,1.0,0.0,4.0,1.0,OAK
268,,,7.0,,,1.0,0,,0.0,0.0,10.0,CHI,3%,,,,,Jeff Janis,WR,0.0,1.0,0.0,10.0,0.0,0.0,0.0,1.0,GB
269,,,9.0,,,1.0,0,,0.0,0.0,10.0,@SFSun 4:05,5%,,,,,Darren Fells,TE,0.0,1.0,0.0,10.0,0.0,0.0,0.0,1.0,ARI
270,,,9.0,,,0.9,0,,0.0,0.0,9.0,BUFSun 1:00,3%,,,,,Albert Wilson,WR,0.0,1.0,0.0,9.0,0.0,0.0,0.0,1.0,KC
271,,,9.0,,,0.8,0,,0.0,0.0,8.0,PHI,9%,,,,,Lance Moore,WR,0.0,1.0,0.0,8.0,0.0,0.0,0.0,1.0,DET
272,,,7.0,,,0.8,0,,0.0,0.0,8.0,NESun 8:30,28%,,,,,Cody Latimer,WR,0.0,1.0,0.0,8.0,0.0,0.0,0.0,1.0,DEN
273,,,11.0,,,0.8,0,,0.0,0.0,8.0,@SEASun 4:25,4%,,,,,Sammie Coates,WR,0.0,1.0,0.0,8.0,0.0,0.0,0.0,1.0,PIT
274,,,9.0,,,0.8,0,,0.0,0.0,8.0,@SFSun 4:05,8%,,,,,J.J. Nelson,WR,0.0,1.0,0.0,8.0,0.0,0.0,0.0,1.0,ARI
275,,,10.0,,,0.8,0,,0.0,0.0,8.0,MINSun 1:00,4%,,,,,Justin Hardy,WR,0.0,1.0,0.0,8.0,0.0,0.0,0.0,1.0,ATL
276,,,10.0,,,0.8,0,,0.0,0.0,8.0,MINSun 1:00,25%,,,,,Jacob Tamme,TE,0.0,1.0,0.0,8.0,0.0,0.0,0.0,1.0,ATL
277,,,5.0,,,0.8,0,,0.0,0.0,8.0,@NYJSun 1:00,1%,,,,,Dion Sims,TE,0.0,1.0,0.0,8.0,0.0,0.0,0.0,1.0,MIA
278,,,11.0,,,0.7,0,,0.0,0.0,7.0,BALMon 8:30,9%,,,,,Dwayne Bowe,WR,0.0,1.0,0.0,7.0,0.0,0.0,0.0,1.0,CLE
279,,,8.0,,,0.7,0,,0.0,0.0,7.0,NYGSun 1:00,1%,,,,,Ryan Grant,WR,0.0,1.0,0.0,7.0,0.0,0.0,0.0,1.0,WAS
280,,,9.0,,,0.7,0,,0.0,0.0,7.0,BUFSun 1:00,5%,,,,,Chris Conley,WR,0.0,1.0,0.0,7.0,0.0,0.0,0.0,1.0,KC
281,,,7.0,,,0.7,0,,0.0,0.0,7.0,@GB,13%,,,,,Zach Miller,TE,0.0,1.0,0.0,7.0,0.0,0.0,0.0,1.0,CHI
282,,,11.0,,,0.7,0,,0.0,0.0,7.0,@HOUSun 1:00,9%,,,,,Josh Hill,TE,0.0,1.0,0.0,7.0,0.0,0.0,0.0,1.0,NO
283,,,7.0,,,0.7,0,,0.0,0.0,7.0,STLSun 1:00,1%,,,,,Tyler Kroft,TE,0.0,1.0,0.0,7.0,0.0,0.0,0.0,1.0,CIN
284,,,,,,,,,,,,,,,,,, Previous910111213Next ,,,,,,,,,,
285,,,6.0,,,0.7,0,,0.0,0.0,7.0,@TENSun 1:00,7%,,,,,Clive Walford,TE,0.0,1.0,0.0,7.0,0.0,0.0,0.0,1.0,OAK
286,,,5.0,,,0.7,0,,0.0,0.0,7.0,@ATLSun 1:00,1%,,,,,MyCole Pruitt,TE,0.0,1.0,0.0,7.0,0.0,0.0,0.0,1.0,MIN
287,,,8.0,,,0.6,0,,0.0,0.0,6.0,SDSun 1:00,5%,,,,,Bernard Pierce,RB,0.0,0.0,0.0,1.0,1.0,0.0,5.0,0.0,JAC
288,,,9.0,,,0.6,0,,0.0,0.0,6.0,NOSun 1:00,15%,,,,,Jonathan Grimes,RB,0.0,0.0,0.0,2.0,1.0,0.0,4.0,0.0,HOU
289,,,5.0,,,0.6,0,,0.0,0.0,6.0,@NYJSun 1:00,1%,,,,,Jake Stoneburner,TE,0.0,1.0,0.0,6.0,0.0,0.0,0.0,1.0,MIA
290,,,7.0,,,0.6,0,,0.0,0.0,6.0,CHI,0%,,,,,Kennard Backman,TE,0.0,1.0,0.0,6.0,0.0,0.0,0.0,1.0,GB
291,,,8.0,,,0.5,0,,0.0,0.0,5.0,@KCSun 1:00,2%,,,,,Anthony Dixon,RB,0.0,0.0,0.0,1.0,1.0,0.0,4.0,0.0,BUF
292,,,7.0,,,0.5,0,,0.0,0.0,5.0,NESun 8:30,2%,,,,,Juwan Thompson,RB,0.0,0.0,0.0,1.0,1.0,0.0,4.0,0.0,DEN
293,,,7.0,,,0.3,0,,0.0,0.0,3.0,CHI,0%,,,,,John Kuhn,RB,0.0,0.0,0.0,1.0,1.0,0.0,2.0,0.0,GB
294,,,,,,,,,,,,,,,,,, Previous10111213Next ,,,,,,,,,,
