,Name,Position,Salary,GameInfo,AvgPointsPerGame,teamAbbrev,fftoday,nfl,cbs,fleaflicker,espn,fox,fire
0,Julio Jones,WR,9100,Atl@Ten 01:00PM ET,25.3,Atl,26.0,30.9,25.0,27.0,17.78,17.19,23.9
1,Odell Beckham Jr.,WR,8700,Dal@NYG 04:25PM ET,19.533,NYG,20.5,31.5,19.83,28.5,18.15,17.41,20.234
2,DeAndre Hopkins,WR,8600,Hou@Mia 01:00PM ET,28.1,Hou,29.0,23.2,19.75,20.6,23.48,14.27,24.808
3,Tom Brady,QB,8500,NYJ@NE 01:00PM ET,27.472,NE,23.4,23.32,19.88,23.32,20.258,16.038,23.9714
4,Le'Veon Bell,RB,8400,Pit@KC 01:00PM ET,22.925,Pit,22.0,24.4,26.53,23.8,19.85,26.16,18.919
5,Julian Edelman,WR,8200,NYJ@NE 01:00PM ET,22.84,NE,21.0,19.6,17.99,18.9,17.99,14.9,18.741
6,Rob Gronkowski,TE,8100,NYJ@NE 01:00PM ET,20.3,NE,19.5,23.2,16.8,20.6,15.93,13.51,14.515
7,Dez Bryant,WR,8100,Dal@NYG 04:25PM ET,9.8,Dal,,23.8,,20.9,,,
8,Antonio Brown,WR,7900,Pit@KC 01:00PM ET,19.617,Pit,13.0,25.4,18.72,22.8,16.1,13.88,20.9446
9,Devonta Freeman,RB,7900,Atl@Ten 01:00PM ET,30.183,Atl,26.5,22.9,20.32,23.2,21.78,21.54,21.285
10,Brandon Marshall,WR,7800,NYJ@NE 01:00PM ET,24.42,NYJ,22.5,20.4,19.05,19.2,18.08,13.74,12.69
11,Calvin Johnson,WR,7700,Min@Det 01:00PM ET,16.8,Det,20.0,14.4,16.7,12.2,18.07,16.03,17.69
12,Keenan Allen,WR,7700,Oak@SD 04:05PM ET,23.183,SD,22.0,22.0,18.11,20.0,17.74,14.45,17.646
13,Adrian Peterson,RB,7600,Min@Det 01:00PM ET,17.02,Min,24.5,21.4,13.85,23.7,17.86,16.82,17.496
14,Andrew Luck,QB,7600,NO@Ind 01:00PM ET,20.4,Ind,20.6,20.08,26.12,21.08,22.952,21.43,25.634
15,Arian Foster,RB,7500,Hou@Mia 01:00PM ET,16.167,Hou,22.5,15.7,17.41,16.0,17.01,16.97,17.5696
16,Larry Fitzgerald,WR,7400,Bal@Ari 08:30PM ET,23.717,Ari,23.0,19.4,19.37,18.7,18.93,17.92,15.1
17,Matt Ryan,QB,7200,Atl@Ten 01:00PM ET,17.707,Atl,19.3,23.24,17.81,24.24,16.994,23.404,22.381
18,Drew Brees,QB,7000,NO@Ind 01:00PM ET,19.988,NO,22.4,26.94,19.97,27.94,21.812,18.36,24.5122
19,Marshawn Lynch,RB,6900,Sea@SF 08:25PM ET,10.575,Sea,18.5,15.1,15.13,15.8,16.35,17.63,17.8362
20,Eli Manning,QB,6800,Dal@NYG 04:25PM ET,18.573,NYG,18.4,17.1,23.13,18.1,18.016,22.054,18.2962
21,Ben Roethlisberger,QB,6800,Pit@KC 01:00PM ET,20.793,Pit,,,2.386,,,,8.7892
22,Carson Palmer,QB,6700,Bal@Ari 08:30PM ET,22.247,Ari,27.0,22.54,24.13,23.54,20.658,22.854,20.8758
23,Cam Newton,QB,6600,Phi@Car 08:30PM ET,22.724,Car,22.4,24.94,19.83,25.94,19.424,17.908,19.1188
24,Philip Rivers,QB,6500,Oak@SD 04:05PM ET,22.973,SD,23.8,18.72,19.19,19.72,23.924,23.772,24.76
25,Russell Wilson,QB,6500,Sea@SF 08:25PM ET,17.57,Sea,23.3,19.26,18.21,20.26,20.292,21.368,20.6504
26,T.Y. Hilton,WR,6500,NO@Ind 01:00PM ET,14.1,Ind,20.0,19.3,15.87,21.4,15.58,13.67,19.6408
27,Dion Lewis,RB,6500,NYJ@NE 01:00PM ET,17.74,NE,21.0,18.9,14.22,21.5,14.66,8.21,13.5382
28,Amari Cooper,WR,6500,Oak@SD 04:05PM ET,16.76,Oak,12.0,25.6,13.11,23.8,12.65,12.54,14.435
29,DeMarco Murray,RB,6400,Phi@Car 08:30PM ET,16.98,Phi,18.5,15.3,14.73,15.9,16.18,11.71,15.819
30,Jeremy Maclin,WR,6400,Pit@KC 01:00PM ET,17.317,KC,13.0,18.8,12.39,17.4,15.7,,15.8072
31,Jordan Matthews,WR,6400,Phi@Car 08:30PM ET,13.733,Phi,12.0,12.2,11.85,11.1,15.78,10.68,13.6888
32,Mike Evans,WR,6400,TB@Was 01:00PM ET,8.35,TB,20.0,25.4,14.07,22.7,13.3,12.85,10.768
33,Allen Robinson,WR,6400,Buf@Jax 09:30AM ET,18.3,Jax,20.0,17.6,12.33,16.8,16.99,12.79,13.347
34,Mark Ingram,RB,6300,NO@Ind 01:00PM ET,17.283,NO,18.5,11.6,14.04,12.0,14.84,18.18,13.985
35,Steve Smith Sr.,WR,6200,Bal@Ari 08:30PM ET,22.8,Bal,21.5,16.0,15.0,15.0,13.87,12.64,16.296
36,Jarvis Landry,WR,6200,Hou@Mia 01:00PM ET,17.28,Mia,20.5,17.4,13.23,16.8,15.3,12.56,15.194
37,Greg Olsen,TE,6100,Phi@Car 08:30PM ET,17.08,Car,20.0,16.6,13.74,15.3,15.37,10.57,12.336
38,Justin Forsett,RB,6100,Bal@Ari 08:30PM ET,15.6,Bal,14.0,17.5,14.18,18.5,16.99,15.83,14.672
39,Sam Bradford,QB,6100,Phi@Car 08:30PM ET,16.173,Phi,12.2,17.14,14.3,18.14,16.782,13.144,17.0418
40,Latavius Murray,RB,6100,Oak@SD 04:05PM ET,15.08,Oak,19.0,13.2,13.85,12.4,15.61,18.53,15.655
41,Chris Ivory,RB,5800,NYJ@NE 01:00PM ET,22.05,NYJ,16.0,15.9,12.41,15.7,15.69,12.85,14.665
42,Joe Flacco,QB,5700,Bal@Ari 08:30PM ET,18.267,Bal,18.1,18.3,15.34,19.3,17.304,12.472,15.407
43,DeSean Jackson,WR,5700,TB@Was 01:00PM ET,0.0,Was,,,,,,,
44,Matthew Stafford,QB,5700,Min@Det 01:00PM ET,17.25,Det,18.5,14.24,19.02,15.24,22.314,16.536,17.4416
45,Ryan Tannehill,QB,5700,Hou@Mia 01:00PM ET,18.188,Mia,18.2,18.56,17.72,19.56,19.194,16.204,16.492
46,LeSean McCoy,RB,5500,Buf@Jax 09:30AM ET,13.325,Buf,20.0,16.1,10.98,15.7,17.61,17.92,15.2388
47,John Brown,WR,5500,Bal@Ari 08:30PM ET,16.333,Ari,19.5,14.8,16.41,13.4,14.81,13.65,12.6176
48,Joseph Randle,RB,5500,Dal@NYG 04:25PM ET,14.34,Dal,10.0,13.5,10.88,18.5,9.11,9.94,10.249
49,Brandin Cooks,WR,5500,NO@Ind 01:00PM ET,12.383,NO,17.5,17.0,11.98,16.8,13.28,15.55,12.5822
50,Jimmy Graham,TE,5400,Sea@SF 08:25PM ET,13.067,Sea,18.5,17.4,13.08,16.7,12.48,11.55,12.51
51,Travis Benjamin,WR,5400,Cle@StL 01:00PM ET,19.8,Cle,19.5,17.4,11.46,15.8,13.03,13.46,13.603
52,Blake Bortles,QB,5400,Buf@Jax 09:30AM ET,21.85,Jax,19.6,17.98,14.44,18.98,21.648,17.118,17.5326
53,Marcus Mariota,QB,5400,Atl@Ten 01:00PM ET,17.352,Ten,,,,,,,
54,Vincent Jackson,WR,5300,TB@Was 01:00PM ET,13.52,TB,10.5,17.0,14.77,15.5,11.74,15.01,10.881
55,Brian Hoyer,QB,5300,Hou@Mia 01:00PM ET,19.205,Hou,14.7,16.26,14.65,17.26,14.092,12.334,15.5416
56,Eric Decker,WR,5300,NYJ@NE 01:00PM ET,16.225,NYJ,19.5,20.0,12.74,18.0,13.32,11.94,11.149
57,Tyrod Taylor,QB,5300,Buf@Jax 09:30AM ET,21.596,Buf,,,,,,,
58,Derek Carr,QB,5300,Oak@SD 04:05PM ET,16.548,Oak,12.9,11.56,14.7,12.56,15.566,16.962,16.1456
59,Allen Hurns,WR,5300,Buf@Jax 09:30AM ET,17.333,Jax,9.0,18.2,10.75,17.1,12.64,13.77,12.06
60,Josh McCown,QB,5200,Cle@StL 01:00PM ET,21.268,Cle,18.2,17.86,16.86,18.86,15.548,17.732,13.292
61,Ryan Fitzpatrick,QB,5200,NYJ@NE 01:00PM ET,18.076,NYJ,20.4,16.36,16.82,17.36,17.282,12.194,14.466
62,Golden Tate,WR,5200,Min@Det 01:00PM ET,11.467,Det,17.5,11.6,12.32,10.9,13.2,14.6,11.8916
63,Kendall Wright,WR,5200,Atl@Ten 01:00PM ET,12.8,Ten,11.0,10.1,11.79,9.2,11.91,15.38,13.078
64,Sammy Watkins,WR,5200,Buf@Jax 09:30AM ET,9.425,Buf,,,,,,,
65,Donte Moncrief,WR,5200,NO@Ind 01:00PM ET,15.283,Ind,19.0,15.7,11.45,15.0,13.21,10.87,12.346
66,Alex Smith,QB,5100,Pit@KC 01:00PM ET,16.803,KC,15.6,17.32,15.67,18.32,16.712,18.032,13.8854
67,Nick Foles,QB,5100,Cle@StL 01:00PM ET,12.708,StL,12.3,18.26,14.77,19.26,15.498,16.002,11.054
68,Landry Jones,QB,5100,Pit@KC 01:00PM ET,14.62,Pit,17.8,17.08,13.75,17.9,13.694,19.544,6.584
69,EJ Manuel,QB,5100,Buf@Jax 09:30AM ET,7.173,Buf,13.9,,15.78,,14.046,16.566,15.5616
70,Teddy Bridgewater,QB,5100,Min@Det 01:00PM ET,11.864,Min,14.3,17.02,13.94,18.02,16.398,17.286,15.8338
71,Jameis Winston,QB,5100,TB@Was 01:00PM ET,16.232,TB,14.4,14.64,16.64,16.64,13.898,16.34,16.3226
72,Matt Hasselbeck,QB,5000,NO@Ind 01:00PM ET,15.8,Ind,,,,,,,
73,Mike Vick,QB,5000,Pit@KC 01:00PM ET,6.348,Pit,,,,,,,
74,Matt Cassel,QB,5000,Dal@NYG 04:25PM ET,0.0,Dal,17.6,18.36,12.55,14.54,14.652,17.574,13.7934
75,Charlie Whitehurst,QB,5000,Atl@Ten 01:00PM ET,0.0,Ten,,,,,,,
76,Tarvaris Jackson,QB,5000,Sea@SF 08:25PM ET,0.0,Sea,,,,,,,
77,Derek Anderson,QB,5000,Phi@Car 08:30PM ET,0.0,Car,,,,,,,
78,Dan Orlovsky,QB,5000,Min@Det 01:00PM ET,5.32,Det,,,,,,,
79,Kellen Clemens,QB,5000,Oak@SD 04:05PM ET,6.52,SD,,,,,,,
80,Shaun Hill,QB,5000,Min@Det 01:00PM ET,0.0,Min,,,,,,,1.0826
81,Matt Moore,QB,5000,Hou@Mia 01:00PM ET,0.0,Mia,,,,,,,
82,Drew Stanton,QB,5000,Bal@Ari 08:30PM ET,-0.1,Ari,,,,,,,
83,Antonio Gates,TE,5000,Oak@SD 04:05PM ET,24.35,SD,6.0,14.0,9.99,14.0,11.68,12.26,11.31
84,Matt Schaub,QB,5000,Bal@Ari 08:30PM ET,0.0,Bal,,,,,,,
85,Luke McCown,QB,5000,NO@Ind 01:00PM ET,2.4,NO,,,,,,,
86,Chad Henne,QB,5000,Buf@Jax 09:30AM ET,0.0,Jax,,,,,,,
87,Josh Johnson,QB,5000,Buf@Jax 09:30AM ET,0.0,Buf,,,,,,,
88,Joe Webb,QB,5000,Phi@Car 08:30PM ET,0.0,Car,,,,,,,
89,Mark Sanchez,QB,5000,Phi@Car 08:30PM ET,0.0,Phi,,,,,,,1.0584
90,Chase Daniel,QB,5000,Pit@KC 01:00PM ET,0.0,KC,,,,,,,
91,Colt McCoy,QB,5000,TB@Was 01:00PM ET,0.0,Was,,,,,,,1.103
92,Colin Kaepernick,QB,5000,Sea@SF 08:25PM ET,17.993,SF,14.1,11.88,14.16,13.88,16.298,18.752,16.2074
93,Thaddeus Lewis,QB,5000,Phi@Car 08:30PM ET,0.0,Phi,,,,,,,
94,Case Keenum,QB,5000,Cle@StL 01:00PM ET,0.0,StL,,,,,,,1.1382
95,Ryan Mallett,QB,5000,Hou@Mia 01:00PM ET,7.983,Hou,,,,,,,
96,Kellen Moore,QB,5000,Dal@NYG 04:25PM ET,0.0,Dal,,,,,,,
97,Brandon Weeden,QB,5000,Dal@NYG 04:25PM ET,9.63,Dal,,,,,,,
98,Pierre Garcon,WR,5000,TB@Was 01:00PM ET,13.25,Was,17.0,17.4,13.73,16.7,11.26,14.36,11.905
99,Austin Davis,QB,5000,Cle@StL 01:00PM ET,0.0,Cle,,,,,,,
100,Kirk Cousins,QB,5000,TB@Was 01:00PM ET,14.0,Was,12.0,10.28,14.12,11.28,14.244,16.786,16.3516
101,Robert Griffin III,QB,5000,TB@Was 01:00PM ET,0.0,Was,,,,,,,
102,Blaine Gabbert,QB,5000,Sea@SF 08:25PM ET,0.0,SF,,,,,,,
103,Sean Renfree,QB,5000,Atl@Ten 01:00PM ET,-0.4,Atl,,,,,,,
104,Mike Glennon,QB,5000,TB@Was 01:00PM ET,0.0,TB,,,,,,,1.0668
105,Ryan Nassib,QB,5000,Dal@NYG 04:25PM ET,0.0,NYG,,,,,,,
106,Ryan Griffin,QB,5000,TB@Was 01:00PM ET,0.0,TB,,,,,,,
107,Matt McGloin,QB,5000,Oak@SD 04:05PM ET,11.68,Oak,,,,,,,
108,Matt Barkley,QB,5000,Bal@Ari 08:30PM ET,0.0,Ari,,,,,,,
109,Zach Mettenberger,QB,5000,Atl@Ten 01:00PM ET,1.21,Ten,14.4,,15.17,,17.448,14.988,14.0
110,Aaron Murray,QB,5000,Pit@KC 01:00PM ET,0.0,KC,,,,,,,
111,Bryce Petty,QB,5000,NYJ@NE 01:00PM ET,0.0,NYJ,,,,,,,
112,Geno Smith,QB,5000,NYJ@NE 01:00PM ET,0.0,NYJ,,,,,,,1.012
113,Garrett Grayson,QB,5000,NO@Ind 01:00PM ET,0.0,NO,,,,,,,
114,Jimmy Garoppolo,QB,5000,NYJ@NE 01:00PM ET,-0.2,NE,,,,,,,
115,Sean Mannion,QB,5000,Cle@StL 01:00PM ET,0.0,StL,,,,,,,
116,Johnny Manziel,QB,5000,Cle@StL 01:00PM ET,13.38,Cle,,,,,,,1.5808
117,Taylor Heinicke,QB,5000,Min@Det 01:00PM ET,0.0,Min,,,,,,,
118,Todd Gurley,RB,5000,Cle@StL 01:00PM ET,14.133,StL,22.0,13.9,14.97,12.8,22.66,17.33,15.746
119,Frank Gore,RB,4900,NO@Ind 01:00PM ET,12.25,Ind,15.0,14.4,12.82,15.2,14.21,16.4,11.7252
120,Gary Barnidge,TE,4900,Cle@StL 01:00PM ET,17.383,Cle,16.0,19.4,11.75,19.7,9.83,11.14,10.296
121,Doug Martin,RB,4900,TB@Was 01:00PM ET,17.98,TB,12.5,13.5,13.42,13.6,12.46,15.59,13.5232
122,Travis Kelce,TE,4900,Pit@KC 01:00PM ET,14.433,KC,18.5,16.8,12.34,15.4,12.58,13.48,11.712
123,Jason Witten,TE,4800,Dal@NYG 04:25PM ET,13.62,Dal,16.5,17.8,10.64,16.9,11.27,16.24,11.559
124,LeGarrette Blount,RB,4800,NYJ@NE 01:00PM ET,14.85,NE,5.0,11.0,12.63,11.8,8.95,8.06,11.709
125,Thomas Rawls,RB,4800,Sea@SF 08:25PM ET,7.717,Sea,2.5,3.9,6.93,3.8,2.02,3.16,6.711
126,Martavis Bryant,WR,4700,Pit@KC 01:00PM ET,35.5,Pit,18.5,18.7,11.13,17.5,10.46,11.21,10.542
127,Danny Woodhead,RB,4600,Oak@SD 04:05PM ET,14.567,SD,11.5,26.1,12.5,24.4,12.25,10.33,10.726
128,Lamar Miller,RB,4600,Hou@Mia 01:00PM ET,10.92,Mia,15.5,7.5,13.07,8.4,15.94,13.46,13.995
129,Carlos Hyde,RB,4600,Sea@SF 08:25PM ET,13.383,SF,8.5,11.7,10.25,12.1,11.57,12.98,11.246
130,Anquan Boldin,WR,4500,Sea@SF 08:25PM ET,13.217,SF,20.5,16.6,11.13,16.3,12.01,14.35,11.854
131,Victor Cruz,WR,4500,Dal@NYG 04:25PM ET,0.0,NYG,,,,,,,
132,Tavon Austin,WR,4500,Cle@StL 01:00PM ET,14.06,StL,7.5,8.0,7.94,8.3,11.39,9.02,5.1022
133,Julius Thomas,TE,4500,Buf@Jax 09:30AM ET,12.4,Jax,16.5,15.4,10.9,15.7,12.04,7.65,10.356
134,T.J. Yeldon,RB,4500,Buf@Jax 09:30AM ET,12.08,Jax,7.0,15.4,10.99,16.0,11.69,13.96,11.035
135,Kamar Aiken,WR,4400,Bal@Ari 08:30PM ET,9.25,Bal,8.5,0.6,7.49,3.3,10.71,9.96,10.135
136,Rueben Randle,WR,4400,Dal@NYG 04:25PM ET,10.85,NYG,15.5,9.8,12.1,8.9,10.71,11.65,4.914
137,Breshad Perriman,WR,4400,Bal@Ari 08:30PM ET,0.0,Bal,,,,,,,
138,Andre Johnson,WR,4300,NO@Ind 01:00PM ET,7.383,Ind,4.5,5.0,11.71,4.5,8.48,10.68,8.3802
139,Chris Johnson,RB,4300,Bal@Ari 08:30PM ET,12.183,Ari,15.0,8.5,10.63,9.9,10.96,13.78,14.711
140,Michael Crabtree,WR,4300,Oak@SD 04:05PM ET,13.56,Oak,18.5,10.2,9.37,9.1,13.52,14.28,11.864
141,Charles Clay,TE,4300,Buf@Jax 09:30AM ET,13.067,Buf,18.5,14.0,10.27,15.0,10.61,13.45,14.628
142,Shane Vereen,RB,4300,Dal@NYG 04:25PM ET,9.75,NYG,9.0,13.7,11.37,14.0,9.86,8.76,8.64
143,Andre Ellington,RB,4300,Bal@Ari 08:30PM ET,11.1,Ari,4.0,5.6,9.88,6.3,5.0,9.07,6.181
144,Rishard Matthews,WR,4300,Hou@Mia 01:00PM ET,16.66,Mia,13.0,15.4,9.49,14.7,11.16,10.81,10.603
145,Willie Snead,WR,4300,NO@Ind 01:00PM ET,12.933,NO,21.0,8.2,11.57,6.1,11.48,13.12,11.722
146,Mike Wallace,WR,4200,Min@Det 01:00PM ET,10.72,Min,18.0,19.4,11.59,17.8,11.55,13.18,9.625
147,Leonard Hankerson,WR,4200,Atl@Ten 01:00PM ET,11.017,Atl,15.5,7.8,10.28,6.9,9.71,12.1,7.272
148,Torrey Smith,WR,4200,Sea@SF 08:25PM ET,10.55,SF,8.0,5.6,8.2,4.8,7.64,9.87,6.81
149,Terrance Williams,WR,4200,Dal@NYG 04:25PM ET,9.66,Dal,20.5,17.2,11.24,15.6,9.74,16.23,11.868
150,Jordan Reed,TE,4200,TB@Was 01:00PM ET,14.2,Was,10.0,15.2,11.81,14.6,10.99,11.87,10.4732
151,Melvin Gordon,RB,4200,Oak@SD 04:05PM ET,8.083,SD,6.0,4.3,8.4,4.8,10.31,11.57,10.541
152,Duke Johnson Jr.,RB,4200,Cle@StL 01:00PM ET,10.817,Cle,9.0,9.4,11.55,9.3,11.21,11.17,9.175
153,Stefon Diggs,WR,4200,Min@Det 01:00PM ET,18.8,Min,11.5,14.4,9.56,13.2,9.69,9.95,7.659
154,Charcandrick West,RB,4200,Pit@KC 01:00PM ET,1.933,KC,10.0,6.7,8.34,6.6,9.91,10.36,12.758
155,Doug Baldwin,WR,4100,Sea@SF 08:25PM ET,11.183,Sea,9.0,8.5,10.87,7.3,10.06,11.28,9.665
156,Rashad Jennings,RB,4000,Dal@NYG 04:25PM ET,10.417,NYG,10.5,10.7,12.56,10.8,12.09,9.82,12.3294
157,Jonathan Stewart,RB,4000,Phi@Car 08:30PM ET,10.16,Car,14.5,7.2,10.28,8.1,10.63,11.98,11.0706
158,Knile Davis,RB,4000,Pit@KC 01:00PM ET,2.4,KC,4.0,4.9,7.78,4.8,5.25,5.4,6.905
159,Ameer Abdullah,RB,4000,Min@Det 01:00PM ET,8.867,Det,6.0,5.1,10.5,5.0,10.55,8.25,9.976
160,Karlos Williams,RB,4000,Buf@Jax 09:30AM ET,14.8,Buf,,,,,,,
161,Delanie Walker,TE,3900,Atl@Ten 01:00PM ET,13.1,Ten,18.5,19.4,8.45,17.7,12.33,9.84,8.953
162,Seahawks ,DST,3800,Sea@SF 08:25PM ET,11.833,Sea,,,,,,,
163,Darren Sproles,RB,3800,Phi@Car 08:30PM ET,8.867,Phi,5.5,11.2,7.9,12.2,7.94,5.73,7.8702
164,Isaiah Crowell,RB,3800,Cle@StL 01:00PM ET,10.067,Cle,5.5,12.6,9.36,12.8,6.5,8.11,7.665
165,Percy Harvin,WR,3700,Buf@Jax 09:30AM ET,9.98,Buf,,,,,,,
166,Kenny Britt,WR,3700,Cle@StL 01:00PM ET,7.66,StL,17.5,7.1,8.41,5.6,8.26,11.96,8.028
167,Jamison Crowder,WR,3700,TB@Was 01:00PM ET,8.933,Was,10.5,10.6,9.65,10.5,10.56,11.7,11.369
168,Cardinals ,DST,3600,Bal@Ari 08:30PM ET,11.167,Ari,,,,,,,
169,Roddy White,WR,3600,Atl@Ten 01:00PM ET,5.133,Atl,6.0,4.4,9.63,4.2,7.53,12.17,4.717
170,Malcom Floyd,WR,3600,Oak@SD 04:05PM ET,8.833,SD,8.5,9.0,7.73,7.5,9.4,10.9,8.271
171,Jermaine Kearse,WR,3600,Sea@SF 08:25PM ET,8.567,Sea,7.5,4.9,8.34,4.5,8.77,9.41,9.1144
172,Charles Sims,RB,3600,TB@Was 01:00PM ET,11.76,TB,9.5,7.4,12.06,7.6,8.88,5.33,6.838
173,Tre Mason,RB,3600,Cle@StL 01:00PM ET,2.45,StL,,6.9,4.34,7.8,,1.85,5.097
174,Tevin Coleman,RB,3600,Atl@Ten 01:00PM ET,5.125,Atl,4.0,1.9,6.32,1.7,5.75,3.38,5.955
175,Lance Moore,WR,3500,Min@Det 01:00PM ET,9.3,Det,6.5,1.4,4.75,1.7,8.8,8.49,4.495
176,Reggie Bush,RB,3500,Sea@SF 08:25PM ET,0.767,SF,,4.0,5.33,6.7,7.04,3.73,2.44
177,Danny Amendola,WR,3500,NYJ@NE 01:00PM ET,9.32,NE,10.5,7.4,9.3,7.7,10.99,10.79,4.053
178,Stevie Johnson,WR,3500,Oak@SD 04:05PM ET,12.625,SD,8.5,12.0,11.58,12.0,10.01,11.44,8.609
179,David Johnson,RB,3500,Bal@Ari 08:30PM ET,11.583,Ari,5.5,7.0,7.15,7.2,7.1,5.63,7.583
180,Javorius Allen,RB,3500,Bal@Ari 08:30PM ET,3.017,Bal,2.0,4.0,5.72,5.0,,4.13,3.848
181,Nelson Agholor,WR,3500,Phi@Car 08:30PM ET,3.5,Phi,,,5.26,,,,
182,Marques Colston,WR,3400,NO@Ind 01:00PM ET,7.6,NO,6.0,15.8,8.35,14.9,9.37,,8.247
183,Theo Riddick,RB,3400,Min@Det 01:00PM ET,12.6,Det,9.5,5.4,10.94,5.8,10.25,5.49,9.598
184,Cecil Shorts III,WR,3400,Hou@Mia 01:00PM ET,12.18,Hou,,,,,,,
185,Bishop Sankey,RB,3400,Atl@Ten 01:00PM ET,8.64,Ten,5.5,5.5,6.6,5.7,6.12,6.82,7.4
186,Falcons ,DST,3300,Atl@Ten 01:00PM ET,7.5,Atl,,,,,,,
187,Benjamin Watson,TE,3300,NO@Ind 01:00PM ET,10.933,NO,,7.2,6.49,8.6,9.52,10.53,7.56
188,Ted Ginn Jr.,WR,3300,Phi@Car 08:30PM ET,10.68,Car,9.0,9.6,11.12,7.8,9.88,7.33,10.595
189,Dwayne Harris,WR,3300,Dal@NYG 04:25PM ET,5.7,NYG,6.5,2.8,5.89,2.4,7.21,11.44,3.6024
190,C.J. Spiller,RB,3300,NO@Ind 01:00PM ET,8.0,NO,7.0,13.3,8.89,13.4,10.01,5.85,5.4302
191,Alfred Morris,RB,3300,TB@Was 01:00PM ET,6.733,Was,12.5,3.9,10.6,4.5,11.41,5.22,8.712
192,Jordan Cameron,TE,3300,Hou@Mia 01:00PM ET,8.2,Mia,15.5,12.2,6.79,11.1,11.08,9.56,7.934
193,Larry Donnell,TE,3300,Dal@NYG 04:25PM ET,9.05,NYG,8.0,17.2,9.63,16.6,9.2,8.46,9.37
194,Bilal Powell,RB,3300,NYJ@NE 01:00PM ET,7.36,NYJ,,,10.41,,,,
195,Benny Cunningham,RB,3300,Cle@StL 01:00PM ET,7.02,StL,7.5,5.1,4.75,5.2,7.44,4.67,6.791
196,Chris Thompson,RB,3300,TB@Was 01:00PM ET,9.333,Was,,10.7,,11.9,,7.77,
197,Alfred Blue,RB,3300,Hou@Mia 01:00PM ET,6.133,Hou,3.0,3.6,6.12,4.1,3.81,6.81,4.417
198,Robert Woods,WR,3300,Buf@Jax 09:30AM ET,7.183,Buf,11.0,7.6,8.56,7.8,8.3,14.25,12.121
199,Antonio Andrews,RB,3300,Atl@Ten 01:00PM ET,10.333,Ten,7.0,12.8,9.49,13.3,8.83,3.74,9.592
200,Chris Hogan,WR,3300,Buf@Jax 09:30AM ET,7.343,Buf,9.0,3.0,7.42,2.5,7.66,10.31,3.917
201,Patriots ,DST,3200,NYJ@NE 01:00PM ET,8.4,NE,,,,,,,
202,DeAngelo Williams,RB,3200,Pit@KC 01:00PM ET,8.5,Pit,3.0,3.1,3.52,3.8,2.03,2.83,6.13
203,Toby Gerhart,RB,3200,Buf@Jax 09:30AM ET,2.225,Jax,4.0,3.3,3.13,3.6,2.36,2.89,1.72
204,Dexter McCluster,RB,3200,Atl@Ten 01:00PM ET,7.68,Ten,6.5,8.8,7.07,10.1,8.05,9.74,7.3338
205,Ryan Mathews,RB,3200,Phi@Car 08:30PM ET,9.967,Phi,5.0,9.2,10.15,8.6,5.34,2.66,7.469
206,Michael Floyd,WR,3200,Bal@Ari 08:30PM ET,5.733,Ari,16.5,8.0,11.05,8.0,10.78,8.46,4.613
207,Cole Beasley,WR,3200,Dal@NYG 04:25PM ET,8.48,Dal,6.5,4.6,9.84,4.3,6.88,15.46,4.588
208,Zach Ertz,TE,3200,Phi@Car 08:30PM ET,6.617,Phi,7.5,10.6,5.81,10.3,8.97,8.36,8.828
209,Josh Huff,WR,3200,Phi@Car 08:30PM ET,6.12,Phi,7.0,6.6,3.69,6.3,5.4,5.99,3.764
210,Austin Seferian-Jenkins,TE,3200,TB@Was 01:00PM ET,17.95,TB,,,8.57,,,,
211,Tyler Lockett,WR,3200,Sea@SF 08:25PM ET,6.15,Sea,6.0,3.5,6.02,3.8,5.99,7.99,4.236
212,Dorial Green-Beckham,WR,3200,Atl@Ten 01:00PM ET,5.44,Ten,7.0,6.0,8.1,5.0,9.29,7.74,5.755
213,Matt Jones,RB,3200,TB@Was 01:00PM ET,9.8,Was,8.0,9.6,8.58,10.9,14.4,7.2,9.449
214,Seth Roberts,WR,3200,Oak@SD 04:05PM ET,5.4,Oak,,,4.62,,4.86,8.93,
215,Bills ,DST,3100,Buf@Jax 09:30AM ET,6.0,Buf,,,,,,,
216,Panthers ,DST,3100,Phi@Car 08:30PM ET,10.4,Car,,,,,,,
217,Darrius Heyward-Bey,WR,3100,Pit@KC 01:00PM ET,8.317,Pit,,9.2,5.92,7.6,1.13,4.24,
218,Darren McFadden,RB,3100,Dal@NYG 04:25PM ET,8.22,Dal,4.0,2.5,7.19,3.3,8.98,0.33,9.6364
219,Kyle Rudolph,TE,3100,Min@Det 01:00PM ET,7.86,Min,6.5,11.6,7.47,11.8,9.26,10.27,7.012
220,Joique Bell,RB,3100,Min@Det 01:00PM ET,5.767,Det,4.0,5.0,6.17,6.1,6.84,8.2,9.5676
221,Vikings ,DST,3000,Min@Det 01:00PM ET,8.6,Min,,,,,,,
222,Ravens ,DST,3000,Bal@Ari 08:30PM ET,6.167,Bal,,,,,,,
223,Greg Jennings,WR,3000,Hou@Mia 01:00PM ET,2.94,Mia,2.5,6.8,3.32,7.4,2.74,6.85,3.035
224,Jason Avant,WR,3000,Pit@KC 01:00PM ET,2.083,KC,2.0,5.2,4.12,5.6,,6.61,3.312
225,Vernon Davis,TE,3000,Sea@SF 08:25PM ET,4.725,SF,4.0,6.2,6.39,6.1,7.64,5.1,5.276
226,Miles Austin,WR,3000,Phi@Car 08:30PM ET,4.383,Phi,5.0,3.0,4.29,2.5,4.33,2.84,4.16
227,Nate Washington,WR,3000,Hou@Mia 01:00PM ET,9.25,Hou,8.5,4.6,9.17,4.3,10.49,12.24,5.364
228,Dwayne Bowe,WR,3000,Cle@StL 01:00PM ET,0.0,Cle,,1.4,,1.7,,0.86,
229,Tyler Clutts,RB,3000,Dal@NYG 04:25PM ET,0.28,Dal,,,1.76,,,0.03,
230,Harry Douglas,WR,3000,Atl@Ten 01:00PM ET,4.5,Ten,,,,,,,
231,Eric Weems,WR,3000,Atl@Ten 01:00PM ET,0.0,Atl,,,,,,0.07,1.27
232,Matthew Slater,WR,3000,NYJ@NE 01:00PM ET,0.0,NE,,,,,,0.26,
233,Jerricho Cotchery,WR,3000,Phi@Car 08:30PM ET,6.9,Car,4.0,4.6,7.61,4.3,6.52,8.98,4.903
234,Jerome Felton,RB,3000,Buf@Jax 09:30AM ET,0.033,Buf,,,1.03,,,0.15,1.444
235,Ahmad Bradshaw,RB,3000,NO@Ind 01:00PM ET,2.6,Ind,,,6.33,,8.16,4.53,5.188
236,Mike Tolbert,RB,3000,Phi@Car 08:30PM ET,3.48,Car,4.5,4.3,5.02,4.8,3.93,4.54,1.8736
237,Andrew Hawkins,WR,3000,Cle@StL 01:00PM ET,6.433,Cle,6.0,8.1,7.25,7.1,6.98,11.16,7.404
238,Seyi Ajirotutu,WR,3000,Phi@Car 08:30PM ET,0.0,Phi,,,,,,0.02,
239,Marlon Moore,WR,3000,Cle@StL 01:00PM ET,0.5,Cle,,,,,,,1.371
240,Darrel Young,RB,3000,TB@Was 01:00PM ET,0.5,Was,,,2.96,,1.2,,1.4804
241,Louis Murphy,WR,3000,TB@Was 01:00PM ET,5.18,TB,,3.4,6.17,3.7,4.81,6.0,6.283
242,Brian Hartline,WR,3000,Cle@StL 01:00PM ET,3.633,Cle,6.0,5.6,8.4,5.8,4.87,6.13,4.913
243,Donald Brown,RB,3000,Oak@SD 04:05PM ET,0.0,SD,,,,,,0.05,
244,Jorvorskie Lane,RB,3000,TB@Was 01:00PM ET,0.0,TB,,,,,,0.03,
245,Shaun Draughn,RB,3000,Cle@StL 01:00PM ET,0.62,Cle,,,,,,0.06,
246,Marcel Reece,RB,3000,Oak@SD 04:05PM ET,9.78,Oak,,1.6,7.52,2.0,4.65,5.75,2.217
247,Bruce Miller,RB,3000,Sea@SF 08:25PM ET,2.983,SF,,,3.24,,,1.05,
248,Bryan Walters,WR,3000,Buf@Jax 09:30AM ET,8.06,Jax,6.5,4.2,5.76,4.1,9.7,8.92,1.032
249,Andre Roberts,WR,3000,TB@Was 01:00PM ET,2.4,Was,,5.9,,5.0,4.1,,
250,Jacoby Jones,WR,3000,Oak@SD 04:05PM ET,0.0,SD,,6.8,,6.5,,0.07,
251,Riley Cooper,WR,3000,Phi@Car 08:30PM ET,7.25,Phi,,3.2,4.87,2.6,9.44,9.57,4.886
252,Fred Jackson,RB,3000,Sea@SF 08:25PM ET,5.533,Sea,,2.6,,2.7,4.31,,6.439
253,Boobie Dixon,RB,3000,Buf@Jax 09:30AM ET,2.817,Buf,,,,,1.44,,
254,Jeremy Ross,WR,3000,Bal@Ari 08:30PM ET,5.5,Bal,,,,,4.81,,
255,Chase Reynolds,RB,3000,Cle@StL 01:00PM ET,0.0,StL,,,,,,,
256,Joseph Morgan,WR,3000,NO@Ind 01:00PM ET,0.0,NO,,,,,,,
257,Fozzy Whittaker,RB,3000,Phi@Car 08:30PM ET,2.3,Car,,5.9,3.79,6.5,2.74,0.33,1.562
258,Marcus Easley,WR,3000,Buf@Jax 09:30AM ET,0.0,Buf,,,1.31,,,3.89,
259,Matt Asiata,RB,3000,Min@Det 01:00PM ET,2.86,Min,,3.1,3.08,3.4,3.69,3.97,2.078
260,Taiwan Jones,RB,3000,Oak@SD 04:05PM ET,2.3,Oak,,,4.2,,,2.79,2.928
261,Charles Johnson,WR,3000,Min@Det 01:00PM ET,3.533,Min,5.0,7.1,5.63,6.6,6.78,0.75,8.865
262,Brian Quick,WR,3000,Cle@StL 01:00PM ET,1.0,StL,4.5,6.2,5.97,6.1,4.81,2.61,4.765
263,Daniel Herron,RB,3000,Buf@Jax 09:30AM ET,3.25,Buf,1.5,3.1,6.26,3.4,4.79,0.01,1.95
264,Denarius Moore,WR,3000,Buf@Jax 09:30AM ET,-0.5,Buf,,,3.3,,6.28,,
265,Dontrelle Inman,WR,3000,Oak@SD 04:05PM ET,4.52,SD,,3.4,,3.7,,2.34,3.142
266,Coby Fleener,TE,3000,NO@Ind 01:00PM ET,7.3,Ind,4.0,5.8,8.22,5.9,8.65,9.76,9.274
267,Jeremy Kerley,WR,3000,NYJ@NE 01:00PM ET,3.06,NYJ,,8.8,4.94,8.5,,0.26,2.803
268,Anthony Sherman,RB,3000,Pit@KC 01:00PM ET,0.55,KC,,,2.08,,1.17,1.68,1.5766
269,Will Tukuafu,RB,3000,Sea@SF 08:25PM ET,0.0,Sea,,,,,,,
270,Robert Turbin,RB,3000,Cle@StL 01:00PM ET,2.7,Cle,,4.1,4.26,3.8,3.74,2.14,3.81
271,Will Johnson,RB,3000,Pit@KC 01:00PM ET,1.117,Pit,,,2.78,,,0.04,1.679
272,Bobby Rainey,RB,3000,TB@Was 01:00PM ET,0.84,TB,,4.9,,5.3,,0.21,2.204
273,Roy Helu Jr.,RB,3000,Oak@SD 04:05PM ET,4.625,Oak,3.0,5.5,7.81,5.7,6.91,0.13,5.077
274,Patrick DiMarco,RB,3000,Atl@Ten 01:00PM ET,1.35,Atl,,,1.7,,,0.04,1.202
275,Austin Johnson,RB,3000,NO@Ind 01:00PM ET,1.88,NO,,,2.87,,,,
276,Chris Polk,RB,3000,Hou@Mia 01:00PM ET,5.733,Hou,3.0,1.7,4.23,2.3,,0.02,7.4124
277,Jarryd Hayne,RB,3000,Sea@SF 08:25PM ET,0.533,SF,2.5,,,,,,
278,Kenjon Barner,RB,3000,Phi@Car 08:30PM ET,0.0,Phi,,,,,,,
279,Brice Butler,WR,3000,Dal@NYG 04:25PM ET,2.567,Dal,,,,,3.79,0.48,3.614
280,Zach Line,RB,3000,Min@Det 01:00PM ET,2.7,Min,,,2.46,,,,
281,Chris Owusu,WR,3000,NYJ@NE 01:00PM ET,4.75,NYJ,,,5.02,,4.24,6.29,3.0
282,Griff Whalen,WR,3000,NO@Ind 01:00PM ET,2.267,Ind,,,,,,0.67,1.152
283,Brenton Bersin,WR,3000,Phi@Car 08:30PM ET,3.9,Car,,,,,,,
284,Jonathan Grimes,RB,3000,Hou@Mia 01:00PM ET,5.625,Hou,,0.6,,0.5,1.41,,1.658
285,Frankie Hammond Jr.,WR,3000,Pit@KC 01:00PM ET,0.0,KC,,,,,,0.28,
286,Jaron Brown,WR,3000,Bal@Ari 08:30PM ET,2.467,Ari,,,5.4,,,6.52,
287,Chris Givens,WR,3000,Bal@Ari 08:30PM ET,1.58,Bal,,7.6,3.39,6.8,1.65,0.3,
288,Keshawn Martin,WR,3000,NYJ@NE 01:00PM ET,7.167,NE,,,,,7.0,7.38,3.649
289,Myles White,WR,3000,Dal@NYG 04:25PM ET,0.0,NYG,,,,,,,
290,Jordan Todman,RB,3000,Pit@KC 01:00PM ET,0.183,Pit,,,,,,,
291,Jarius Wright,WR,3000,Min@Det 01:00PM ET,4.8,Min,,7.6,6.15,7.1,3.73,6.64,3.736
292,Brandon Bolden,RB,3000,NYJ@NE 01:00PM ET,0.72,NE,,2.6,,3.1,,,1.295
293,Jonas Gray,RB,3000,Hou@Mia 01:00PM ET,3.167,Mia,2.0,2.8,3.22,2.6,1.65,,2.366
294,Russell Shepard,WR,3000,TB@Was 01:00PM ET,0.533,TB,,,,,,1.53,
295,Zurlon Tipton,RB,3000,NO@Ind 01:00PM ET,0.3,Ind,,,,,,,
296,Tommy Bohanon,RB,3000,NYJ@NE 01:00PM ET,0.04,NYJ,,,1.56,,,0.34,
297,Ryan Grant,WR,3000,TB@Was 01:00PM ET,4.667,Was,4.0,,5.16,1.7,3.64,7.81,4.0844
298,Markus Wheaton,WR,3000,Pit@KC 01:00PM ET,6.933,Pit,3.0,3.7,5.56,2.9,5.23,12.1,4.376
299,Nikita Whitlock,RB,3000,Dal@NYG 04:25PM ET,0.0,NYG,,,,,,,
300,Kyle Juszczyk,RB,3000,Bal@Ari 08:30PM ET,4.75,Bal,,,3.37,,5.16,3.24,1.019
301,Stepfan Taylor,RB,3000,Bal@Ari 08:30PM ET,0.417,Ari,,1.1,,1.8,,0.05,1.688
302,Zac Stacy,RB,3000,NYJ@NE 01:00PM ET,5.175,NYJ,5.5,5.4,4.77,6.1,8.06,2.37,4.415
303,Tony Washington,WR,3000,Buf@Jax 09:30AM ET,0.2,Jax,,,,,,,
304,Branden Oliver,RB,3000,Oak@SD 04:05PM ET,2.7,SD,2.0,6.3,6.89,6.4,2.28,5.01,2.439
305,Dri Archer,WR,3000,Pit@KC 01:00PM ET,0.0,Pit,,4.4,,5.1,,0.05,1.575
306,Marquise Goodwin,WR,3000,Buf@Jax 09:30AM ET,2.2,Buf,,,,,,,
307,Brandon Wegher,RB,3000,Phi@Car 08:30PM ET,0.0,Car,,,,,,,
308,Kevin Norwood,WR,3000,Phi@Car 08:30PM ET,0.0,Car,,,,,,0.42,
309,Ricardo Lockette,WR,3000,Sea@SF 08:25PM ET,2.6,Sea,,3.3,,2.7,,0.06,3.525
310,Christine Michael,RB,3000,Dal@NYG 04:25PM ET,0.25,Dal,6.0,4.2,5.23,4.9,6.21,6.25,7.7816
311,Denard Robinson,RB,3000,Buf@Jax 09:30AM ET,4.733,Jax,,5.4,4.97,5.5,3.26,1.6,4.9
312,Nick Williams,WR,3000,Atl@Ten 01:00PM ET,1.917,Atl,,,,,2.4,5.26,4.0476
313,Devin Street,WR,3000,Dal@NYG 04:25PM ET,1.02,Dal,4.0,,5.46,,2.62,4.25,2.229
314,Marlon Brown,WR,3000,Bal@Ari 08:30PM ET,3.067,Bal,4.0,7.2,4.31,6.6,5.46,6.78,3.3616
315,Chris Matthews,WR,3000,Sea@SF 08:25PM ET,1.567,Sea,,2.6,4.38,3.3,2.1,4.48,4.433
316,Aaron Dobson,WR,3000,NYJ@NE 01:00PM ET,6.367,NE,,5.0,,4.5,,2.13,1.692
317,Bernard Pierce,RB,3000,Buf@Jax 09:30AM ET,0.96,Jax,,0.6,,0.5,,,
318,Stedman Bailey,WR,3000,Cle@StL 01:00PM ET,6.22,StL,4.0,5.2,6.82,4.7,6.21,8.41,3.984
319,Spencer Ware,RB,3000,Pit@KC 01:00PM ET,0.0,KC,,,,,,,1.806
320,Quincy Enunwa,WR,3000,NYJ@NE 01:00PM ET,3.48,NYJ,,,,,,,
321,Justin Hunter,WR,3000,Atl@Ten 01:00PM ET,5.52,Ten,7.0,5.8,5.88,4.9,8.67,9.2,8.348
322,Kenny Stills,WR,3000,Hou@Mia 01:00PM ET,6.14,Mia,4.5,7.6,5.39,6.8,7.5,2.66,4.715
323,Jay Prosch,RB,3000,Hou@Mia 01:00PM ET,0.467,Hou,,,1.12,,,0.04,2.293
324,Jalston Fowler,RB,3000,Atl@Ten 01:00PM ET,2.02,Ten,,,2.05,,,0.04,
325,TJ Jones,WR,3000,Min@Det 01:00PM ET,0.2,Det,,,,,,0.45,
326,Orleans Darkwa,RB,3000,Dal@NYG 04:25PM ET,0.0,NYG,,,,,,0.08,
327,Roosevelt Nix,RB,3000,Pit@KC 01:00PM ET,0.0,Pit,,,,,,,
328,Rod Streater,WR,3000,Oak@SD 04:05PM ET,1.8,Oak,,3.6,4.76,2.8,,0.84,
329,Marcus Murphy,RB,3000,NO@Ind 01:00PM ET,1.0,NO,,,,,,,
330,Andre Williams,RB,3000,Dal@NYG 04:25PM ET,3.45,NYG,2.0,3.2,6.2,3.8,4.11,6.12,5.263
331,Rod Smith,RB,3000,Dal@NYG 04:25PM ET,0.5,Dal,,,,,,,
332,Walt Powell,WR,3000,Oak@SD 04:05PM ET,0.0,Oak,,,,,,,
333,Malcolm Johnson,RB,3000,Cle@StL 01:00PM ET,0.733,Cle,,,,,,0.03,1.72
334,James White,RB,3000,NYJ@NE 01:00PM ET,1.85,NE,,3.0,,2.9,,0.17,1.697
335,Brandon Coleman,WR,3000,NO@Ind 01:00PM ET,4.383,NO,4.0,6.8,6.29,6.4,3.05,9.09,4.462
336,Michael Burton,RB,3000,Min@Det 01:00PM ET,0.517,Det,,,,,,,2.014
337,Albert Wilson,WR,3000,Pit@KC 01:00PM ET,5.05,KC,5.0,1.8,10.39,1.9,5.4,7.47,6.439
338,Corey Grant,RB,3000,Buf@Jax 09:30AM ET,0.417,Jax,,,,,,,
339,DeAndrew White,WR,3000,Sea@SF 08:25PM ET,1.267,SF,,,,,,,
340,Matt Hazel,WR,3000,Hou@Mia 01:00PM ET,0.0,Mia,,,,,,,
341,Keith Mumphery,WR,3000,Hou@Mia 01:00PM ET,3.833,Hou,2.5,3.2,,3.6,6.87,5.42,4.009
342,Justin Hardy,WR,3000,Atl@Ten 01:00PM ET,0.0,Atl,,1.6,,1.8,,0.4,1.186
343,J.J. Nelson,WR,3000,Bal@Ari 08:30PM ET,-0.5,Ari,,1.8,,1.9,2.08,0.61,
344,Andre Holmes,WR,3000,Oak@SD 04:05PM ET,3.06,Oak,,3.2,3.32,2.6,1.96,4.74,3.455
345,Corey Fuller,WR,3000,Min@Det 01:00PM ET,1.62,Det,,,3.96,,,2.43,1.069
346,Geremy Davis,WR,3000,Dal@NYG 04:25PM ET,0.683,NYG,,,,,1.36,2.63,
347,Jamize Olawale,RB,3000,Oak@SD 04:05PM ET,2.233,Oak,,,,,1.09,,
348,Jerick McKinnon,RB,3000,Min@Det 01:00PM ET,1.6,Min,2.5,2.9,2.01,3.1,1.88,0.94,4.432
349,Corey Brown,WR,3000,Phi@Car 08:30PM ET,5.24,Car,,6.4,4.24,6.4,5.5,3.54,
350,Zach Zenner,RB,3000,Min@Det 01:00PM ET,1.517,Det,,,,,,,
351,Terrence Magee,RB,3000,Bal@Ari 08:30PM ET,0.0,Bal,,,,,,,
352,Terron Ward,RB,3000,Atl@Ten 01:00PM ET,3.267,Atl,,2.6,,2.9,,,3.252
353,Chris Conley,WR,3000,Pit@KC 01:00PM ET,2.683,KC,4.0,1.6,6.46,1.8,7.03,7.81,3.45
354,Quinton Patton,WR,3000,Sea@SF 08:25PM ET,4.983,SF,4.0,,3.21,,4.45,4.3,
355,Sammie Coates,WR,3000,Pit@KC 01:00PM ET,0.525,Pit,,1.6,,1.8,,,2.451
356,Terrance West,RB,3000,Atl@Ten 01:00PM ET,1.55,Ten,,1.3,,1.1,,0.17,1.689
357,Phillip Dorsett,WR,3000,NO@Ind 01:00PM ET,5.217,Ind,4.5,3.4,5.91,2.7,5.44,4.21,4.743
358,Rashad Ross,WR,3000,TB@Was 01:00PM ET,3.72,Was,,,,,,4.66,
359,Marqise Lee,WR,3000,Buf@Jax 09:30AM ET,4.1,Jax,,,5.1,,,,
360,Darren Waller,WR,3000,Bal@Ari 08:30PM ET,0.76,Bal,,,,,,2.35,
361,DeVante Parker,WR,3000,Hou@Mia 01:00PM ET,1.78,Mia,2.0,3.0,4.38,2.5,2.75,0.26,3.148
362,Bruce Ellington,WR,3000,Sea@SF 08:25PM ET,2.8,SF,,2.5,2.79,2.3,,2.22,
363,Bradley Marquez,WR,3000,Cle@StL 01:00PM ET,0.0,StL,,,,,,,
364,Eric Ebron,TE,3000,Min@Det 01:00PM ET,11.225,Det,5.0,15.0,6.77,14.5,10.3,,8.154
365,Devin Smith,WR,3000,NYJ@NE 01:00PM ET,3.433,NYJ,4.0,3.4,3.54,2.7,5.72,1.77,2.429
366,Raheem Mostert,RB,3000,Bal@Ari 08:30PM ET,0.0,Bal,,,,,,,
367,Josh Robinson,RB,3000,NO@Ind 01:00PM ET,2.44,Ind,,2.4,4.83,3.1,,1.08,1.406
368,De'Anthony Thomas,WR,3000,Pit@KC 01:00PM ET,3.383,KC,4.0,7.8,4.12,9.1,3.48,9.08,6.5624
369,Brittan Golden,WR,3000,Bal@Ari 08:30PM ET,0.0,Ari,,,,,,,
370,Cordarrelle Patterson,WR,3000,Min@Det 01:00PM ET,0.78,Min,2.5,5.8,,5.4,,0.06,
371,Damien Williams,RB,3000,Hou@Mia 01:00PM ET,3.42,Mia,,1.9,5.2,2.4,3.17,4.24,3.279
372,Mike Davis,RB,3000,Sea@SF 08:25PM ET,1.967,SF,,,3.89,,,,1.273
373,Devin Funchess,WR,3000,Phi@Car 08:30PM ET,2.24,Car,4.0,11.6,6.18,10.8,5.95,7.18,2.759
374,Cameron Artis-Payne,RB,3000,Phi@Car 08:30PM ET,1.033,Car,,2.0,,2.6,,1.82,2.552
375,Lucky Whitehead,WR,3000,Dal@NYG 04:25PM ET,0.175,Dal,,,,,,0.02,
376,Jaelen Strong,WR,3000,Hou@Mia 01:00PM ET,10.4,Hou,,7.6,8.51,6.8,2.0,3.23,3.923
377,Adam Thielen,WR,3000,Min@Det 01:00PM ET,3.32,Min,,,,,,3.29,
378,Khiry Robinson,RB,3000,NO@Ind 01:00PM ET,8.45,NO,1.5,1.3,6.37,1.1,6.23,3.97,2.19
379,Taylor Gabriel,WR,3000,Cle@StL 01:00PM ET,5.283,Cle,4.0,3.6,6.14,3.8,5.46,8.12,4.336
380,Donteea Dye,WR,3000,TB@Was 01:00PM ET,0.0,TB,,,,,,,
381,Texans ,DST,2900,Hou@Mia 01:00PM ET,4.667,Hou,,,,,,,
382,Jets ,DST,2900,NYJ@NE 01:00PM ET,9.6,NYJ,,,,,,,
383,Jacob Tamme,TE,2900,Atl@Ten 01:00PM ET,8.4,Atl,6.0,1.6,5.45,1.8,6.66,11.48,6.933
384,Ladarius Green,TE,2900,Oak@SD 04:05PM ET,13.18,SD,17.0,14.4,10.3,14.2,6.3,5.51,6.439
385,Giants ,DST,2800,Dal@NYG 04:25PM ET,7.667,NYG,,,,,,,
386,Jared Cook,TE,2800,Cle@StL 01:00PM ET,6.38,StL,7.5,7.2,7.83,7.6,8.1,10.26,8.333
387,Chiefs ,DST,2700,Pit@KC 01:00PM ET,5.333,KC,,,,,,,
388,Dolphins ,DST,2700,Hou@Mia 01:00PM ET,7.4,Mia,,,,,,,
389,Eagles ,DST,2700,Phi@Car 08:30PM ET,10.833,Phi,,,,,,,
390,Heath Miller,TE,2700,Pit@KC 01:00PM ET,6.967,Pit,8.0,10.6,7.29,11.3,5.82,11.2,8.763
391,Dwayne Allen,TE,2700,NO@Ind 01:00PM ET,4.775,Ind,6.5,5.2,7.33,4.6,4.82,7.5,6.106
392,Chris Gragg,TE,2700,Buf@Jax 09:30AM ET,4.3,Buf,,8.0,,8.0,1.11,0.19,3.309
393,Lions ,DST,2600,Min@Det 01:00PM ET,7.167,Det,,,,,,,
394,Titans ,DST,2600,Atl@Ten 01:00PM ET,6.8,Ten,,,,,,,
395,Steelers ,DST,2600,Pit@KC 01:00PM ET,8.833,Pit,,,,,,,
396,Chargers ,DST,2600,Oak@SD 04:05PM ET,4.333,SD,,,,,,,
397,Buccaneers ,DST,2600,TB@Was 01:00PM ET,7.0,TB,,,,,,,
398,Maxx Williams,TE,2600,Bal@Ari 08:30PM ET,3.8,Bal,,6.4,4.72,6.2,,1.4,3.329
399,Cowboys ,DST,2500,Dal@NYG 04:25PM ET,5.0,Dal,,,,,,,
400,Redskins ,DST,2500,TB@Was 01:00PM ET,8.167,Was,,,,,,,
401,Mike Leach,TE,2500,Bal@Ari 08:30PM ET,0.0,Ari,,,,,,,
402,Craig Stevens,TE,2500,Atl@Ten 01:00PM ET,1.66,Ten,,,,,,0.24,2.882
403,Marcedes Lewis,TE,2500,Buf@Jax 09:30AM ET,1.8,Jax,2.0,6.2,2.62,6.1,2.55,4.61,2.757
404,Scott Chandler,TE,2500,NYJ@NE 01:00PM ET,4.56,NE,2.0,7.2,4.3,6.6,5.53,3.51,4.432
405,Matt Spaeth,TE,2500,Pit@KC 01:00PM ET,0.0,Pit,,,,,,,2.15
406,Anthony Fasano,TE,2500,Atl@Ten 01:00PM ET,5.58,Ten,,4.6,4.6,4.3,4.21,4.03,4.868
407,Brent Celek,TE,2500,Phi@Car 08:30PM ET,3.833,Phi,2.0,,5.15,,,3.54,3.749
408,Brandon Pettigrew,TE,2500,Min@Det 01:00PM ET,2.95,Det,,,3.77,,,,
409,Kellen Davis,TE,2500,NYJ@NE 01:00PM ET,0.0,NYJ,,,4.15,,1.07,,
410,Brandon Myers,TE,2500,TB@Was 01:00PM ET,2.4,TB,4.0,2.6,4.27,3.3,5.29,7.63,5.528
411,Darren Fells,TE,2500,Bal@Ari 08:30PM ET,5.933,Ari,,,,,,,
412,Tony Moeaki,TE,2500,Atl@Ten 01:00PM ET,0.0,Atl,,,,,,,2.604
413,David Johnson,TE,2500,Oak@SD 04:05PM ET,0.033,SD,5.5,7.0,7.15,7.2,7.1,5.63,7.583
414,Clay Harbor,TE,2500,Buf@Jax 09:30AM ET,3.4,Jax,,3.8,,3.9,,0.76,
415,Ed Dickson,TE,2500,Phi@Car 08:30PM ET,3.86,Car,2.0,3.6,4.01,3.8,4.15,3.92,2.922
416,Chase Coffman,TE,2500,Atl@Ten 01:00PM ET,8.2,Ten,,,,,,,
417,Garrett Graham,TE,2500,Hou@Mia 01:00PM ET,2.167,Hou,4.0,5.4,5.12,5.7,3.75,3.03,4.308
418,Andrew DePaola,TE,2500,TB@Was 01:00PM ET,0.0,TB,,,,,,,
419,Richie Brockel,TE,2500,Phi@Car 08:30PM ET,0.0,Car,,,,,,,
420,Anthony McCoy,TE,2500,TB@Was 01:00PM ET,0.0,Was,,,,,,0.01,
421,Jim Dray,TE,2500,Cle@StL 01:00PM ET,0.667,Cle,,,4.68,,,0.68,
422,John Phillips,TE,2500,Oak@SD 04:05PM ET,2.433,SD,,,,,,0.01,
423,Rob Housler,TE,2500,Cle@StL 01:00PM ET,0.267,Cle,,,4.68,,,,1.37
424,Kyle Nelson,TE,2500,Sea@SF 08:25PM ET,0.0,SF,,,,,,,
425,Matthew Mulligan,TE,2500,Buf@Jax 09:30AM ET,0.2,Buf,,,,,,,
426,Lance Kendricks,TE,2500,Cle@StL 01:00PM ET,4.3,StL,2.0,2.6,,3.3,,,4.224
427,Jermaine Gresham,TE,2500,Bal@Ari 08:30PM ET,1.683,Ari,4.0,4.0,4.41,4.0,4.83,5.52,1.851
428,Jeff Cumberland,TE,2500,NYJ@NE 01:00PM ET,0.75,NYJ,1.5,4.2,,4.1,2.77,5.38,3.012
429,Michael Hoomanawanui,TE,2500,NO@Ind 01:00PM ET,0.35,NO,,,,,,,1.535
430,Lee Smith,TE,2500,Oak@SD 04:05PM ET,1.36,Oak,,,3.27,,,0.8,
431,Luke Stocker,TE,2500,TB@Was 01:00PM ET,0.0,TB,,,2.13,,,0.86,
432,Rhett Ellison,TE,2500,Min@Det 01:00PM ET,0.68,Min,,,3.76,,1.5,3.55,2.093
433,Garrett Celek,TE,2500,Sea@SF 08:25PM ET,5.517,SF,4.0,2.4,4.5,3.2,3.58,3.36,
434,James Hanna,TE,2500,Dal@NYG 04:25PM ET,0.567,Dal,,,,,,,
435,Jake Stoneburner,TE,2500,Hou@Mia 01:00PM ET,5.425,Mia,,1.2,6.11,1.6,,,1.872
436,Mychal Rivera,TE,2500,Oak@SD 04:05PM ET,3.08,Oak,4.0,5.8,4.21,5.9,4.44,5.06,4.673
437,Cory Harkey,TE,2500,Cle@StL 01:00PM ET,0.28,StL,,,,,3.37,0.63,
438,Beau Brinkley,TE,2500,Atl@Ten 01:00PM ET,0.0,Ten,,,,,,,
439,Kevin McDermott,TE,2500,Min@Det 01:00PM ET,0.0,Min,,,,,,,
440,Tim Wright,TE,2500,Min@Det 01:00PM ET,3.7,Det,2.0,,,,,2.3,
441,Michael Williams,TE,2500,NYJ@NE 01:00PM ET,0.5,NE,,,,,,,
442,Luke Willson,TE,2500,Sea@SF 08:25PM ET,3.08,Sea,4.0,2.8,4.45,2.4,3.41,3.65,3.61
443,Josh Hill,TE,2500,NO@Ind 01:00PM ET,3.183,NO,2.0,4.2,5.83,4.1,4.32,3.47,3.283
444,James Winchester,TE,2500,Pit@KC 01:00PM ET,0.0,KC,,,,,,,
445,Jack Doyle,TE,2500,NO@Ind 01:00PM ET,1.65,Ind,,,,,1.68,0.18,
446,Vance McDonald,TE,2500,Sea@SF 08:25PM ET,1.62,SF,,,2.66,,2.16,,1.928
447,Levine Toilolo,TE,2500,Atl@Ten 01:00PM ET,1.467,Atl,,3.4,5.01,3.7,,0.17,3.359
448,Justice Cunningham,TE,2500,Cle@StL 01:00PM ET,0.0,StL,,,,,1.91,,
449,Gavin Escobar,TE,2500,Dal@NYG 04:25PM ET,2.28,Dal,4.0,5.0,4.65,4.5,2.79,3.25,2.608
450,Dion Sims,TE,2500,Hou@Mia 01:00PM ET,6.65,Mia,,1.6,4.33,1.8,5.19,3.2,3.533
451,Jerome Cunningham,TE,2500,Dal@NYG 04:25PM ET,1.3,NYG,,,,,,0.03,
452,Nic Jacobs,TE,2500,Buf@Jax 09:30AM ET,0.0,Jax,,,,,,,
453,Cooper Helfet,TE,2500,Sea@SF 08:25PM ET,0.0,Sea,,,,,,,
454,Crockett Gillmore,TE,2500,Bal@Ari 08:30PM ET,10.775,Bal,6.5,2.8,6.38,2.4,9.01,5.66,5.944
455,Trey Burton,TE,2500,Phi@Car 08:30PM ET,0.0,Phi,,,,,,,
456,Blake Bell,TE,2500,Sea@SF 08:25PM ET,0.783,SF,,,,,,,
457,James O'Shaughnessy,TE,2500,Pit@KC 01:00PM ET,2.25,KC,,,3.61,,1.56,1.37,3.726
458,MyCole Pruitt,TE,2500,Min@Det 01:00PM ET,0.0,Min,,1.2,,1.6,,,
459,Cameron Brate,TE,2500,TB@Was 01:00PM ET,0.567,TB,,,,,,,2.012
460,Will Tye,TE,2500,Dal@NYG 04:25PM ET,4.333,NYG,,,,,3.65,,
461,Chase Ford,TE,2500,Min@Det 01:00PM ET,0.0,Min,,1.6,,1.8,,,
462,Clive Walford,TE,2500,Oak@SD 04:05PM ET,1.36,Oak,2.0,1.4,2.34,1.7,2.47,3.51,
463,C.J. Fiedorowicz,TE,2500,Hou@Mia 01:00PM ET,3.233,Hou,2.0,2.4,4.29,2.2,1.51,2.92,2.05
464,Brian Parker,TE,2500,Pit@KC 01:00PM ET,0.0,KC,,,,,,,
465,Demetrius Harris,TE,2500,Pit@KC 01:00PM ET,0.583,KC,,,,,1.07,,
466,Nick Boyle,TE,2500,Bal@Ari 08:30PM ET,2.3,Bal,,2.6,2.92,2.3,2.74,,
467,Troy Niklas,TE,2500,Bal@Ari 08:30PM ET,0.383,Ari,,,,,1.85,0.18,2.83
468,Phillip Supernaw,TE,2500,Atl@Ten 01:00PM ET,0.0,Ten,,,,,,,
469,Jesse James,TE,2500,Pit@KC 01:00PM ET,0.0,Pit,,,,,,0.25,
470,Derek Carrier,TE,2500,TB@Was 01:00PM ET,4.2,Was,2.0,2.6,3.78,3.3,1.88,3.71,3.337
471,Geoff Swaim,TE,2500,Dal@NYG 04:25PM ET,0.5,Dal,,,,,,,
472,E.J. Bibbs,TE,2500,Cle@StL 01:00PM ET,0.0,Cle,,,,,,,
473,Raiders ,DST,2400,Oak@SD 04:05PM ET,7.0,Oak,,,,,,,
474,Rams ,DST,2400,Cle@StL 01:00PM ET,9.6,StL,,,,,,,
475,Jaguars ,DST,2400,Buf@Jax 09:30AM ET,3.0,Jax,,,,,,,
476,Browns ,DST,2300,Cle@StL 01:00PM ET,6.167,Cle,,,,,,,
477,Colts ,DST,2300,NO@Ind 01:00PM ET,6.0,Ind,,,,,,,
478,49ers ,DST,2100,Sea@SF 08:25PM ET,3.667,SF,,,,,,,
479,Saints ,DST,2000,NO@Ind 01:00PM ET,6.333,NO,,,,,,,
