,player,opp,status,comp/att,pass_yards,pass_tds,int,rush_att,rush_yards,rush_tds,rec,rec_yards,rec_tds,targets,2-pt,fl,def_td,fan_pts,punt_td,kick_td
0,PLAYER,OPP,STATUS ET,C/A,YDS,TD,INT,RUSH,YDS,TD,REC,YDS,TD,TAR,2PC,FUML,TD,PTS,,
1,Cam Newton,@NO,W 41-38,28/41,331,5,1,10,49,0,0,0,0,0,0,0,0,35,,
2,Marcus Mariota,Jax,W 42-39,20/29,268,3,1,9,112,1,0,0,0,0,0,1,0,35,,
3,Ben Roethlisberger,Ind,W 45-10,24/39,364,4,0,1,13,0,0,0,0,0,1,0,0,33,,
4,Russell Wilson,@Min,W 38-7,21/27,274,3,0,9,51,1,0,0,0,0,0,0,0,33,,
5,Allen Robinson,@Ten,L 39-42,0/0,0,0,0,0,0,0,10,153,3,15,0,0,0,33,,
6,Blake Bortles,@Ten,L 39-42,24/36,322,5,0,2,-1,0,0,0,0,0,0,0,0,32,,
7,Tom Brady,Phi,L 28-35,29/56,312,3,2,6,17,1,1,36,0,1,0,0,0,30,,
8,Antonio Brown,Ind,W 45-10,0/0,0,0,0,0,0,0,8,118,2,11,0,0,1,29,,
9,Tyrod Taylor,Hou,W 30-21,11/21,211,3,0,7,28,1,0,0,0,0,0,0,0,28,,
10,Ryan Fitzpatrick,@NYG,W 23-20,36/50,390,2,0,5,22,0,0,0,0,0,0,0,0,25,,
11,Alex Smith,@Oak,W 34-20,16/22,162,2,0,5,23,1,0,0,0,0,1,0,0,24,,
12,Aaron Rodgers,@Det,W 27-23,24/36,273,2,1,4,27,1,0,0,0,0,0,0,0,24,,
13,Blaine Gabbert,@Chi,W 26-20,18/32,196,1,0,6,75,1,0,0,0,0,0,0,0,24,,
14,Eagles D/STD/ST,@NE,W 35-28,0/0,0,0,0,0,0,0,0,0,0,0,0,0,3,24,,
15,Andy Dalton,@Cle,W 37-3,14/19,220,2,0,4,11,1,0,0,0,0,0,0,0,23,,
16,Drew Brees,Car,L 38-41,24/42,282,3,1,1,12,0,0,0,0,0,0,0,0,22,,
17,Carson Palmer,@StL,W 27-3,26/40,356,2,0,0,0,0,0,0,0,0,0,0,0,22,,
18,Brian Hoyer,@Buf,L 21-30,26/43,293,3,1,3,15,0,0,0,0,0,0,0,0,22,,
19,Javorius Allen,@Mia,L 13-15,0/0,0,0,0,17,63,0,12,107,1,13,0,0,0,22,,
20,Broncos D/STD/ST,@SD,W 17-3,0/0,0,0,0,0,0,0,0,0,0,0,0,0,1,22,,
21,Steelers D/STD/ST,Ind,W 45-10,0/0,0,0,0,0,0,0,0,0,0,0,0,0,1,22,,
22,Doug Baldwin,@Min,W 38-7,0/0,0,0,0,0,0,0,5,94,2,7,0,0,0,21,,
23,Ted Ginn Jr.,@NO,W 41-38,0/0,0,0,0,0,0,0,5,80,2,10,0,0,0,20,,
24,Odell Beckham Jr.,NYJ,L 20-23,0/0,0,0,0,0,0,0,6,149,1,11,0,0,0,20,,
25,Richard Rodgers,@Det,W 27-23,0/0,0,0,0,0,0,0,8,146,1,8,0,0,0,20,,
26,Brandon Marshall,@NYG,W 23-20,0/0,0,0,0,0,0,0,12,131,1,13,0,0,0,19,,
27,Jeremy Maclin,@Oak,W 34-20,0/0,0,0,0,0,0,0,9,95,2,10,0,1,0,19,,
28,A.J. Green,@Cle,W 37-3,0/0,0,0,0,0,0,0,5,128,1,6,0,0,0,18,,
29,Jameis Winston,Atl,W 23-19,18/27,227,1,1,5,15,1,0,0,0,0,0,0,0,18,,
30,T.J. Yeldon,@Ten,L 39-42,0/0,0,0,0,15,57,1,4,79,0,4,0,0,0,18,,
31,Matt Forte,SF,L 20-26,0/0,0,0,0,21,84,1,5,39,0,5,0,0,0,17,,
32,Martavis Bryant,Ind,W 45-10,0/0,0,0,0,0,0,0,4,114,1,8,0,0,0,17,,
33,James White,Phi,L 28-35,0/0,0,0,0,2,4,0,10,115,1,13,0,0,0,17,,
34,David Johnson,@StL,W 27-3,0/0,0,0,0,22,99,0,2,21,1,3,0,0,0,17,,
35,Dorial Green-Beckham,Jax,W 42-39,0/0,0,0,0,0,0,0,5,119,1,6,0,0,0,17,,
36,Shayne Graham,@TB,L 19-23,0/0,0,0,0,0,0,0,0,0,0,0,0,0,0,16,,
37,Matthew Stafford,GB,L 23-27,23/35,220,2,0,2,22,0,0,0,0,0,0,1,0,16,,
38,Bilal Powell,@NYG,W 23-20,0/0,0,0,0,6,17,0,8,91,1,13,0,0,0,16,,
39,Sammy Watkins,Hou,W 30-21,0/0,0,0,0,0,0,0,3,109,1,4,0,0,0,16,,
40,Brandin Cooks,Car,L 38-41,0/0,0,0,0,0,0,0,6,104,1,10,0,0,0,16,,
41,Thomas Rawls,@Min,W 38-7,0/0,0,0,0,19,101,1,3,22,0,3,0,1,0,16,,
42,Mike Nugent,@Cle,W 37-3,0/0,0,0,0,0,0,0,0,0,0,0,0,0,0,15,,
43,Darren Sproles,@NE,W 35-28,0/0,0,0,0,15,66,0,4,34,0,6,0,0,1,15,,
44,Delanie Walker,Jax,W 42-39,0/0,0,0,0,0,0,0,8,92,1,12,0,0,0,15,,
45,Jonathan Stewart,@NO,W 41-38,0/0,0,0,0,21,82,1,3,31,0,3,0,1,0,15,,
46,Mark Ingram,Car,L 38-41,0/0,0,0,0,12,56,1,4,23,0,6,1,0,0,15,,
47,Dan Bailey,@Wsh,W 19-16,0/0,0,0,0,0,0,0,0,0,0,0,0,0,0,15,,
48,Latavius Murray,KC,L 20-34,0/0,0,0,0,20,86,1,4,11,0,6,0,0,0,15,,
49,Jeremy Hill,@Cle,W 37-3,0/0,0,0,0,22,98,1,0,0,0,1,0,0,0,15,,
50,Chris Boswell,Ind,W 45-10,0/0,0,0,0,0,0,0,0,0,0,0,0,0,0,15,,
51,PLAYER,OPP,STATUS ET,C/A,YDS,TD,INT,RUSH,YDS,TD,REC,YDS,TD,TAR,2PC,FUML,TD,PTS,,
52,Bengals D/STD/ST,@Cle,W 37-3,0/0,0,0,0,0,0,0,0,0,0,0,0,0,0,15,,
53,Chiefs D/STD/ST,@Oak,W 34-20,0/0,0,0,0,0,0,0,0,0,0,0,0,0,1,15,,
54,Dolphins D/STD/ST,Bal,W 15-13,0/0,0,0,0,0,0,0,0,0,0,0,0,0,1,15,,
55,Frank Gore,@Pit,L 10-45,0/0,0,0,0,13,45,0,3,49,1,5,0,0,0,14,,
56,DeAngelo Williams,Ind,W 45-10,0/0,0,0,0,26,134,0,5,31,0,6,0,1,0,14,,
57,Matt Prater,GB,L 23-27,0/0,0,0,0,0,0,0,0,0,0,0,0,0,0,14,,
58,Shaun Draughn,@Chi,W 26-20,0/0,0,0,0,13,36,1,5,50,0,6,0,0,0,14,,
59,DeAndre Hopkins,@Buf,L 21-30,0/0,0,0,0,0,0,0,5,88,1,9,0,0,0,14,,
60,Eli Manning,NYJ,L 20-23,18/34,297,1,1,1,2,0,0,0,0,0,0,0,0,13,,
61,Danny Amendola,Phi,L 28-35,1/1,36,0,0,0,0,0,7,62,1,13,0,0,0,13,,
62,Torrey Smith,@Chi,W 26-20,0/0,0,0,0,0,0,0,2,76,1,3,0,0,0,13,,
63,Doug Martin,Atl,W 23-19,0/0,0,0,0,25,95,1,1,5,0,2,0,1,0,13,,
64,Chris Polk,@Buf,L 21-30,0/0,0,0,0,12,61,0,1,11,1,1,0,0,0,13,,
65,Derek Carr,KC,L 20-34,31/48,283,2,3,0,0,0,0,0,0,0,0,0,0,13,,
66,Brandon Coleman,Car,L 38-41,0/0,0,0,0,0,0,0,4,73,1,7,0,0,0,13,,
67,Matt Schaub,@Mia,L 13-15,32/46,308,1,2,1,0,0,0,0,0,0,0,0,0,12,,
68,Scott Chandler,Phi,L 28-35,0/0,0,0,0,0,0,0,4,61,1,7,0,0,0,12,,
69,Matt Ryan,@TB,L 19-23,30/45,269,1,1,1,4,0,0,0,0,0,0,0,0,12,,
70,DeSean Jackson,Dal,L 16-19,0/0,0,0,0,0,0,0,6,80,1,7,0,1,0,12,,
71,Sam Bradford,@NE,W 35-28,14/24,120,2,0,1,-1,0,0,0,0,0,0,0,0,12,,
72,Demaryius Thomas,@SD,W 17-3,0/0,0,0,0,0,0,0,6,61,1,6,0,0,0,12,,
73,Charles Clay,Hou,W 30-21,0/0,0,0,0,0,0,0,4,66,1,7,0,0,0,12,,
74,Kirk Cousins,Dal,L 16-19,22/31,219,1,0,1,6,0,0,0,0,0,0,0,0,12,,
75,Mike Evans,Atl,W 23-19,0/0,0,0,0,0,0,0,5,61,1,7,0,0,0,12,,
76,Antonio Andrews,Jax,W 42-39,0/0,0,0,0,13,58,1,1,10,0,1,0,0,0,12,,
77,DeVante Parker,Bal,W 15-13,0/0,0,0,0,0,0,0,3,63,1,5,0,0,0,12,,
78,Seahawks D/STD/ST,@Min,W 38-7,0/0,0,0,0,0,0,0,0,0,0,0,0,0,0,12,,
79,LeSean McCoy,Hou,W 30-21,0/0,0,0,0,21,112,0,0,0,0,1,0,0,0,11,,
80,Marvin Jones,@Cle,W 37-3,0/0,0,0,0,0,0,0,5,55,1,5,0,0,0,11,,
81,Randy Bullock,@NYG,W 23-20,0/0,0,0,0,0,0,0,0,0,0,0,0,0,0,11,,
82,Markus Wheaton,Ind,W 45-10,0/0,0,0,0,0,0,0,3,50,1,6,0,0,0,11,,
83,Dustin Hopkins,Dal,L 16-19,0/0,0,0,0,0,0,0,0,0,0,0,0,0,0,11,,
84,Kerwynn Williams,@StL,W 27-3,0/0,0,0,0,6,59,1,0,0,0,0,0,0,0,11,,
85,John Brown,@StL,W 27-3,0/0,0,0,0,0,0,0,6,113,0,8,0,0,0,11,,
86,Calvin Johnson,GB,L 23-27,0/0,0,0,0,0,0,0,3,44,1,8,0,0,0,10,,
87,Greg Olsen,@NO,W 41-38,0/0,0,0,0,0,0,0,9,129,0,12,0,1,0,10,,
88,Mike Tolbert,@NO,W 41-38,0/0,0,0,0,2,33,0,2,18,1,3,0,0,0,10,,
89,Michael Crabtree,KC,L 20-34,0/0,0,0,0,0,0,0,5,45,1,11,0,0,0,10,,
90,Eric Decker,@NYG,W 23-20,0/0,0,0,0,0,0,0,8,101,0,12,0,0,0,10,,
91,Michael Floyd,@StL,W 27-3,0/0,0,0,0,0,0,0,7,104,0,12,0,0,0,10,,
92,Benjamin Watson,Car,L 38-41,0/0,0,0,0,0,0,0,4,38,1,8,0,0,0,9,,
93,Robbie Gould,SF,L 20-26,0/0,0,0,0,0,0,0,0,0,0,0,0,0,0,9,,
94,Julio Jones,@TB,L 19-23,0/0,0,0,0,0,0,0,8,93,0,17,0,0,0,9,,
95,Cecil Shorts III,@Buf,L 21-30,0/0,0,0,0,1,1,0,6,91,0,10,0,0,0,9,,
96,Lamar Miller,Bal,W 15-13,0/0,0,0,0,20,113,0,1,5,0,2,0,1,0,9,,
97,Jordan Matthews,@NE,W 35-28,0/0,0,0,0,0,0,0,3,36,1,6,0,0,0,9,,
98,Devonta Freeman,@TB,L 19-23,0/0,0,0,0,14,47,0,10,56,0,11,0,0,0,9,,
99,Chandler Catanzaro,@StL,W 27-3,0/0,0,0,0,0,0,0,0,0,0,0,0,0,0,9,,
100,J.J. Nelson,@StL,W 27-3,0/0,0,0,0,0,0,0,2,34,1,3,0,0,0,9,,
101,Tyler Lockett,@Min,W 38-7,0/0,0,0,0,1,7,0,7,90,0,7,0,0,0,9,,
102,PLAYER,OPP,STATUS ET,C/A,YDS,TD,INT,RUSH,YDS,TD,REC,YDS,TD,TAR,2PC,FUML,TD,PTS,,
103,Raiders D/STD/ST,KC,L 20-34,0/0,0,0,0,0,0,0,0,0,0,0,0,0,0,9,,
104,Saints D/STD/ST,Car,L 38-41,0/0,0,0,0,0,0,0,0,0,0,0,0,0,1,9,,
105,Jerricho Cotchery,@NO,W 41-38,0/0,0,0,0,0,0,0,3,26,1,3,0,0,0,8,,
106,Vincent Jackson,Atl,W 23-19,0/0,0,0,0,0,0,0,3,87,0,5,0,0,0,8,,
107,Matt Cassel,@Wsh,W 19-16,16/29,222,0,0,2,-3,0,0,0,0,0,0,0,0,8,,
108,Steven Hauschka,@Min,W 38-7,0/0,0,0,0,0,0,0,0,0,0,0,0,0,0,8,,
109,Brian Hartline,Cin,L 3-37,0/0,0,0,0,0,0,0,8,83,0,11,0,0,0,8,,
110,Randall Cobb,@Det,W 27-23,0/0,0,0,0,1,-1,0,4,29,0,5,0,0,0,8,,
111,Ryan Tannehill,Bal,W 15-13,9/19,86,1,0,1,11,0,0,0,0,0,0,0,0,8,,
112,Brock Osweiler,@SD,W 17-3,16/26,166,1,1,3,1,0,0,0,0,0,0,0,0,8,,
113,Alshon Jeffery,SF,L 20-26,0/0,0,0,0,0,0,0,4,85,0,12,0,0,0,8,,
114,Ryan Griffin,@Buf,L 21-30,0/0,0,0,0,0,0,0,3,29,1,5,0,0,0,8,,
115,Spencer Ware,@Oak,W 34-20,0/0,0,0,0,7,26,1,2,-1,0,2,0,0,0,8,,
116,Davante Adams,@Det,W 27-23,0/0,0,0,0,0,0,0,4,21,1,7,0,0,0,8,,
117,Bears D/STD/ST,SF,L 20-26,0/0,0,0,0,0,0,0,0,0,0,0,0,0,0,8,,
118,Cowboys D/STD/ST,@Wsh,W 19-16,0/0,0,0,0,0,0,0,0,0,0,0,0,0,0,8,,
119,Cardinals D/STD/ST,@StL,W 27-3,0/0,0,0,0,0,0,0,0,0,0,0,0,0,0,8,,
120,49ers D/STD/ST,@Chi,W 26-20,0/0,0,0,0,0,0,0,0,0,0,0,0,0,1,8,,
121,Josh Brown,NYJ,L 20-23,0/0,0,0,0,0,0,0,0,0,0,0,0,0,0,7,,
122,Jay Cutler,SF,L 20-26,18/31,202,0,1,4,10,0,0,0,0,0,0,0,0,7,,
123,Fred Jackson,@Min,W 38-7,0/0,0,0,0,1,5,0,2,13,1,2,0,0,0,7,,
124,Darren McFadden,@Wsh,W 19-16,0/0,0,0,0,14,53,1,1,6,0,1,0,2,0,7,,
125,Craig Stevens,Jax,W 42-39,0/0,0,0,0,0,0,0,2,11,1,2,0,0,0,7,,
126,Julius Thomas,@Ten,L 39-42,0/0,0,0,0,0,0,0,2,15,1,5,0,0,0,7,,
127,Robert Woods,Hou,W 30-21,0/0,0,0,0,0,0,0,2,19,1,5,0,0,0,7,,
128,Charles Sims,Atl,W 23-19,0/0,0,0,0,7,56,0,2,21,0,3,0,0,0,7,,
129,Ka'Deem Carey,SF,L 20-26,0/0,0,0,0,5,17,1,0,0,0,0,0,0,0,7,,
130,Rashad Greene,@Ten,L 39-42,0/0,0,0,0,0,0,0,2,15,1,3,0,0,0,7,,
131,Devin Funchess,@NO,W 41-38,0/0,0,0,0,0,0,0,1,13,1,3,0,0,0,7,,
132,Will Tye,NYJ,L 20-23,0/0,0,0,0,0,0,0,3,70,0,4,0,0,0,7,,
133,Redskins D/STD/ST,Dal,L 16-19,0/0,0,0,0,0,0,0,0,0,0,0,0,0,0,7,,
134,Philip Rivers,Den,L 3-17,18/35,202,0,1,0,0,0,0,0,0,0,0,0,0,6,,
135,Ryan Succop,Jax,W 42-39,0/0,0,0,0,0,0,0,0,0,0,0,0,0,0,6,,
136,Dez Bryant,@Wsh,W 19-16,0/0,0,0,0,0,0,0,3,62,0,7,0,0,0,6,,
137,Golden Tate,GB,L 23-27,0/0,0,0,0,1,3,0,8,63,0,10,0,0,0,6,,
138,Dwayne Harris,NYJ,L 20-23,0/0,0,0,0,0,0,0,1,8,0,2,0,0,1,6,,
139,Lee Smith,KC,L 20-34,0/0,0,0,0,0,0,0,1,5,1,1,0,0,0,6,,
140,Chris Givens,@Mia,L 13-15,0/0,0,0,0,0,0,0,3,68,0,8,0,0,0,6,,
141,Justin Tucker,@Mia,L 13-15,0/0,0,0,0,0,0,0,0,0,0,0,0,0,0,6,,
142,Cordarrelle Patterson,Sea,L 7-38,0/0,0,0,0,0,0,0,0,0,0,0,0,0,1,6,,
143,Zach Ertz,@NE,W 35-28,0/0,0,0,0,0,0,0,2,9,1,3,0,0,0,6,,
144,Terrance Williams,@Wsh,W 19-16,0/0,0,0,0,0,0,0,2,63,0,3,0,0,0,6,,
145,Nick Williams,@TB,L 19-23,0/0,0,0,0,0,0,0,1,5,1,2,0,0,0,6,,
146,Eric Ebron,GB,L 23-27,0/0,0,0,0,0,0,0,2,9,1,2,0,0,0,6,,
147,Isaiah Crowell,Cin,L 3-37,0/0,0,0,0,11,62,0,1,2,0,1,0,0,0,6,,
148,Ameer Abdullah,GB,L 23-27,0/0,0,0,0,13,67,0,0,0,0,1,0,0,0,6,,
149,Amari Cooper,KC,L 20-34,0/0,0,0,0,1,-7,0,4,69,0,8,0,0,0,6,,
150,Titans D/STD/ST,Jax,W 42-39,0/0,0,0,0,0,0,0,0,0,0,0,0,0,1,6,,
151,Giants D/STD/ST,NYJ,L 20-23,0/0,0,0,0,0,0,0,0,0,0,0,0,0,1,6,,
152,Chargers D/STD/ST,Den,L 3-17,0/0,0,0,0,0,0,0,0,0,0,0,0,0,0,6,,
153,PLAYER,OPP,STATUS ET,C/A,YDS,TD,INT,RUSH,YDS,TD,REC,YDS,TD,TAR,2PC,FUML,TD,PTS,,
154,Ravens D/STD/ST,@Mia,L 13-15,0/0,0,0,0,0,0,0,0,0,0,0,0,0,0,6,,
155,Antonio Gates,Den,L 3-17,0/0,0,0,0,0,0,0,6,50,0,9,0,0,0,5,,
156,Larry Fitzgerald,@StL,W 27-3,0/0,0,0,0,0,0,0,8,55,0,11,0,0,0,5,,
157,Gary Barnidge,Cin,L 3-37,0/0,0,0,0,0,0,0,5,59,0,8,0,0,0,5,,
158,Pierre Garcon,Dal,L 16-19,0/0,0,0,0,0,0,0,5,54,0,7,0,0,0,5,,
159,Dan Carpenter,Hou,W 30-21,0/0,0,0,0,0,0,0,0,0,0,0,0,0,0,5,,
160,Connor Barth,Atl,W 23-19,0/0,0,0,0,0,0,0,0,0,0,0,0,0,0,5,,
161,Graham Gano,@NO,W 41-38,0/0,0,0,0,0,0,0,0,0,0,0,0,0,0,5,,
162,Donald Brown,Den,L 3-17,0/0,0,0,0,7,26,0,1,31,0,1,0,0,0,5,,
163,LeGarrette Blount,Phi,L 28-35,0/0,0,0,0,13,54,0,0,0,0,0,0,0,0,5,,
164,James Starks,@Det,W 27-23,0/0,0,0,0,9,15,0,5,45,0,7,0,0,0,5,,
165,Ronnie Hillman,@SD,W 17-3,0/0,0,0,0,19,56,0,0,0,0,1,0,0,0,5,,
166,Austin Davis,Cin,L 3-37,25/38,230,0,1,3,4,0,0,0,0,0,0,1,0,5,,
167,Jonathan Grimes,@Buf,L 21-30,0/0,0,0,0,5,28,0,2,15,0,2,1,0,0,5,,
168,Caleb Sturgis,@NE,W 35-28,0/0,0,0,0,0,0,0,0,0,0,0,0,0,0,5,,
169,C.J. Anderson,@SD,W 17-3,0/0,0,0,0,7,42,0,1,12,0,1,0,0,0,5,,
170,Clive Walford,KC,L 20-34,0/0,0,0,0,0,0,0,5,53,0,5,0,0,0,5,,
171,Jeremy Langford,SF,L 20-26,0/0,0,0,0,12,59,0,2,9,0,3,0,0,0,5,,
172,Seth Roberts,KC,L 20-34,0/0,0,0,0,0,0,0,4,51,0,5,0,0,0,5,,
173,Lions D/STD/ST,GB,L 23-27,0/0,0,0,0,0,0,0,0,0,0,0,0,0,0,5,,
174,Packers D/STD/ST,@Det,W 27-23,0/0,0,0,0,0,0,0,0,0,0,0,0,0,0,5,,
175,Buccaneers D/STD/ST,Atl,W 23-19,0/0,0,0,0,0,0,0,0,0,0,0,0,0,0,5,,
176,Adam Vinatieri,@Pit,L 10-45,0/0,0,0,0,0,0,0,0,0,0,0,0,0,0,4,,
177,Matt Hasselbeck,@Pit,L 10-45,16/26,169,1,2,2,1,0,0,0,0,0,0,1,0,4,,
178,Andre Johnson,@Pit,L 10-45,0/0,0,0,0,0,0,0,2,44,0,3,0,0,0,4,,
179,Jason Witten,@Wsh,W 19-16,0/0,0,0,0,0,0,0,5,45,0,9,0,0,0,4,,
180,Nate Washington,@Buf,L 21-30,0/0,0,0,0,0,0,0,6,44,0,11,0,0,0,4,,
181,Stephen Gostkowski,Phi,L 28-35,0/0,0,0,0,0,0,0,0,0,0,0,0,0,0,4,,
182,Kenny Britt,Ari,L 3-27,0/0,0,0,0,0,0,0,2,41,0,6,0,0,0,4,,
183,Mike Wallace,Sea,L 7-38,0/0,0,0,0,0,0,0,2,43,0,3,0,0,0,4,,
184,Chris Ivory,@NYG,W 23-20,0/0,0,0,0,10,47,0,5,22,0,5,0,1,0,4,,
185,Kamar Aiken,@Mia,L 13-15,0/0,0,0,0,0,0,0,6,48,0,11,0,0,0,4,,
186,Keshawn Martin,Phi,L 28-35,0/0,0,0,0,0,0,0,3,45,0,8,0,0,0,4,,
187,Travis Kelce,@Oak,W 34-20,0/0,0,0,0,0,0,0,2,42,0,3,1,1,0,4,,
188,Mike Gillislee,Hou,W 30-21,0/0,0,0,0,7,41,0,1,5,0,1,0,0,0,4,,
189,Brandon McManus,@SD,W 17-3,0/0,0,0,0,0,0,0,0,0,0,0,0,0,0,4,,
190,Jeremy Butler,@Mia,L 13-15,0/0,0,0,0,0,0,0,4,43,0,5,0,0,0,4,,
191,David Cobb,Jax,W 42-39,0/0,0,0,0,13,40,0,0,0,0,0,0,0,0,4,,
192,Todd Gurley,Ari,L 3-27,0/0,0,0,0,9,41,0,0,0,0,0,0,0,0,4,,
193,Matt Jones,Dal,L 16-19,0/0,0,0,0,18,49,0,1,5,0,1,0,0,0,4,,
194,Josh Lambo,Den,L 3-17,0/0,0,0,0,0,0,0,0,0,0,0,0,0,0,4,,
195,Falcons D/STD/ST,@TB,L 19-23,0/0,0,0,0,0,0,0,0,0,0,0,0,0,0,4,,
196,Vikings D/STD/ST,Sea,L 7-38,0/0,0,0,0,0,0,0,0,0,0,0,0,0,1,4,,
197,Jets D/STD/ST,@NYG,W 23-20,0/0,0,0,0,0,0,0,0,0,0,0,0,0,0,4,,
198,Anquan Boldin,@Chi,W 26-20,0/0,0,0,0,0,0,0,5,37,0,13,0,0,0,3,,
199,Roddy White,@TB,L 19-23,0/0,0,0,0,0,0,0,3,33,0,4,0,0,0,3,,
200,Danny Woodhead,Den,L 3-17,0/0,0,0,0,3,10,0,3,24,0,7,0,0,0,3,,
201,Marc Mariani,SF,L 20-26,0/0,0,0,0,0,0,0,2,33,0,2,0,0,0,3,,
202,Kai Forbath,Car,L 38-41,0/0,0,0,0,0,0,0,0,0,0,0,0,0,0,3,,
203,Nick Foles,Ari,L 3-27,15/35,146,0,1,2,-2,0,0,0,0,0,0,0,0,3,,
204,PLAYER,OPP,STATUS ET,C/A,YDS,TD,INT,RUSH,YDS,TD,REC,YDS,TD,TAR,2PC,FUML,TD,PTS,,
205,T.Y. Hilton,@Pit,L 10-45,0/0,0,0,0,0,0,0,3,36,0,5,0,0,0,3,,
206,Tavon Austin,Ari,L 3-27,0/0,0,0,0,2,14,0,1,24,0,3,0,0,0,3,,
207,Jordan Reed,Dal,L 16-19,0/0,0,0,0,0,0,0,3,33,0,8,0,0,0,3,,
208,Luke Willson,@Min,W 38-7,0/0,0,0,0,0,0,0,2,36,0,3,0,0,0,3,,
209,Terrance West,@Mia,L 13-15,0/0,0,0,0,8,31,0,1,5,0,1,0,0,0,3,,
210,Donte Moncrief,@Pit,L 10-45,0/0,0,0,0,0,0,0,1,33,0,1,0,0,0,3,,
211,Austin Seferian-Jenkins,Atl,W 23-19,0/0,0,0,0,0,0,0,3,31,0,6,0,0,0,3,,
212,Zach Hocker,Ari,L 3-27,0/0,0,0,0,0,0,0,0,0,0,0,0,0,0,3,,
213,Juwan Thompson,@SD,W 17-3,0/0,0,0,0,8,27,0,1,14,0,1,0,0,0,3,,
214,Travis Coons,Cin,L 3-37,0/0,0,0,0,0,0,0,0,0,0,0,0,0,0,3,,
215,TJ Jones,GB,L 23-27,0/0,0,0,0,0,0,0,2,37,0,3,0,0,0,3,,
216,Orleans Darkwa,NYJ,L 20-23,0/0,0,0,0,8,23,0,1,10,0,2,0,0,0,3,,
217,Charcandrick West,@Oak,W 34-20,0/0,0,0,0,9,35,0,2,9,0,3,0,0,0,3,,
218,Jason Myers,@Ten,L 39-42,0/0,0,0,0,0,0,0,0,0,0,0,0,0,0,3,,
219,Justin Hardy,@TB,L 19-23,0/0,0,0,0,0,0,0,2,34,0,3,0,0,0,3,,
220,Jay Ajayi,Bal,W 15-13,0/0,0,0,0,4,12,0,0,0,0,0,1,0,0,3,,
221,Melvin Gordon,Den,L 3-17,0/0,0,0,0,12,55,0,1,8,0,1,0,1,0,3,,
222,Duke Johnson Jr.,Cin,L 3-37,0/0,0,0,0,5,2,0,4,30,0,4,0,0,0,3,,
223,Jesse James,Ind,W 45-10,0/0,0,0,0,0,0,0,3,30,0,5,0,0,0,3,,
224,Lucky Whitehead,@Wsh,W 19-16,0/0,0,0,0,2,35,0,1,5,0,1,0,0,0,3,,
225,Quincy Enunwa,@NYG,W 23-20,0/0,0,0,0,0,0,0,2,37,0,4,0,0,0,3,,
226,Javontee Herndon,Den,L 3-17,0/0,0,0,0,0,0,0,2,30,0,2,0,0,0,3,,
227,Phil Dawson,@Chi,W 26-20,0/0,0,0,0,0,0,0,0,0,0,0,0,0,0,2,,
228,Vernon Davis,@SD,W 17-3,0/0,0,0,0,0,0,0,2,25,0,3,0,0,0,2,,
229,Charlie Whitehurst,@Pit,L 10-45,4/8,51,0,0,0,0,0,0,0,0,0,0,0,0,2,,
230,Mason Crosby,@Det,W 27-23,0/0,0,0,0,0,0,0,0,0,0,0,0,0,0,2,,
231,Jacob Tamme,@TB,L 19-23,0/0,0,0,0,0,0,0,3,26,0,4,0,0,0,2,,
232,Rashad Jennings,NYJ,L 20-23,0/0,0,0,0,5,14,0,1,19,0,2,0,0,0,2,,
233,Jared Cook,Ari,L 3-27,0/0,0,0,0,0,0,0,3,22,0,9,0,0,0,2,,
234,Darrius Heyward-Bey,Ind,W 45-10,0/0,0,0,0,0,0,0,1,21,0,2,0,0,0,2,,
235,Brandon LaFell,Phi,L 28-35,0/0,0,0,0,0,0,0,4,27,0,9,0,0,0,2,,
236,Ed Dickson,@NO,W 41-38,0/0,0,0,0,0,0,0,3,27,0,3,0,0,0,2,,
237,Joique Bell,GB,L 23-27,0/0,0,0,0,8,5,0,2,25,0,2,0,0,0,2,,
238,DeMarco Murray,@NE,W 35-28,0/0,0,0,0,8,24,0,0,0,0,0,0,0,0,2,,
239,Virgil Green,@SD,W 17-3,0/0,0,0,0,0,0,0,1,22,0,1,0,0,0,2,,
240,Will Johnson,Ind,W 45-10,0/0,0,0,0,0,0,0,0,0,0,0,1,0,0,2,,
241,Robert Turbin,@Wsh,W 19-16,0/0,0,0,0,6,12,0,2,12,0,2,0,0,0,2,,
242,Coby Fleener,@Pit,L 10-45,0/0,0,0,0,0,0,0,4,20,0,8,0,0,0,2,,
243,Ladarius Green,Den,L 3-17,0/0,0,0,0,0,0,0,2,21,0,6,0,0,0,2,,
244,Kendall Wright,Jax,W 42-39,0/0,0,0,0,0,0,0,3,28,0,4,0,0,0,2,,
245,Rueben Randle,NYJ,L 20-23,0/0,0,0,0,0,0,0,2,22,0,6,0,0,0,2,,
246,Jarius Wright,Sea,L 7-38,0/0,0,0,0,0,0,0,2,24,0,2,0,0,0,2,,
247,Brandon Bolden,Phi,L 28-35,0/0,0,0,0,3,22,0,1,2,0,5,0,0,0,2,,
248,Giovani Bernard,@Cle,W 37-3,0/0,0,0,0,5,26,0,1,9,0,1,0,0,0,2,,
249,Denard Robinson,@Ten,L 39-42,0/0,0,0,0,3,21,0,1,2,0,1,0,0,0,2,,
250,Stepfan Taylor,@StL,W 27-3,0/0,0,0,0,5,20,0,0,0,0,1,0,0,0,2,,
251,Theo Riddick,GB,L 23-27,0/0,0,0,0,1,4,0,5,27,0,6,0,0,0,2,,
252,Teddy Bridgewater,Sea,L 7-38,17/28,118,0,1,1,2,0,0,0,0,0,0,0,0,2,,
253,Tre Mason,Ari,L 3-27,0/0,0,0,0,2,13,0,2,10,0,2,0,0,0,2,,
254,Andre Williams,NYJ,L 20-23,0/0,0,0,0,6,22,0,0,0,0,1,0,0,0,2,,
255,PLAYER,OPP,STATUS ET,C/A,YDS,TD,INT,RUSH,YDS,TD,REC,YDS,TD,TAR,2PC,FUML,TD,PTS,,
256,Cairo Santos,@Oak,W 34-20,0/0,0,0,0,0,0,0,0,0,0,0,0,0,0,2,,
257,Darren Fells,@StL,W 27-3,0/0,0,0,0,0,0,0,1,22,0,1,0,0,0,2,,
258,Jamison Crowder,Dal,L 16-19,0/0,0,0,0,0,0,0,3,29,0,4,0,0,0,2,,
259,Stefon Diggs,Sea,L 7-38,0/0,0,0,0,1,-6,0,2,22,0,6,0,0,0,2,,
260,John Crockett,@Det,W 27-23,0/0,0,0,0,5,22,0,0,0,0,0,0,0,0,2,,
261,Patriots D/STD/ST,Phi,L 28-35,0/0,0,0,0,0,0,0,0,0,0,0,0,0,0,2,,
262,Sebastian Janikowski,KC,L 20-34,0/0,0,0,0,0,0,0,0,0,0,0,0,0,0,1,,
263,Wes Welker,Ari,L 3-27,0/0,0,0,0,0,0,0,2,15,0,3,0,0,0,1,,
264,Nick Novak,@Buf,L 21-30,0/0,0,0,0,0,0,0,0,0,0,0,0,0,0,1,,
265,Owen Daniels,@SD,W 17-3,0/0,0,0,0,0,0,0,2,13,0,3,0,0,0,1,,
266,Marques Colston,Car,L 38-41,0/0,0,0,0,0,0,0,1,14,0,3,0,0,0,1,,
267,Adrian Peterson,Sea,L 7-38,0/0,0,0,0,8,18,0,4,6,0,4,0,0,0,1,,
268,James Jones,@Det,W 27-23,0/0,0,0,0,0,0,0,1,19,0,3,0,0,0,1,,
269,Brent Celek,@NE,W 35-28,0/0,0,0,0,0,0,0,1,16,0,1,0,0,0,1,,
270,Martellus Bennett*,SF,L 20-26,0/0,0,0,0,0,0,0,3,14,0,4,0,0,0,1,,
271,Marcel Reece,KC,L 20-34,0/0,0,0,0,1,4,0,3,19,0,3,0,0,0,1,,
272,Riley Cooper,@NE,W 35-28,0/0,0,0,0,0,0,0,1,14,0,2,0,0,0,1,,
273,Jermaine Gresham,@StL,W 27-3,0/0,0,0,0,0,0,0,1,13,0,1,0,0,0,1,,
274,Emmanuel Sanders,@SD,W 17-3,0/0,0,0,0,1,5,0,3,19,0,8,0,0,0,1,,
275,Michael Hoomanawanui,Car,L 38-41,0/0,0,0,0,0,0,0,1,19,0,1,0,0,0,1,,
276,Marlon Moore,Cin,L 3-37,0/0,0,0,0,0,0,0,1,14,0,1,0,0,0,1,,
277,Bryan Walters,@Ten,L 39-42,0/0,0,0,0,0,0,0,2,18,0,2,0,0,0,1,,
278,Shane Vereen,NYJ,L 20-23,0/0,0,0,0,4,13,0,2,7,0,3,0,0,0,1,,
279,Kyle Rudolph,Sea,L 7-38,0/0,0,0,0,0,0,0,3,13,0,4,0,0,0,1,,
280,Roy Helu,KC,L 20-34,0/0,0,0,0,0,0,0,1,15,0,2,0,0,0,1,,
281,Patrick DiMarco,@TB,L 19-23,0/0,0,0,0,0,0,0,2,18,0,2,0,0,0,1,,
282,Chris Hogan,Hou,W 30-21,0/0,0,0,0,0,0,0,1,12,0,3,0,0,0,1,,
283,James Hanna,@Wsh,W 19-16,0/0,0,0,0,0,0,0,1,11,0,1,0,0,0,1,,
284,Brian Quick,Ari,L 3-27,0/0,0,0,0,0,0,0,1,14,0,6,0,0,0,1,,
285,Alfred Morris,Dal,L 16-19,0/0,0,0,0,6,12,0,0,0,0,0,0,0,0,1,,
286,Daniel Herron,@Pit,L 10-45,0/0,0,0,0,2,8,0,3,16,0,3,0,0,0,1,,
287,Blair Walsh,Sea,L 7-38,0/0,0,0,0,0,0,0,0,0,0,0,0,0,0,1,,
288,Joshua Bellamy,SF,L 20-26,0/0,0,0,0,0,0,0,1,16,0,4,0,0,0,1,,
289,Jamize Olawale,KC,L 20-34,0/0,0,0,0,2,16,0,1,1,0,2,0,0,0,1,,
290,Cooper Helfet,@Min,W 38-7,0/0,0,0,0,0,0,0,1,13,0,4,0,0,0,1,,
291,Fozzy Whittaker,@NO,W 41-38,0/0,0,0,0,1,11,0,0,0,0,0,0,0,0,1,,
292,Vance McDonald,@Chi,W 26-20,0/0,0,0,0,0,0,0,2,18,0,3,0,0,0,1,,
293,Kenjon Barner,@NE,W 35-28,0/0,0,0,0,9,39,0,2,7,0,2,0,1,0,1,,
294,Mychal Rivera,KC,L 20-34,0/0,0,0,0,0,0,0,2,13,0,3,0,0,0,1,,
295,Chris Thompson,Dal,L 16-19,0/0,0,0,0,1,6,0,4,18,0,4,0,0,0,1,,
296,Corey Fuller,GB,L 23-27,0/0,0,0,0,0,0,0,1,15,0,2,0,0,0,1,,
297,Josh Hill,Car,L 38-41,0/0,0,0,0,0,0,0,2,11,0,3,0,0,0,1,,
298,Jerick McKinnon,Sea,L 7-38,0/0,0,0,0,4,18,0,3,6,0,6,0,0,0,1,,
299,Marqise Lee,@Ten,L 39-42,0/0,0,0,0,1,4,0,1,17,0,4,0,0,0,1,,
300,Jared Abbrederis,@Det,W 27-23,0/0,0,0,0,0,0,0,1,16,0,3,0,0,0,1,,
301,Alfred Blue,@Buf,L 21-30,0/0,0,0,0,4,14,0,0,0,0,0,0,0,0,1,,
302,Dontrelle Inman,Den,L 3-17,0/0,0,0,0,0,0,0,1,15,0,2,0,0,0,1,,
303,Albert Wilson,@Oak,W 34-20,0/0,0,0,0,1,5,0,1,17,0,3,0,0,0,1,,
304,Fitzgerald Toussaint,Ind,W 45-10,0/0,0,0,0,4,12,0,0,0,0,0,0,0,0,1,,
305,Nick Boyle,@Mia,L 13-15,0/0,0,0,0,0,0,0,3,15,0,4,0,0,0,1,,
306,PLAYER,OPP,STATUS ET,C/A,YDS,TD,INT,RUSH,YDS,TD,REC,YDS,TD,TAR,2PC,FUML,TD,PTS,,
307,Tyler Kroft,@Cle,W 37-3,0/0,0,0,0,0,0,0,1,17,0,1,0,0,0,1,,
308,Tevin Coleman,@TB,L 19-23,0/0,0,0,0,3,13,0,1,4,0,1,0,0,0,1,,
309,Mario Alford,@Cle,W 37-3,0/0,0,0,0,0,0,0,1,15,0,1,0,0,0,1,,
310,Andrew Franks,Bal,W 15-13,0/0,0,0,0,0,0,0,0,0,0,0,0,0,0,1,,
311,Bradley Marquez,Ari,L 3-27,0/0,0,0,0,0,0,0,3,16,0,3,0,0,0,1,,
312,Cameron Brate,Atl,W 23-19,0/0,0,0,0,0,0,0,2,12,0,2,0,0,0,1,,
313,Daniel Brown,@Mia,L 13-15,0/0,0,0,0,0,0,0,1,17,0,1,0,0,0,1,,
314,Bills D/STD/ST,Hou,W 30-21,0/0,0,0,0,0,0,0,0,0,0,0,0,0,0,1,,
315,Panthers D/STD/ST,@NO,W 41-38,0/0,0,0,0,0,0,0,0,0,0,0,0,0,0,1,,
316,Tony Gonzalez,@TB,L 19-23,0/0,0,0,0,0,0,0,0,0,0,0,0,0,0,0,,
317,Jon Kitna,@Wsh,W 19-16,0/0,0,0,0,0,0,0,0,0,0,0,0,0,0,0,,
318,Peyton Manning*,@SD,W 17-3,0/0,0,0,0,0,0,0,0,0,0,0,0,0,0,0,,
319,Brandon Stokley,@Mia,L 13-15,0/0,0,0,0,0,0,0,0,0,0,0,0,0,0,0,,
320,Plaxico Burress,Ind,W 45-10,0/0,0,0,0,0,0,0,0,0,0,0,0,0,0,0,,
321,Rian Lindell,Atl,W 23-19,0/0,0,0,0,0,0,0,0,0,0,0,0,0,0,0,,
322,Mike Vick,Ind,W 45-10,0/0,0,0,0,0,0,0,0,0,0,0,0,0,0,0,,
323,Santana Moss,Dal,L 16-19,0/0,0,0,0,0,0,0,0,0,0,0,0,0,0,0,,
324,Steve Smith Sr.*,@Mia,L 13-15,0/0,0,0,0,0,0,0,0,0,0,0,0,0,0,0,,
325,Josh McCown*,Cin,L 3-37,0/0,0,0,0,0,0,0,0,0,0,0,0,0,0,0,,
326,Billy Cundiff,Cin,L 3-37,0/0,0,0,0,0,0,0,0,0,0,0,0,0,0,0,,
327,Shaun Hill,Sea,L 7-38,0/0,0,0,0,0,0,0,0,0,0,0,0,0,0,0,,
328,Matt Bryant,@TB,L 19-23,0/0,0,0,0,0,0,0,0,0,0,0,0,0,0,0,,
329,Rex Grossman,@TB,L 19-23,0/0,0,0,0,0,0,0,0,0,0,0,0,0,0,0,,
330,Willis McGahee,Cin,L 3-37,0/0,0,0,0,0,0,0,0,0,0,0,0,0,0,0,,
331,Dallas Clark,@Mia,L 13-15,0/0,0,0,0,0,0,0,0,0,0,0,0,0,0,0,,
332,Nate Burleson,Cin,L 3-37,0/0,0,0,0,0,0,0,0,0,0,0,0,0,0,0,,
333,Visanthe Shiancoe,Jax,W 42-39,0/0,0,0,0,0,0,0,0,0,0,0,0,0,0,0,,
334,Seneca Wallace,@Det,W 27-23,0/0,0,0,0,0,0,0,0,0,0,0,0,0,0,0,,
335,Brandon Lloyd,@Chi,W 26-20,0/0,0,0,0,0,0,0,0,0,0,0,0,0,0,0,,
336,Kevin Walter,Jax,W 42-39,0/0,0,0,0,0,0,0,0,0,0,0,0,0,0,0,,
337,Tony Romo*,@Wsh,W 19-16,0/0,0,0,0,0,0,0,0,0,0,0,0,0,0,0,,
338,Kassim Osgood,@Chi,W 26-20,0/0,0,0,0,0,0,0,0,0,0,0,0,0,0,0,,
339,Kellen Winslow,@NYG,W 23-20,0/0,0,0,0,0,0,0,0,0,0,0,0,0,0,0,,
340,Steven Jackson,@TB,L 19-23,0/0,0,0,0,0,0,0,0,0,0,0,0,0,0,0,,
341,Greg Jones,Car,L 38-41,0/0,0,0,0,0,0,0,0,0,0,0,0,0,0,0,,
342,Ben Hartsock,@NO,W 41-38,0/0,0,0,0,0,0,0,0,0,0,0,0,0,0,0,,
343,Luke McCown*,Car,L 38-41,0/0,0,0,0,0,0,0,0,0,0,0,0,0,0,0,,
344,Josh Scobee,Ind,W 45-10,0/0,0,0,0,0,0,0,0,0,0,0,0,0,0,0,,
345,Vonta Leach,@Mia,L 13-15,0/0,0,0,0,0,0,0,0,0,0,0,0,0,0,0,,
346,Ronnie Brown,Den,L 3-17,0/0,0,0,0,0,0,0,0,0,0,0,0,0,0,0,,
347,Jason Campbell,@Cle,W 37-3,0/0,0,0,0,0,0,0,0,0,0,0,0,0,0,0,,
348,Heath Miller,Ind,W 45-10,0/0,0,0,0,0,0,0,0,0,0,0,0,0,0,0,,
349,Courtney Roby,@TB,L 19-23,0/0,0,0,0,0,0,0,0,0,0,0,0,0,0,0,,
350,Alex Smith,Car,L 38-41,0/0,0,0,0,0,0,0,0,0,0,0,0,0,0,0,,
351,Kyle Orton,Hou,W 30-21,0/0,0,0,0,0,0,0,0,0,0,0,0,0,0,0,,
352,Brandon Jacobs,NYJ,L 20-23,0/0,0,0,0,0,0,0,0,0,0,0,0,0,0,0,,
353,Dan Orlovsky,GB,L 23-27,0/0,0,0,0,0,0,0,0,0,0,0,0,0,0,0,,
354,Joel Dreessen,@SD,W 17-3,0/0,0,0,0,0,0,0,0,0,0,0,0,0,0,0,,
355,Derek Anderson,@NO,W 41-38,0/0,0,0,0,0,0,0,0,0,0,0,0,0,0,0,,
356,Billy Bajema,@Mia,L 13-15,0/0,0,0,0,0,0,0,0,0,0,0,0,0,0,0,,
357,PLAYER,OPP,STATUS ET,C/A,YDS,TD,INT,RUSH,YDS,TD,REC,YDS,TD,TAR,2PC,FUML,TD,PTS,,
358,Joshua Cribbs,@Pit,L 10-45,0/0,0,0,0,0,0,0,0,0,0,0,0,0,0,0,,
359,Shaun Suisham*,Ind,W 45-10,0/0,0,0,0,0,0,0,0,0,0,0,0,0,0,0,,
360,Lance Moore,GB,L 23-27,0/0,0,0,0,0,0,0,0,0,0,0,0,0,0,0,,
361,John Kuhn,@Det,W 27-23,0/0,0,0,0,0,0,0,0,0,0,0,0,0,0,0,,
362,Reggie Bush*,@Chi,W 26-20,0/0,0,0,0,0,0,0,0,0,0,0,0,0,0,0,,
363,Vince Young,@Det,W 27-23,0/0,0,0,0,0,0,0,0,0,0,0,0,0,0,0,,
364,Santonio Holmes,SF,L 20-26,0/0,0,0,0,0,0,0,0,0,0,0,0,0,0,0,,
365,Marcedes Lewis,@Ten,L 39-42,0/0,0,0,0,0,0,0,1,7,0,1,0,0,0,0,,
366,Kellen Clemens,Den,L 3-17,0/0,0,0,0,0,0,0,0,0,0,0,0,0,0,0,,
367,Greg Jennings,Bal,W 15-13,0/0,0,0,0,0,0,0,0,0,0,0,0,0,0,0,,
368,Anthony Fasano,Jax,W 42-39,0/0,0,0,0,0,0,0,0,0,0,0,0,0,0,0,,
369,Devin Hester,@TB,L 19-23,0/0,0,0,0,0,0,0,0,0,0,0,0,0,0,0,,
370,Maurice Jones-Drew,KC,L 20-34,0/0,0,0,0,0,0,0,0,0,0,0,0,0,0,0,,
371,Tony Scheffler,GB,L 23-27,0/0,0,0,0,0,0,0,0,0,0,0,0,0,0,0,,
372,Tarvaris Jackson,@Min,W 38-7,0/1,0,0,0,2,-2,0,0,0,0,0,0,0,0,0,,
373,Derek Hagan,Jax,W 42-39,0/0,0,0,0,0,0,0,0,0,0,0,0,0,0,0,,
374,Michael Robinson,@Min,W 38-7,0/0,0,0,0,0,0,0,0,0,0,0,0,0,0,0,,
375,Brad Smith,@NE,W 35-28,0/0,0,0,0,0,0,0,0,0,0,0,0,0,0,0,,
376,Jason Avant,@Oak,W 34-20,0/0,0,0,0,0,0,0,0,0,0,0,0,0,0,0,,
377,Leon Washington,Jax,W 42-39,0/0,0,0,0,0,0,0,0,0,0,0,0,0,0,0,,
378,Domenik Hixon,@NO,W 41-38,0/0,0,0,0,0,0,0,0,0,0,0,0,0,0,0,,
379,Jeff King,@StL,W 27-3,0/0,0,0,0,0,0,0,0,0,0,0,0,0,0,0,,
380,Bruce Gradkowski*,Ind,W 45-10,0/0,0,0,0,0,0,0,0,0,0,0,0,0,0,0,,
381,Ben Obomanu,@NYG,W 23-20,0/0,0,0,0,0,0,0,0,0,0,0,0,0,0,0,,
382,Montell Owens,SF,L 20-26,0/0,0,0,0,0,0,0,0,0,0,0,0,0,0,0,,
383,Miles Austin,@NE,W 35-28,0/0,0,0,0,0,0,0,0,0,0,0,0,0,0,0,,
384,Daniel Fells*,NYJ,L 20-23,0/0,0,0,0,0,0,0,0,0,0,0,0,0,0,0,,
385,Micheal Spurlock,SF,L 20-26,0/0,0,0,0,0,0,0,0,0,0,0,0,0,0,0,,
386,Marshawn Lynch*,@Min,W 38-7,0/0,0,0,0,0,0,0,0,0,0,0,0,0,0,0,,
387,Brady Quinn,Bal,W 15-13,0/0,0,0,0,0,0,0,0,0,0,0,0,0,0,0,,
388,Dwayne Bowe,Cin,L 3-37,0/0,0,0,0,0,0,0,0,0,0,0,0,0,0,0,,
389,Robert Meachem,Car,L 38-41,0/0,0,0,0,0,0,0,0,0,0,0,0,0,0,0,,
390,Kevin Kolb,Hou,W 30-21,0/0,0,0,0,0,0,0,0,0,0,0,0,0,0,0,,
391,Zach Miller,@Min,W 38-7,0/0,0,0,0,0,0,0,0,0,0,0,0,0,0,0,,
392,Drew Stanton,@StL,W 27-3,1/1,6,0,0,3,-3,0,0,0,0,0,0,0,0,0,,
393,Sidney Rice,@Min,W 38-7,0/0,0,0,0,0,0,0,0,0,0,0,0,0,0,0,,
394,Brian Leonard,Car,L 38-41,0/0,0,0,0,0,0,0,0,0,0,0,0,0,0,0,,
395,Matt Spaeth,Ind,W 45-10,0/0,0,0,0,0,0,0,0,0,0,0,0,0,0,0,,
396,Trent Edwards,KC,L 20-34,0/0,0,0,0,0,0,0,0,0,0,0,0,0,0,0,,
397,Michael Bush,@StL,W 27-3,0/0,0,0,0,0,0,0,0,0,0,0,0,0,0,0,,
398,Le'Ron McClain,Den,L 3-17,0/0,0,0,0,0,0,0,0,0,0,0,0,0,0,0,,
399,Dante Rosario,SF,L 20-26,0/0,0,0,0,0,0,0,0,0,0,0,0,0,0,0,,
400,Nick Folk*,@NYG,W 23-20,0/0,0,0,0,0,0,0,0,0,0,0,0,0,0,0,,
401,Jordan Palmer,Jax,W 42-39,0/0,0,0,0,0,0,0,0,0,0,0,0,0,0,0,,
402,Tyler Thigpen,Cin,L 3-37,0/0,0,0,0,0,0,0,0,0,0,0,0,0,0,0,,
403,Clark Harris,@Cle,W 37-3,0/0,0,0,0,0,0,0,0,0,0,0,0,0,0,0,,
404,Jason Snelling,@TB,L 19-23,0/0,0,0,0,0,0,0,0,0,0,0,0,0,0,0,,
405,Ahmad Bradshaw*,@Pit,L 10-45,0/0,0,0,0,0,0,0,0,0,0,0,0,0,0,0,,
406,Eric Weems,@TB,L 19-23,0/0,0,0,0,0,0,0,0,0,0,0,0,0,0,0,,
407,Matt Moore,Bal,W 15-13,0/0,0,0,0,0,0,0,0,0,0,0,0,0,0,0,,
408,PLAYER,OPP,STATUS ET,C/A,YDS,TD,INT,RUSH,YDS,TD,REC,YDS,TD,TAR,2PC,FUML,TD,PTS,,
409,Jackie Battle,Jax,W 42-39,0/0,0,0,0,0,0,0,0,0,0,0,0,0,0,0,,
410,Joe Flacco*,@Mia,L 13-15,0/0,0,0,0,0,0,0,0,0,0,0,0,0,0,0,,
411,Felix Jones,Ind,W 45-10,0/0,0,0,0,0,0,0,0,0,0,0,0,0,0,0,,
412,Rashard Mendenhall,@StL,W 27-3,0/0,0,0,0,0,0,0,0,0,0,0,0,0,0,0,,
413,Chris Johnson*,@StL,W 27-3,0/0,0,0,0,0,0,0,0,0,0,0,0,0,0,0,,
414,Dustin Keller,Bal,W 15-13,0/0,0,0,0,0,0,0,0,0,0,0,0,0,0,0,,
415,Donnie Avery,@Oak,W 34-20,0/0,0,0,0,0,0,0,0,0,0,0,0,0,0,0,,
416,Jordy Nelson*,@Det,W 27-23,0/0,0,0,0,0,0,0,0,0,0,0,0,0,0,0,,
417,John Carlson,@StL,W 27-3,0/0,0,0,0,0,0,0,0,0,0,0,0,0,0,0,,
418,Eddie Royal,SF,L 20-26,0/0,0,0,0,0,0,0,0,0,0,0,0,0,0,0,,
419,Jerome Simpson,@Chi,W 26-20,0/0,0,0,0,0,0,0,0,0,0,0,0,0,0,0,,
420,Fred Davis,Dal,L 16-19,0/0,0,0,0,0,0,0,0,0,0,0,0,0,0,0,,
421,Chad Henne,@Ten,L 39-42,0/0,0,0,0,0,0,0,0,0,0,0,0,0,0,0,,
422,Earl Bennett,SF,L 20-26,0/0,0,0,0,0,0,0,0,0,0,0,0,0,0,0,,
423,Jamaal Charles*,@Oak,W 34-20,0/0,0,0,0,0,0,0,0,0,0,0,0,0,0,0,,
424,Harry Douglas,Jax,W 42-39,0/0,0,0,0,0,0,0,1,8,0,3,0,0,0,0,,
425,Jermichael Finley,@Det,W 27-23,0/0,0,0,0,0,0,0,0,0,0,0,0,0,0,0,,
426,Mario Manningham,NYJ,L 20-23,0/0,0,0,0,0,0,0,0,0,0,0,0,0,0,0,,
427,Andre Caldwell,@SD,W 17-3,0/0,0,0,0,1,3,0,0,0,0,0,0,0,0,0,,
428,Tashard Choice,@Pit,L 10-45,0/0,0,0,0,0,0,0,0,0,0,0,0,0,0,0,,
429,Jerome Felton,Hou,W 30-21,0/0,0,0,0,0,0,0,0,0,0,0,0,0,0,0,,
430,Lavelle Hawkins,Atl,W 23-19,0/0,0,0,0,0,0,0,0,0,0,0,0,0,0,0,,
431,Tim Hightower,Car,L 38-41,0/0,0,0,0,1,2,0,0,0,0,0,0,0,0,0,,
432,Matthew Slater,Phi,L 28-35,0/0,0,0,0,0,0,0,0,0,0,0,0,0,0,0,,
433,Dennis Dixon,@StL,W 27-3,0/0,0,0,0,0,0,0,0,0,0,0,0,0,0,0,,
434,Kellen Davis,@NYG,W 23-20,0/0,0,0,0,0,0,0,1,8,0,3,0,0,0,0,,
435,Josh Johnson,Hou,W 30-21,0/0,0,0,0,0,0,0,0,0,0,0,0,0,0,0,,
436,Josh Morgan,Car,L 38-41,0/0,0,0,0,0,0,0,0,0,0,0,0,0,0,0,,
437,Jalen Parmele,Cin,L 3-37,0/0,0,0,0,0,0,0,0,0,0,0,0,0,0,0,,
438,Spencer Larsen,Atl,W 23-19,0/0,0,0,0,0,0,0,0,0,0,0,0,0,0,0,,
439,Lex Hilliard,@NYG,W 23-20,0/0,0,0,0,0,0,0,0,0,0,0,0,0,0,0,,
440,Matt Flynn,Car,L 38-41,0/0,0,0,0,0,0,0,0,0,0,0,0,0,0,0,,
441,Stevie Johnson,Den,L 3-17,0/0,0,0,0,0,0,0,0,0,0,0,0,0,0,0,,
442,Peyton Hillis,NYJ,L 20-23,0/0,0,0,0,0,0,0,0,0,0,0,0,0,0,0,,
443,Justin Forsett*,@Mia,L 13-15,0/0,0,0,0,0,0,0,0,0,0,0,0,0,0,0,,
444,Jed Collins,GB,L 23-27,0/0,0,0,0,0,0,0,0,0,0,0,0,0,0,0,,
445,Caleb Jeffrey Hanie,@Wsh,W 19-16,0/0,0,0,0,0,0,0,0,0,0,0,0,0,0,0,,
446,Garrett Hartley,Ind,W 45-10,0/0,0,0,0,0,0,0,0,0,0,0,0,0,0,0,,
447,Davone Bess,Cin,L 3-37,0/0,0,0,0,0,0,0,0,0,0,0,0,0,0,0,,
448,Matthew Mulligan,Hou,W 30-21,0/0,0,0,0,0,0,0,0,0,0,0,0,0,0,0,,
449,BenJarvus Green-Ellis,@Cle,W 37-3,0/0,0,0,0,0,0,0,0,0,0,0,0,0,0,0,,
450,Darius Reynaud,SF,L 20-26,0/0,0,0,0,0,0,0,0,0,0,0,0,0,0,0,,
451,Anthony Armstrong,Cin,L 3-37,0/0,0,0,0,0,0,0,0,0,0,0,0,0,0,0,,
452,Chase Daniel,@Oak,W 34-20,0/0,0,0,0,0,0,0,0,0,0,0,0,0,0,0,,
453,Josh Freeman,Bal,W 15-13,0/0,0,0,0,0,0,0,0,0,0,0,0,0,0,0,,
454,Graham Harrell,@NYG,W 23-20,0/0,0,0,0,0,0,0,0,0,0,0,0,0,0,0,,
455,Curtis Painter,NYJ,L 20-23,0/0,0,0,0,0,0,0,0,0,0,0,0,0,0,0,,
456,Mark Sanchez,@NE,W 35-28,0/0,0,0,0,0,0,0,0,0,0,0,0,0,0,0,,
457,Pat White,Dal,L 16-19,0/0,0,0,0,0,0,0,0,0,0,0,0,0,0,0,,
458,Kahlil Bell,@Det,W 27-23,0/0,0,0,0,0,0,0,0,0,0,0,0,0,0,0,,
459,PLAYER,OPP,STATUS ET,C/A,YDS,TD,INT,RUSH,YDS,TD,REC,YDS,TD,TAR,2PC,FUML,TD,PTS,,
460,Andre Brown,@Buf,L 21-30,0/0,0,0,0,0,0,0,0,0,0,0,0,0,0,0,,
461,Tony Fiammetta,SF,L 20-26,0/0,0,0,0,0,0,0,0,0,0,0,0,0,0,0,,
462,Arian Foster*,@Buf,L 21-30,0/0,0,0,0,0,0,0,0,0,0,0,0,0,0,0,,
463,Mike Goodson,@NYG,W 23-20,0/0,0,0,0,0,0,0,0,0,0,0,0,0,0,0,,
464,Shonn Greene,Jax,W 42-39,0/0,0,0,0,0,0,0,0,0,0,0,0,0,0,0,,
465,David Johnson,Den,L 3-17,0/0,0,0,0,1,2,0,0,0,0,0,0,0,0,0,,
466,Quinn Johnson,Jax,W 42-39,0/0,0,0,0,0,0,0,0,0,0,0,0,0,0,0,,
467,Jorvorskie Lane,Atl,W 23-19,0/0,0,0,0,0,0,0,0,0,0,0,0,0,0,0,,
468,Chris Ogbonnaya,NYJ,L 20-23,0/0,0,0,0,0,0,0,0,0,0,0,0,0,0,0,,
469,Cedric Peerman,@Cle,W 37-3,0/0,0,0,0,0,0,0,0,0,0,0,0,0,0,0,,
470,Kory Sheets,KC,L 20-34,0/0,0,0,0,0,0,0,0,0,0,0,0,0,0,0,,
471,Marcus Thigpen,Hou,W 30-21,0/0,0,0,0,0,0,0,0,0,0,0,0,0,0,0,,
472,Travis Beckum,Car,L 38-41,0/0,0,0,0,0,0,0,0,0,0,0,0,0,0,0,,
473,James Casey,@SD,W 17-3,0/0,0,0,0,0,0,0,0,0,0,0,0,0,0,0,,
474,Chase Coffman,@Min,W 38-7,0/0,0,0,0,0,0,0,0,0,0,0,0,0,0,0,,
475,Cameron Morrah,@SD,W 17-3,0/0,0,0,0,0,0,0,0,0,0,0,0,0,0,0,,
476,Bear Pascoe,SF,L 20-26,0/0,0,0,0,0,0,0,0,0,0,0,0,0,0,0,,
477,Brandon Pettigrew,GB,L 23-27,0/0,0,0,0,0,0,0,0,0,0,0,0,0,0,0,,
478,John Phillips,Den,L 3-17,0/0,0,0,0,0,0,0,1,8,0,1,0,0,0,0,,
479,Richard Quinn,Car,L 38-41,0/0,0,0,0,0,0,0,0,0,0,0,0,0,0,0,,
480,Kory Sperry,Sea,L 7-38,0/0,0,0,0,0,0,0,0,0,0,0,0,0,0,0,,
481,Ramses Barden,@Ten,L 39-42,0/0,0,0,0,0,0,0,0,0,0,0,0,0,0,0,,
482,Austin Collie,Phi,L 28-35,0/0,0,0,0,0,0,0,0,0,0,0,0,0,0,0,,
483,Brandon Gibson*,Phi,L 28-35,0/0,0,0,0,0,0,0,0,0,0,0,0,0,0,0,,
484,Percy Harvin*,Hou,W 30-21,0/0,0,0,0,0,0,0,0,0,0,0,0,0,0,0,,
485,Louis Murphy*,Atl,W 23-19,0/0,0,0,0,0,0,0,0,0,0,0,0,0,0,0,,
486,Hakeem Nicks,NYJ,L 20-23,0/0,0,0,0,0,0,0,1,7,0,1,0,0,0,0,,
487,Jordan Norwood,@SD,W 17-3,0/0,0,0,0,0,0,0,0,0,0,0,0,0,0,0,,
488,Kevin Ogletree,NYJ,L 20-23,0/0,0,0,0,0,0,0,0,0,0,0,0,0,0,0,,
489,Greg Orton,Phi,L 28-35,0/0,0,0,0,0,0,0,0,0,0,0,0,0,0,0,,
490,Brian Robiskie,Jax,W 42-39,0/0,0,0,0,0,0,0,0,0,0,0,0,0,0,0,,
491,Brandon Tate,@Cle,W 37-3,0/0,0,0,0,0,0,0,0,0,0,1,0,0,0,0,,
492,Mike Thomas,@Buf,L 21-30,0/0,0,0,0,0,0,0,0,0,0,0,0,0,0,0,,
493,Tiquan Underwood,@NO,W 41-38,0/0,0,0,0,0,0,0,0,0,0,0,0,0,0,0,,
494,Julian Edelman*,Phi,L 28-35,0/0,0,0,0,0,0,0,0,0,0,0,0,0,0,0,,
495,Zach Miller,SF,L 20-26,0/0,0,0,0,0,0,0,1,6,0,1,0,0,0,0,,
496,Brandon Myers,Atl,W 23-19,0/0,0,0,0,0,0,0,0,0,0,0,0,0,0,0,,
497,Bernard Scott,@Mia,L 13-15,0/0,0,0,0,0,0,0,0,0,0,0,0,0,0,0,,
498,LaRod Stephens-Howling,Ind,W 45-10,0/0,0,0,0,0,0,0,0,0,0,0,0,0,0,0,,
499,Frank Summers,Hou,W 30-21,0/0,0,0,0,0,0,0,0,0,0,0,0,0,0,0,,
500,Will Ta'ufo'ou,@Ten,L 39-42,0/0,0,0,0,0,0,0,0,0,0,0,0,0,0,0,,
501,Kevin Brock*,Car,L 38-41,0/0,0,0,0,0,0,0,0,0,0,0,0,0,0,0,,
502,Isaac Redman,Ind,W 45-10,0/0,0,0,0,0,0,0,0,0,0,0,0,0,0,0,,
503,Chris Pressley,@Cle,W 37-3,0/0,0,0,0,0,0,0,0,0,0,0,0,0,0,0,,
504,Zach Potter,@Buf,L 21-30,0/0,0,0,0,0,0,0,0,0,0,0,0,0,0,0,,
505,Darrel Young,Dal,L 16-19,0/0,0,0,0,0,0,0,0,0,0,0,0,0,0,0,,
506,Tom Crabtree,Atl,W 23-19,0/0,0,0,0,0,0,0,0,0,0,0,0,0,0,0,,
507,Isaiah Williams,Jax,W 42-39,0/0,0,0,0,0,0,0,0,0,0,0,0,0,0,0,,
508,Antone Smith,SF,L 20-26,0/0,0,0,0,0,0,0,0,0,0,0,0,0,0,0,,
509,Chad Hall,@Ten,L 39-42,0/0,0,0,0,0,0,0,0,0,0,0,0,0,0,0,,
510,PLAYER,OPP,STATUS ET,C/A,YDS,TD,INT,RUSH,YDS,TD,REC,YDS,TD,TAR,2PC,FUML,TD,PTS,,
511,Jimmy Clausen,@Mia,L 13-15,0/0,0,0,0,0,0,0,0,0,0,0,0,0,0,0,,
512,Colt McCoy,Dal,L 16-19,0/0,0,0,0,0,0,0,0,0,0,0,0,0,0,0,,
513,C.J. Spiller,Car,L 38-41,0/0,0,0,0,0,0,0,1,0,0,2,0,0,0,0,,
514,Ryan Mathews,@NE,W 35-28,0/0,0,0,0,0,0,0,0,0,0,0,0,0,0,0,,
515,Jonathan Dwyer,@StL,W 27-3,0/0,0,0,0,0,0,0,0,0,0,0,0,0,0,0,,
516,Dexter McCluster,Jax,W 42-39,0/0,0,0,0,0,0,0,0,0,0,0,0,0,0,0,,
517,Montario Hardesty,Cin,L 3-37,0/0,0,0,0,0,0,0,0,0,0,0,0,0,0,0,,
518,Joe McKnight,@Oak,W 34-20,0/0,0,0,0,0,0,0,0,0,0,0,0,0,0,0,,
519,Ben Tate,Ind,W 45-10,0/0,0,0,0,0,0,0,0,0,0,0,0,0,0,0,,
520,Toby Gerhart*,@Ten,L 39-42,0/0,0,0,0,0,0,0,0,0,0,0,0,0,0,0,,
521,Boobie Dixon,Hou,W 30-21,0/0,0,0,0,1,6,0,0,0,0,0,0,0,0,0,,
522,Arrelious Benn*,@Ten,L 39-42,0/0,0,0,0,0,0,0,0,0,0,0,0,0,0,0,,
523,Damian Williams,Ari,L 3-27,0/0,0,0,0,0,0,0,0,0,0,0,0,0,0,0,,
524,Carlton Mitchell,@TB,L 19-23,0/0,0,0,0,0,0,0,0,0,0,0,0,0,0,0,,
525,Taylor Price,@Ten,L 39-42,0/0,0,0,0,0,0,0,0,0,0,0,0,0,0,0,,
526,Marcus Easley,Hou,W 30-21,0/0,0,0,0,0,0,0,0,0,0,0,0,0,0,0,,
527,Andre Roberts,Dal,L 16-19,0/0,0,0,0,0,0,0,0,0,0,0,0,0,0,0,,
528,Dezmon Briscoe,@Wsh,W 19-16,0/0,0,0,0,0,0,0,0,0,0,0,0,0,0,0,,
529,Rob Gronkowski,Phi,L 28-35,0/0,0,0,0,0,0,0,0,0,0,0,0,0,0,0,,
530,Dennis Pitta*,@Mia,L 13-15,0/0,0,0,0,0,0,0,0,0,0,0,0,0,0,0,,
531,Jimmy Graham*,@Min,W 38-7,0/0,0,0,0,0,0,0,0,0,0,0,0,0,0,0,,
532,Armanti Edwards,SF,L 20-26,0/0,0,0,0,0,0,0,0,0,0,0,0,0,0,0,,
533,Tony Moeaki,@TB,L 19-23,0/0,0,0,0,0,0,0,0,0,0,0,0,0,0,0,,
534,Nate Arthur Byham,Atl,W 23-19,0/0,0,0,0,0,0,0,0,0,0,0,0,0,0,0,,
535,Mike Caussin*,Dal,L 16-19,0/0,0,0,0,0,0,0,0,0,0,0,0,0,0,0,,
536,John Conner,Hou,W 30-21,0/0,0,0,0,0,0,0,0,0,0,0,0,0,0,0,,
537,Dorin Dickerson*,Jax,W 42-39,0/0,0,0,0,0,0,0,0,0,0,0,0,0,0,0,,
538,Jim Dray,Cin,L 3-37,0/0,0,0,0,0,0,0,0,0,0,0,0,0,0,0,,
539,Jacoby Ford,Jax,W 42-39,0/0,0,0,0,0,0,0,0,0,0,0,0,0,0,0,,
540,David Alexander Gettis,Atl,W 23-19,0/0,0,0,0,0,0,0,0,0,0,0,0,0,0,0,,
541,Garrett Graham,@Buf,L 21-30,0/0,0,0,0,0,0,0,0,0,0,0,0,0,0,0,,
542,Clay Harbor,@Ten,L 39-42,0/0,0,0,0,0,0,0,0,0,0,0,0,0,0,0,,
543,Trindon Holliday,KC,L 20-34,0/0,0,0,0,0,0,0,0,0,0,0,0,0,0,0,,
544,Mike Kafka*,Sea,L 7-38,0/0,0,0,0,0,0,0,0,0,0,0,0,0,0,0,,
545,Deji Karim,@Pit,L 10-45,0/0,0,0,0,0,0,0,0,0,0,0,0,0,0,0,,
546,Jameson Konz,@SD,W 17-3,0/0,0,0,0,0,0,0,0,0,0,0,0,0,0,0,,
547,Erik Lorig,Car,L 38-41,0/0,0,0,0,0,0,0,0,0,0,0,0,0,0,0,,
548,Anthony McCoy,Dal,L 16-19,0/0,0,0,0,0,0,0,0,0,0,0,0,0,0,0,,
549,Fendi Onobun,@Ten,L 39-42,0/0,0,0,0,0,0,0,0,0,0,0,0,0,0,0,,
550,Andrew Quarless*,@Det,W 27-23,0/0,0,0,0,0,0,0,0,0,0,0,0,0,0,0,,
551,David Reed,@Chi,W 26-20,0/0,0,0,0,0,0,0,0,0,0,0,0,0,0,0,,
552,Zac Robinson,@Cle,W 37-3,0/0,0,0,0,0,0,0,0,0,0,0,0,0,0,0,,
553,Mickey Charles Shuler,@TB,L 19-23,0/0,0,0,0,0,0,0,0,0,0,0,0,0,0,0,,
554,John Skelton,Jax,W 42-39,0/0,0,0,0,0,0,0,0,0,0,0,0,0,0,0,,
555,Rusty Smith,Jax,W 42-39,0/0,0,0,0,0,0,0,0,0,0,0,0,0,0,0,,
556,Joe Webb,@NO,W 41-38,0/0,0,0,0,0,0,0,0,0,0,0,0,0,0,0,,
557,Kyle Williams*,@SD,W 17-3,0/0,0,0,0,0,0,0,0,0,0,0,0,0,0,0,,
558,Mike Williams,Hou,W 30-21,0/0,0,0,0,0,0,0,0,0,0,0,0,0,0,0,,
559,Stephen Williams,@Ten,L 39-42,0/0,0,0,0,0,0,0,0,0,0,0,0,0,0,0,,
560,Seyi Ajirotutu,@NE,W 35-28,0/0,0,0,0,0,0,0,0,0,0,0,0,0,0,0,,
561,PLAYER,OPP,STATUS ET,C/A,YDS,TD,INT,RUSH,YDS,TD,REC,YDS,TD,TAR,2PC,FUML,TD,PTS,,
562,Jake Ballard,@StL,W 27-3,0/0,0,0,0,0,0,0,0,0,0,0,0,0,0,0,,
563,Richie Brockel,@NO,W 41-38,0/0,0,0,0,0,0,0,0,0,0,0,0,0,0,0,,
564,Victor Cruz*,NYJ,L 20-23,0/0,0,0,0,0,0,0,0,0,0,0,0,0,0,0,,
565,Jeff Cumberland,@NYG,W 23-20,0/0,0,0,0,0,0,0,0,0,0,0,0,0,0,0,,
566,Richard Goodman,Den,L 3-17,0/0,0,0,0,0,0,0,0,0,0,0,0,0,0,0,,
567,Thaddeus Lewis,@NE,W 35-28,0/0,0,0,0,0,0,0,0,0,0,0,0,0,0,0,,
568,David Nelson*,Ind,W 45-10,0/0,0,0,0,0,0,0,0,0,0,0,0,0,0,0,,
569,Michael Palmer,Ind,W 45-10,0/0,0,0,0,0,0,0,0,0,0,0,0,0,0,0,,
570,Naaman Roosevelt,Hou,W 30-21,0/0,0,0,0,0,0,0,0,0,0,0,0,0,0,0,,
571,Alfonso Smith,@Chi,W 26-20,0/0,0,0,0,0,0,0,0,0,0,0,0,0,0,0,,
572,Jeron Mastrud,SF,L 20-26,0/0,0,0,0,0,0,0,0,0,0,0,0,0,0,0,,
573,Logan Paulsen*,Dal,L 16-19,0/0,0,0,0,0,0,0,0,0,0,0,0,0,0,0,,
574,Nathan Overbay,@Mia,L 13-15,0/0,0,0,0,0,0,0,0,0,0,0,0,0,0,0,,
575,Steve Maneri,@NYG,W 23-20,0/0,0,0,0,0,0,0,0,0,0,0,0,0,0,0,,
576,Andy Tanner,Car,L 38-41,0/0,0,0,0,0,0,0,0,0,0,0,0,0,0,0,,
577,Harvey Unga,@Ten,L 39-42,0/0,0,0,0,0,0,0,0,0,0,0,0,0,0,0,,
578,Danario Alexander,Den,L 3-17,0/0,0,0,0,0,0,0,0,0,0,0,0,0,0,0,,
579,Josh Vaughan,@TB,L 19-23,0/0,0,0,0,0,0,0,0,0,0,0,0,0,0,0,,
580,James Develin*,Phi,L 28-35,0/0,0,0,0,0,0,0,0,0,0,0,0,0,0,0,,
581,Tyler Clutts,@Wsh,W 19-16,0/0,0,0,0,0,0,0,0,0,0,0,0,0,0,0,,
582,Andrew Hawkins,Cin,L 3-37,0/0,0,0,0,0,0,0,0,0,0,0,0,0,0,0,,
583,Christian Ponder,@SD,W 17-3,0/0,0,0,0,0,0,0,0,0,0,0,0,0,0,0,,
584,Jake Locker,Jax,W 42-39,0/0,0,0,0,0,0,0,0,0,0,0,0,0,0,0,,
585,Jonathan Baldwin,@Chi,W 26-20,0/0,0,0,0,0,0,0,0,0,0,0,0,0,0,0,,
586,Colin Kaepernick*,@Chi,W 26-20,0/0,0,0,0,0,0,0,0,0,0,0,0,0,0,0,,
587,Lance Kendricks,Ari,L 3-27,0/0,0,0,0,0,0,0,0,0,0,0,0,0,0,0,,
588,Rob Housler,Cin,L 3-37,0/0,0,0,0,0,0,0,0,0,0,0,0,0,0,0,,
589,Leonard Hankerson*,@TB,L 19-23,0/0,0,0,0,0,0,0,0,0,0,0,0,0,0,0,,
590,Greg Little,@Cle,W 37-3,0/0,0,0,0,0,0,0,0,0,0,0,0,0,0,0,,
591,Vincent Brown,@Pit,L 10-45,0/0,0,0,0,0,0,0,0,0,0,0,0,0,0,0,,
592,Stevan Ridley,@NYG,W 23-20,0/0,0,0,0,3,4,0,0,0,0,0,0,0,0,0,,
593,Austin Pettis,Den,L 3-17,0/0,0,0,0,0,0,0,0,0,0,0,0,0,0,0,,
594,Ryan Mallett,@Buf,L 21-30,0/0,0,0,0,0,0,0,0,0,0,0,0,0,0,0,,
595,Jerrel Jernigan,NYJ,L 20-23,0/0,0,0,0,0,0,0,0,0,0,0,0,0,0,0,,
596,Ryan Williams*,@Wsh,W 19-16,0/0,0,0,0,0,0,0,0,0,0,0,0,0,0,0,,
597,Mikel Leshoure,GB,L 23-27,0/0,0,0,0,0,0,0,0,0,0,0,0,0,0,0,,
598,Alex Green,@NYG,W 23-20,0/0,0,0,0,0,0,0,0,0,0,0,0,0,0,0,,
599,Daniel Thomas,SF,L 20-26,0/0,0,0,0,0,0,0,0,0,0,0,0,0,0,0,,
600,DeMarco Sampson,Hou,W 30-21,0/0,0,0,0,0,0,0,0,0,0,0,0,0,0,0,,
601,Gabe Miller,Dal,L 16-19,0/0,0,0,0,0,0,0,0,0,0,0,0,0,0,0,,
602,Delone Carter,@Ten,L 39-42,0/0,0,0,0,0,0,0,0,0,0,0,0,0,0,0,,
603,Ricky Stanzi,NYJ,L 20-23,0/0,0,0,0,0,0,0,0,0,0,0,0,0,0,0,,
604,Bruce Miller,@Chi,W 26-20,0/0,0,0,0,1,4,0,1,4,0,1,0,0,0,0,,
605,Da'Rel Scott,NYJ,L 20-23,0/0,0,0,0,0,0,0,0,0,0,0,0,0,0,0,,
606,Shaun Chapas,@Mia,L 13-15,0/0,0,0,0,0,0,0,0,0,0,0,0,0,0,0,,
607,Kris Durham,KC,L 20-34,0/0,0,0,0,0,0,0,0,0,0,0,0,0,0,0,,
608,Luke Stocker,Atl,W 23-19,0/0,0,0,0,0,0,0,1,4,0,1,0,0,0,0,,
609,Greg McElroy,@Cle,W 37-3,0/0,0,0,0,0,0,0,0,0,0,0,0,0,0,0,,
610,David Ausberry,GB,L 23-27,0/0,0,0,0,0,0,0,0,0,0,0,0,0,0,0,,
611,Stanley Havili,@Min,W 38-7,0/0,0,0,0,0,0,0,0,0,0,0,0,0,0,0,,
612,PLAYER,OPP,STATUS ET,C/A,YDS,TD,INT,RUSH,YDS,TD,REC,YDS,TD,TAR,2PC,FUML,TD,PTS,,
613,Evan Royster*,@TB,L 19-23,0/0,0,0,0,0,0,0,0,0,0,0,0,0,0,0,,
614,Greg Salas,GB,L 23-27,0/0,0,0,0,0,0,0,0,0,0,0,0,0,0,0,,
615,T.J. Yates,@Buf,L 21-30,0/0,0,0,0,0,0,0,0,0,0,0,0,0,0,0,,
616,Owen Marecic,@Chi,W 26-20,0/0,0,0,0,0,0,0,0,0,0,0,0,0,0,0,,
617,Ryan Whalen,Sea,L 7-38,0/0,0,0,0,0,0,0,0,0,0,0,0,0,0,0,,
618,Anthony Sherman,@Oak,W 34-20,0/0,0,0,0,0,0,0,0,0,0,1,0,0,0,0,,
619,Kealoha Pilares,@NO,W 41-38,0/0,0,0,0,0,0,0,0,0,0,0,0,0,0,0,,
620,Jeremy Kerley,@NYG,W 23-20,0/0,0,0,0,0,0,0,0,0,0,0,0,0,0,0,,
621,Denarius Moore,Hou,W 30-21,0/0,0,0,0,0,0,0,0,0,0,0,0,0,0,0,,
622,Niles Paul*,Dal,L 16-19,0/0,0,0,0,0,0,0,0,0,0,0,0,0,0,0,,
623,D.J. Williams,Dal,L 16-19,0/0,0,0,0,0,0,0,0,0,0,0,0,0,0,0,,
624,Kendall Hunter*,@Chi,W 26-20,0/0,0,0,0,0,0,0,0,0,0,0,0,0,0,0,,
625,Aldrick Robinson,@Mia,L 13-15,0/0,0,0,0,0,0,0,0,0,0,0,0,0,0,0,,
626,Taiwan Jones,KC,L 20-34,0/0,0,0,0,0,0,0,0,0,0,0,0,0,0,0,,
627,Jordan Todman,Ind,W 45-10,0/0,0,0,0,0,0,0,0,0,0,0,0,0,0,0,,
628,Jordan Cameron,Bal,W 15-13,0/0,0,0,0,0,0,0,1,4,0,3,0,0,0,0,,
629,Tandon Doss,@Ten,L 39-42,0/0,0,0,0,0,0,0,0,0,0,0,0,0,0,0,,
630,Jacquizz Rodgers*,SF,L 20-26,0/0,0,0,0,0,0,0,0,0,0,0,0,0,0,0,,
631,Dion Lewis*,Phi,L 28-35,0/0,0,0,0,0,0,0,0,0,0,0,0,0,0,0,,
632,Clyde Gates,@Wsh,W 19-16,0/0,0,0,0,0,0,0,0,0,0,0,0,0,0,0,,
633,Stephen Burton,@Ten,L 39-42,0/0,0,0,0,0,0,0,0,0,0,0,0,0,0,0,,
634,Richard Gordon,@SD,W 17-3,0/0,0,0,0,0,0,0,0,0,0,0,0,0,0,0,,
635,Anthony Allen,@Mia,L 13-15,0/0,0,0,0,0,0,0,0,0,0,0,0,0,0,0,,
636,Ryan Taylor,@Oak,W 34-20,0/0,0,0,0,0,0,0,0,0,0,0,0,0,0,0,,
637,Kyle Adams,Atl,W 23-19,0/0,0,0,0,0,0,0,0,0,0,0,0,0,0,0,,
638,Armon Binns,@Oak,W 34-20,0/0,0,0,0,0,0,0,0,0,0,0,0,0,0,0,,
639,Pat Devlin,Cin,L 3-37,0/0,0,0,0,0,0,0,0,0,0,0,0,0,0,0,,
640,DuJuan Harris,@Min,W 38-7,0/0,0,0,0,3,7,0,0,0,0,0,0,0,0,0,,
641,Robert Hughes,@StL,W 27-3,0/0,0,0,0,0,0,0,0,0,0,0,0,0,0,0,,
642,Jerrod Johnson,SF,L 20-26,0/0,0,0,0,0,0,0,0,0,0,0,0,0,0,0,,
643,Ricardo Lockette*,@Min,W 38-7,0/0,0,0,0,0,0,0,0,0,0,0,0,0,0,0,,
644,Kyle Miller,Den,L 3-17,0/0,0,0,0,0,0,0,0,0,0,0,0,0,0,0,,
645,Jamar Newsome,@Wsh,W 19-16,0/0,0,0,0,0,0,0,0,0,0,0,0,0,0,0,,
646,Dane Sanzenbacher,@Cle,W 37-3,0/0,0,0,0,0,0,0,0,0,0,0,0,0,0,0,,
647,Weslye Saunders,@Pit,L 10-45,0/0,0,0,0,0,0,0,0,0,0,0,0,0,0,0,,
648,Andre Phillip Smith,Cin,L 3-37,0/0,0,0,0,0,0,0,0,0,0,0,0,0,0,0,,
649,Kris Adams,NYJ,L 20-23,0/0,0,0,0,0,0,0,0,0,0,0,0,0,0,0,,
650,Josh Baker,@NYG,W 23-20,0/0,0,0,0,0,0,0,0,0,0,0,0,0,0,0,,
651,Vidal Hazelton,@NYG,W 23-20,0/0,0,0,0,0,0,0,0,0,0,0,0,0,0,0,,
652,Scott Tolzien,@Det,W 27-23,0/0,0,0,0,0,0,0,0,0,0,0,0,0,0,0,,
653,Matt Asiata,Sea,L 7-38,0/0,0,0,0,2,-1,0,0,0,0,1,0,0,0,0,,
654,Michael Higgins,Sea,L 7-38,0/0,0,0,0,0,0,0,0,0,0,0,0,0,0,0,,
655,Andre Holmes,KC,L 20-34,0/0,0,0,0,0,0,0,1,1,0,2,0,0,0,0,,
656,Joe Morgan,@Mia,L 13-15,0/0,0,0,0,0,0,0,0,0,0,0,0,0,0,0,,
657,William Powell,GB,L 23-27,0/0,0,0,0,0,0,0,0,0,0,0,0,0,0,0,,
658,Allen Reisner*,@Mia,L 13-15,0/0,0,0,0,0,0,0,0,0,0,0,0,0,0,0,,
659,Konrad Reuland,@Mia,L 13-15,0/0,0,0,0,0,0,0,0,0,0,0,0,0,0,0,,
660,Raymond Webber,Bal,W 15-13,0/0,0,0,0,0,0,0,0,0,0,0,0,0,0,0,,
661,Michael Campbell,@NYG,W 23-20,0/0,0,0,0,0,0,0,0,0,0,0,0,0,0,0,,
662,Drew Davis,@TB,L 19-23,0/0,0,0,0,0,0,0,0,0,0,0,0,0,0,0,,
663,PLAYER,OPP,STATUS ET,C/A,YDS,TD,INT,RUSH,YDS,TD,REC,YDS,TD,TAR,2PC,FUML,TD,PTS,,
664,Jeremy Ross,KC,L 20-34,0/0,0,0,0,0,0,0,0,0,0,0,0,0,0,0,,
665,LaQuan Williams,@Mia,L 13-15,0/0,0,0,0,0,0,0,0,0,0,0,0,0,0,0,,
666,Brett Brackett,Jax,W 42-39,0/0,0,0,0,0,0,0,0,0,0,0,0,0,0,0,,
667,Kerry Taylor,@Wsh,W 19-16,0/0,0,0,0,0,0,0,0,0,0,0,0,0,0,0,,
668,Jake Rogers,Bal,W 15-13,0/0,0,0,0,0,0,0,0,0,0,0,0,0,0,0,,
669,Lestar Jean,@Buf,L 21-30,0/0,0,0,0,0,0,0,0,0,0,0,0,0,0,0,,
670,Terrence Toliver,SF,L 20-26,0/0,0,0,0,0,0,0,0,0,0,0,0,0,0,0,,
671,Jeff Maehl,@NE,W 35-28,0/0,0,0,0,0,0,0,0,0,0,0,0,0,0,0,,
672,McLeod Bethel-Thompson,Bal,W 15-13,0/0,0,0,0,0,0,0,0,0,0,0,0,0,0,0,,
673,Tori Gurley,Hou,W 30-21,0/0,0,0,0,0,0,0,0,0,0,0,0,0,0,0,,
674,Henry Hynoski,NYJ,L 20-23,0/0,0,0,0,0,0,0,0,0,0,0,0,0,0,0,,
675,Michael Preston,Bal,W 15-13,0/0,0,0,0,0,0,0,0,0,0,0,0,0,0,0,,
676,Phillip Tanner,@Chi,W 26-20,0/0,0,0,0,0,0,0,0,0,0,0,0,0,0,0,,
677,Mike McNeill,@NO,W 41-38,0/0,0,0,0,0,0,0,0,0,0,0,0,0,0,0,,
678,David Gilreath,@Min,W 38-7,0/0,0,0,0,0,0,0,0,0,0,0,0,0,0,0,,
679,John Griffin,@NYG,W 23-20,0/0,0,0,0,0,0,0,0,0,0,0,0,0,0,0,,
680,Armond Smith,@NO,W 41-38,0/0,0,0,0,0,0,0,0,0,0,0,0,0,0,0,,
681,Kevin Cone,Bal,W 15-13,0/0,0,0,0,0,0,0,0,0,0,0,0,0,0,0,,
682,Chase Reynolds,Ari,L 3-27,0/0,0,0,0,0,0,0,0,0,0,0,0,0,0,0,,
683,Terrelle Pryor,Cin,L 3-37,0/0,0,0,0,0,0,0,0,0,0,0,0,0,0,0,,
684,Andre Hardy,@StL,W 27-3,0/0,0,0,0,0,0,0,0,0,0,0,0,0,0,0,,
685,Andrew Luck*,@Pit,L 10-45,0/0,0,0,0,0,0,0,0,0,0,0,0,0,0,0,,
686,Robert Griffin,Dal,L 16-19,0/0,0,0,0,0,0,0,0,0,0,0,0,0,0,0,,
687,Brandon Weeden,@Buf,L 21-30,0/0,0,0,0,0,0,0,0,0,0,0,0,0,0,0,,
688,Kellen Moore,@Wsh,W 19-16,0/0,0,0,0,0,0,0,0,0,0,0,0,0,0,0,,
689,Ryan Lindley,Phi,L 28-35,0/0,0,0,0,0,0,0,0,0,0,0,0,0,0,0,,
690,David Wilson,NYJ,L 20-23,0/0,0,0,0,0,0,0,0,0,0,0,0,0,0,0,,
691,Isaiah Pead,Ind,W 45-10,0/0,0,0,0,0,0,0,0,0,0,0,0,0,0,0,,
692,LaMike James,Bal,W 15-13,0/0,0,0,0,0,0,0,0,0,0,0,0,0,0,0,,
693,Bernard Pierce*,@Ten,L 39-42,0/0,0,0,0,0,0,0,0,0,0,0,0,0,0,0,,
694,Edwin Baker,Car,L 38-41,0/0,0,0,0,0,0,0,0,0,0,0,0,0,0,0,,
695,Tauren Poole,@Mia,L 13-15,0/0,0,0,0,0,0,0,0,0,0,0,0,0,0,0,,
696,Chris Rainey,@StL,W 27-3,0/0,0,0,0,0,0,0,0,0,0,0,0,0,0,0,,
697,Cyrus Gray,@Oak,W 34-20,0/0,0,0,0,0,0,0,0,0,0,0,0,0,0,0,,
698,Vick Ballard,@Pit,L 10-45,0/0,0,0,0,0,0,0,0,0,0,0,0,0,0,0,,
699,Dwayne Allen,@Pit,L 10-45,0/0,0,0,0,0,0,0,1,6,0,1,0,0,0,0,,
700,Orson Charles,Car,L 38-41,0/0,0,0,0,0,0,0,0,0,0,0,0,0,0,0,,
701,Michael Egnew,Car,L 38-41,0/0,0,0,0,0,0,0,0,0,0,0,0,0,0,0,,
702,Adrien Robinson,NYJ,L 20-23,0/0,0,0,0,0,0,0,0,0,0,0,0,0,0,0,,
703,Justin Blackmon,@Ten,L 39-42,0/0,0,0,0,0,0,0,0,0,0,0,0,0,0,0,,
704,Stephen Hill*,@NO,W 41-38,0/0,0,0,0,0,0,0,0,0,0,0,0,0,0,0,,
705,Marvin McNutt,Dal,L 16-19,0/0,0,0,0,0,0,0,0,0,0,0,0,0,0,0,,
706,Joe Adams,@Buf,L 21-30,0/0,0,0,0,0,0,0,0,0,0,0,0,0,0,0,,
707,Ryan Broyles,GB,L 23-27,0/0,0,0,0,0,0,0,0,0,0,0,0,0,0,0,,
708,T.J. Graham,Car,L 38-41,0/0,0,0,0,0,0,0,1,0,0,1,0,0,0,0,,
709,Nick Toon,Car,L 38-41,0/0,0,0,0,0,0,0,0,0,0,0,0,0,0,0,,
710,Mohamed Sanu,@Cle,W 37-3,0/0,0,0,0,1,7,0,0,0,0,1,0,0,0,0,,
711,Devon Wylie,KC,L 20-34,0/0,0,0,0,0,0,0,0,0,0,0,0,0,0,0,,
712,A.J. Jenkins,@Wsh,W 19-16,0/0,0,0,0,0,0,0,0,0,0,0,0,0,0,0,,
713,DeVier Posey,@NYG,W 23-20,0/0,0,0,0,0,0,0,0,0,0,0,0,0,0,0,,
714,PLAYER,OPP,STATUS ET,C/A,YDS,TD,INT,RUSH,YDS,TD,REC,YDS,TD,TAR,2PC,FUML,TD,PTS,,
715,Greg Zuerlein,Ari,L 3-27,0/0,0,0,0,0,0,0,0,0,0,0,0,0,0,0,,
716,Evan Rodriguez,Atl,W 23-19,0/0,0,0,0,0,0,0,0,0,0,0,0,0,0,0,,
717,Rhett Ellison,Sea,L 7-38,0/0,0,0,0,0,0,0,0,0,0,1,0,0,0,0,,
718,Chandler Harnish,@StL,W 27-3,0/0,0,0,0,0,0,0,0,0,0,0,0,0,0,0,,
719,Junior Hemingway,@Oak,W 34-20,0/0,0,0,0,0,0,0,0,0,0,0,0,0,0,0,,
720,LaVon Brazill,@Pit,L 10-45,0/0,0,0,0,0,0,0,0,0,0,0,0,0,0,0,,
721,Danny Coale,Ind,W 45-10,0/0,0,0,0,0,0,0,0,0,0,0,0,0,0,0,,
722,B.J. Cunningham,SF,L 20-26,0/0,0,0,0,0,0,0,0,0,0,0,0,0,0,0,,
723,David Paulson,Den,L 3-17,0/0,0,0,0,0,0,0,0,0,0,0,0,0,0,0,,
724,Juron Criner,NYJ,L 20-23,0/0,0,0,0,0,0,0,0,0,0,0,0,0,0,0,,
725,Bradie Ewing,@Ten,L 39-42,0/0,0,0,0,0,0,0,0,0,0,0,0,0,0,0,,
726,Jeremy Ebert,@TB,L 19-23,0/0,0,0,0,0,0,0,0,0,0,0,0,0,0,0,,
727,Brad Smelley,Ari,L 3-27,0/0,0,0,0,0,0,0,0,0,0,0,0,0,0,0,,
728,Travis Benjamin,Cin,L 3-37,0/0,0,0,0,0,0,0,0,0,0,2,0,0,0,0,,
729,Tommy Streeter*,Bal,W 15-13,0/0,0,0,0,0,0,0,0,0,0,0,0,0,0,0,,
730,Taylor Thompson,Jax,W 42-39,0/0,0,0,0,0,0,0,0,0,0,0,0,0,0,0,,
731,Greg Childs,Sea,L 7-38,0/0,0,0,0,0,0,0,0,0,0,0,0,0,0,0,,
732,Bryce Brown,@Min,W 38-7,0/0,0,0,0,0,0,0,0,0,0,0,0,0,0,0,,
733,Rishard Matthews,Bal,W 15-13,0/0,0,0,0,0,0,0,0,0,0,0,0,0,0,0,,
734,Daryl Richardson,@NYG,W 23-20,0/0,0,0,0,0,0,0,0,0,0,0,0,0,0,0,,
735,Toney Clemons,@NO,W 41-38,0/0,0,0,0,0,0,0,0,0,0,0,0,0,0,0,,
736,John Potter*,Bal,W 15-13,0/0,0,0,0,0,0,0,0,0,0,0,0,0,0,0,,
737,Michael Smith,@NYG,W 23-20,0/0,0,0,0,0,0,0,0,0,0,0,0,0,0,0,,
738,Collin Mooney*,@TB,L 19-23,0/0,0,0,0,0,0,0,0,0,0,0,0,0,0,0,,
739,Adam Nissley,@TB,L 19-23,0/0,0,0,0,0,0,0,0,0,0,0,0,0,0,0,,
740,Dominique Davis,@Pit,L 10-45,0/0,0,0,0,0,0,0,0,0,0,0,0,0,0,0,,
741,Case Keenum,Ari,L 3-27,0/0,0,0,0,0,0,0,0,0,0,0,0,0,0,0,,
742,Kashif Moore,Ind,W 45-10,0/0,0,0,0,0,0,0,0,0,0,0,0,0,0,0,,
743,Aaron Corp,Bal,W 15-13,0/0,0,0,0,0,0,0,0,0,0,0,0,0,0,0,,
744,Nathan Palmer,@SD,W 17-3,0/0,0,0,0,0,0,0,0,0,0,0,0,0,0,0,,
745,Brandon Barden,@Wsh,W 19-16,0/0,0,0,0,0,0,0,0,0,0,0,0,0,0,0,,
746,Josh Cooper,Cin,L 3-37,0/0,0,0,0,0,0,0,0,0,0,0,0,0,0,0,,
747,Garrett Celek*,@Chi,W 26-20,0/0,0,0,0,0,0,0,0,0,0,0,0,0,0,0,,
748,Gerell Robinson,Bal,W 15-13,0/0,0,0,0,0,0,0,0,0,0,0,0,0,0,0,,
749,Jewel Hampton,@Chi,W 26-20,0/0,0,0,0,0,0,0,0,0,0,0,0,0,0,0,,
750,Cory Harkey,Ari,L 3-27,0/0,0,0,0,0,0,0,1,4,0,1,0,0,0,0,,
751,Chris Owusu*,@NYG,W 23-20,0/0,0,0,0,0,0,0,0,0,0,0,0,0,0,0,,
752,Giorgio Tavecchio,KC,L 20-34,0/0,0,0,0,0,0,0,0,0,0,0,0,0,0,0,,
753,Brian Tyms*,Phi,L 28-35,0/0,0,0,0,0,0,0,0,0,0,0,0,0,0,0,,
754,Dale Moss,SF,L 20-26,0/0,0,0,0,0,0,0,0,0,0,0,0,0,0,0,,
755,Phillip Supernaw,Jax,W 42-39,0/0,0,0,0,0,0,0,0,0,0,0,0,0,0,0,,
756,Nick Stephens,@Mia,L 13-15,0/0,0,0,0,0,0,0,0,0,0,0,0,0,0,0,,
757,Brandon Carswell,@Chi,W 26-20,0/0,0,0,0,0,0,0,0,0,0,0,0,0,0,0,,
758,Joe Banyard,@Ten,L 39-42,0/0,0,0,0,0,0,0,0,0,0,0,0,0,0,0,,
759,G.J. Kinne,@NE,W 35-28,0/0,0,0,0,0,0,0,0,0,0,0,0,0,0,0,,
760,Matt Veldman,Dal,L 16-19,0/0,0,0,0,0,0,0,0,0,0,0,0,0,0,0,,
761,Kevin Elliott,Hou,W 30-21,0/0,0,0,0,0,0,0,0,0,0,0,0,0,0,0,,
762,Derek Moye,Jax,W 42-39,0/0,0,0,0,0,0,0,0,0,0,0,0,0,0,0,,
763,Andrew Szczerba,@TB,L 19-23,0/0,0,0,0,0,0,0,0,0,0,0,0,0,0,0,,
764,Cole Beasley,@Wsh,W 19-16,0/0,0,0,0,0,0,0,0,0,0,3,0,0,0,0,,
765,PLAYER,OPP,STATUS ET,C/A,YDS,TD,INT,RUSH,YDS,TD,REC,YDS,TD,TAR,2PC,FUML,TD,PTS,,
766,Derrick Coleman,@Min,W 38-7,0/0,0,0,0,0,0,0,0,0,0,0,0,0,0,0,,
767,Beau Brinkley,Jax,W 42-39,0/0,0,0,0,0,0,0,0,0,0,0,0,0,0,0,,
768,Jarrett Boykin,@NO,W 41-38,0/0,0,0,0,0,0,0,0,0,0,0,0,0,0,0,,
769,Griff Whalen,@Pit,L 10-45,0/0,0,0,0,0,0,0,2,9,0,6,0,0,0,0,,
770,Jonas Gray,Bal,W 15-13,0/0,0,0,0,0,0,0,0,0,0,0,0,0,0,0,,
771,Lance Dunbar*,@Wsh,W 19-16,0/0,0,0,0,0,0,0,0,0,0,0,0,0,0,0,,
772,Tim Benford,Ind,W 45-10,0/0,0,0,0,0,0,0,0,0,0,0,0,0,0,0,,
773,Jabin Sambrano,@TB,L 19-23,0/0,0,0,0,0,0,0,0,0,0,0,0,0,0,0,,
774,Dominique Jones,@SD,W 17-3,0/0,0,0,0,0,0,0,0,0,0,0,0,0,0,0,,
775,Eric Page,Atl,W 23-19,0/0,0,0,0,0,0,0,0,0,0,0,0,0,0,0,,
776,Kamar Jorden,Sea,L 7-38,0/0,0,0,0,0,0,0,0,0,0,0,0,0,0,0,,
777,Rod Streater,KC,L 20-34,0/0,0,0,0,0,0,0,0,0,0,0,0,0,0,0,,
778,Saalim Hakim,@Oak,W 34-20,0/0,0,0,0,0,0,0,0,0,0,0,0,0,0,0,,
779,Derek Carrier,Dal,L 16-19,0/0,0,0,0,0,0,0,0,0,0,0,0,0,0,0,,
780,Matt Simms,Hou,W 30-21,0/0,0,0,0,0,0,0,0,0,0,0,0,0,0,0,,
781,Danny Noble,@Ten,L 39-42,0/0,0,0,0,0,0,0,0,0,0,0,0,0,0,0,,
782,Chris Givens,Car,L 38-41,0/0,0,0,0,0,0,0,0,0,0,0,0,0,0,0,,
783,Jake Byrne,Den,L 3-17,0/0,0,0,0,0,0,0,0,0,0,0,0,0,0,0,,
784,Carson Wiggs,@Min,W 38-7,0/0,0,0,0,0,0,0,0,0,0,0,0,0,0,0,,
785,Jermaine Kearse,@Min,W 38-7,0/0,0,0,0,0,0,0,0,0,0,1,0,0,0,0,,
786,Mike Brown,@NO,W 41-38,0/0,0,0,0,0,0,0,0,0,0,0,0,0,0,0,,
787,Travaris Cadet,@Chi,W 26-20,0/0,0,0,0,3,6,0,1,6,0,2,0,0,0,0,,
788,Patrick Edwards,GB,L 23-27,0/0,0,0,0,0,0,0,0,0,0,0,0,0,0,0,,
789,Derek Dimke,Car,L 38-41,0/0,0,0,0,0,0,0,0,0,0,0,0,0,0,0,,
790,Bobby Rainey,Atl,W 23-19,0/0,0,0,0,0,0,0,0,0,0,0,0,0,0,0,,
791,Deonte Thompson,SF,L 20-26,0/0,0,0,0,0,0,0,0,0,0,0,0,0,0,0,,
792,Jared Green,KC,L 20-34,0/0,0,0,0,0,0,0,0,0,0,0,0,0,0,0,,
793,Sean McGrath,Den,L 3-17,0/0,0,0,0,0,0,0,0,0,0,0,0,0,0,0,,
794,LaRon Byrd,Bal,W 15-13,0/0,0,0,0,0,0,0,0,0,0,0,0,0,0,0,,
795,Brittan Golden,@StL,W 27-3,0/0,0,0,0,0,0,0,0,0,0,0,0,0,0,0,,
796,Jeremy Stewart,@SD,W 17-3,0/0,0,0,0,0,0,0,0,0,0,0,0,0,0,0,,
797,Emil Igwenagu,GB,L 23-27,0/0,0,0,0,0,0,0,0,0,0,0,0,0,0,0,,
798,Damaris Johnson,Phi,L 28-35,0/0,0,0,0,1,6,0,0,0,0,0,0,0,0,0,,
799,Jerrell Jackson,@Oak,W 34-20,0/0,0,0,0,0,0,0,0,0,0,0,0,0,0,0,,
800,Eddy Carmona,KC,L 20-34,0/0,0,0,0,0,0,0,0,0,0,0,0,0,0,0,,
801,Jourdan Brooks,@Cle,W 37-3,0/0,0,0,0,0,0,0,0,0,0,0,0,0,0,0,,
802,Chase Ford*,@Mia,L 13-15,0/0,0,0,0,0,0,0,0,0,0,0,0,0,0,0,,
803,Michael Willie,@Mia,L 13-15,0/0,0,0,0,0,0,0,0,0,0,0,0,0,0,0,,
804,Joe Anderson,SF,L 20-26,0/0,0,0,0,0,0,0,0,0,0,0,0,0,0,0,,
805,Danny Hrapmann,Bal,W 15-13,0/0,0,0,0,0,0,0,0,0,0,0,0,0,0,0,,
806,Brandon Bostick,Sea,L 7-38,0/0,0,0,0,0,0,0,0,0,0,0,0,0,0,0,,
807,Alex Tanney,Jax,W 42-39,0/0,0,0,0,0,0,0,0,0,0,0,0,0,0,0,,
808,Lamont Bryant,@NO,W 41-38,0/0,0,0,0,0,0,0,0,0,0,0,0,0,0,0,,
809,Josh Gordon,Cin,L 3-37,0/0,0,0,0,0,0,0,0,0,0,0,0,0,0,0,,
810,Larry Donnell*,NYJ,L 20-23,0/0,0,0,0,0,0,0,0,0,0,0,0,0,0,0,,
811,Lance Lewis,Car,L 38-41,0/0,0,0,0,0,0,0,0,0,0,0,0,0,0,0,,
812,Jeff Demps,@Pit,L 10-45,0/0,0,0,0,0,0,0,0,0,0,0,0,0,0,0,,
813,Ifeanyi Momah*,@StL,W 27-3,0/0,0,0,0,0,0,0,0,0,0,0,0,0,0,0,,
814,Brandon Bogotay,Atl,W 23-19,0/0,0,0,0,0,0,0,0,0,0,0,0,0,0,0,,
815,Sederrik Cunningham,@Det,W 27-23,0/0,0,0,0,0,0,0,0,0,0,0,0,0,0,0,,
816,PLAYER,OPP,STATUS ET,C/A,YDS,TD,INT,RUSH,YDS,TD,REC,YDS,TD,TAR,2PC,FUML,TD,PTS,,
817,Tyler Eifert,@Cle,W 37-3,0/0,0,0,0,0,0,0,0,0,0,0,0,0,0,0,,
818,EJ Manuel,Hou,W 30-21,0/0,0,0,0,0,0,0,0,0,0,0,0,0,0,0,,
819,Keenan Allen*,Den,L 3-17,0/0,0,0,0,0,0,0,0,0,0,0,0,0,0,0,,
820,Stedman Bailey*,Ari,L 3-27,0/0,0,0,0,0,0,0,0,0,0,0,0,0,0,0,,
821,Le'Veon Bell*,Ind,W 45-10,0/0,0,0,0,0,0,0,0,0,0,0,0,0,0,0,,
822,Knile Davis,@Oak,W 34-20,0/0,0,0,0,0,0,0,0,0,0,0,0,0,0,0,,
823,Aaron Dobson*,Phi,L 28-35,0/0,0,0,0,0,0,0,0,0,0,0,0,0,0,0,,
824,Gavin Escobar,@Wsh,W 19-16,0/0,0,0,0,0,0,0,0,0,0,0,0,0,0,0,,
825,Mike Glennon,Atl,W 23-19,0/0,0,0,0,0,0,0,0,0,0,0,0,0,0,0,,
826,Marquise Goodwin*,Hou,W 30-21,0/0,0,0,0,0,0,0,0,0,0,0,0,0,0,0,,
827,Justin Hunter*,Jax,W 42-39,0/0,0,0,0,0,0,0,0,0,0,0,0,0,0,0,,
828,Eddie Lacy,@Det,W 27-23,0/0,0,0,0,5,4,0,1,-3,0,1,0,0,0,0,,
829,Geno Smith,@NYG,W 23-20,0/0,0,0,0,0,0,0,0,0,0,0,0,0,0,0,,
830,Charles Johnson,Sea,L 7-38,0/0,0,0,0,0,0,0,0,0,0,0,0,0,0,0,,
831,D.C. Jefferson*,@NO,W 41-38,0/0,0,0,0,0,0,0,0,0,0,0,0,0,0,0,,
832,Ryan Nassib,NYJ,L 20-23,0/0,0,0,0,0,0,0,0,0,0,0,0,0,0,0,,
833,Andre Ellington,@StL,W 27-3,0/0,0,0,0,0,0,0,0,0,0,0,0,0,0,0,,
834,Sean Renfree,@TB,L 19-23,0/0,0,0,0,0,0,0,0,0,0,0,0,0,0,0,,
835,Brice Butler,@Wsh,W 19-16,0/0,0,0,0,0,0,0,0,0,0,0,0,0,0,0,,
836,B.J. Daniels,@Min,W 38-7,0/0,0,0,0,0,0,0,1,6,0,1,0,0,0,0,,
837,Landry Jones,Ind,W 45-10,0/0,0,0,0,1,-1,0,0,0,0,0,0,0,0,0,,
838,Kevin Dorsey,@Det,W 27-23,0/0,0,0,0,0,0,0,0,0,0,0,0,0,0,0,,
839,Michael Williams,Phi,L 28-35,0/0,0,0,0,0,0,0,0,0,0,0,0,0,0,0,,
840,Tavarres King,Atl,W 23-19,0/0,0,0,0,0,0,0,0,0,0,0,0,0,0,0,,
841,Johnathan Franklin,@Det,W 27-23,0/0,0,0,0,0,0,0,0,0,0,0,0,0,0,0,,
842,Michael Cox,NYJ,L 20-23,0/0,0,0,0,0,0,0,0,0,0,0,0,0,0,0,,
843,Zac Dysert,SF,L 20-26,0/0,0,0,0,0,0,0,0,0,0,0,0,0,0,0,,
844,Chris Gragg,Hou,W 30-21,0/0,0,0,0,0,0,0,0,0,0,0,0,0,0,0,,
845,Tyler Wilson,@Cle,W 37-3,0/0,0,0,0,0,0,0,0,0,0,0,0,0,0,0,,
846,Aaron Mellette,@Mia,L 13-15,0/0,0,0,0,0,0,0,0,0,0,0,0,0,0,0,,
847,Matt Barkley,@StL,W 27-3,0/0,0,0,0,0,0,0,0,0,0,0,0,0,0,0,,
848,Nick Kasa,KC,L 20-34,0/0,0,0,0,0,0,0,0,0,0,0,0,0,0,0,,
849,Mike James,Atl,W 23-19,0/0,0,0,0,0,0,0,0,0,0,0,0,0,0,0,,
850,Rex Burkhead,@Cle,W 37-3,0/0,0,0,0,1,2,0,1,4,0,2,0,0,0,0,,
851,Tommy Bohanon,@NYG,W 23-20,0/0,0,0,0,0,0,0,0,0,0,0,0,0,0,0,,
852,Dion Sims,Bal,W 15-13,0/0,0,0,0,0,0,0,1,4,0,2,0,0,0,0,,
853,Levine Toilolo,@TB,L 19-23,0/0,0,0,0,0,0,0,0,0,0,0,0,0,0,0,,
854,Cobi Hamilton,Bal,W 15-13,0/0,0,0,0,0,0,0,0,0,0,0,0,0,0,0,,
855,Justice Cunningham,Ari,L 3-27,0/0,0,0,0,0,0,0,0,0,0,0,0,0,0,0,,
856,Zac Stacy*,@NYG,W 23-20,0/0,0,0,0,0,0,0,0,0,0,0,0,0,0,0,,
857,Josh Boyce*,Phi,L 28-35,0/0,0,0,0,0,0,0,0,0,0,0,0,0,0,0,,
858,Kyle Juszczyk,@Mia,L 13-15,0/0,0,0,0,0,0,0,1,-2,0,2,0,0,0,0,,
859,Alan Bonner,@Buf,L 21-30,0/0,0,0,0,0,0,0,0,0,0,0,0,0,0,0,,
860,Chris Harper,NYJ,L 20-23,0/0,0,0,0,0,0,0,0,0,0,0,0,0,0,0,,
861,Justin Brown,Hou,W 30-21,0/0,0,0,0,0,0,0,0,0,0,0,0,0,0,0,,
862,Marcus Lattimore*,@Chi,W 26-20,0/0,0,0,0,0,0,0,0,0,0,0,0,0,0,0,,
863,Brad Sorensen,Den,L 3-17,0/0,0,0,0,0,0,0,0,0,0,0,0,0,0,0,,
864,Kenny Stills,Bal,W 15-13,0/0,0,0,0,0,0,0,0,0,0,1,0,0,0,0,,
865,Jawan Jamison,Ind,W 45-10,0/0,0,0,0,0,0,0,0,0,0,0,0,0,0,0,,
866,Ace Sanders,@Ten,L 39-42,0/0,0,0,0,0,0,0,0,0,0,0,0,0,0,0,,
867,PLAYER,OPP,STATUS ET,C/A,YDS,TD,INT,RUSH,YDS,TD,REC,YDS,TD,TAR,2PC,FUML,TD,PTS,,
868,Marquess Wilson,SF,L 20-26,0/0,0,0,0,0,0,0,0,0,0,0,0,0,0,0,,
869,Quinton Patton,@Chi,W 26-20,0/0,0,0,0,0,0,0,0,0,0,0,0,0,0,0,,
870,Jasper Collins,@Cle,W 37-3,0/0,0,0,0,0,0,0,0,0,0,0,0,0,0,0,,
871,Benjamin Cunningham,Ari,L 3-27,0/0,0,0,0,0,0,0,0,0,0,1,0,0,0,0,,
872,Reggie Dunn,@Wsh,W 19-16,0/0,0,0,0,0,0,0,0,0,0,0,0,0,0,0,,
873,Kendall Gaskins,@Chi,W 26-20,0/0,0,0,0,0,0,0,0,0,0,0,0,0,0,0,,
874,Michael Hill*,@Wsh,W 19-16,0/0,0,0,0,0,0,0,0,0,0,0,0,0,0,0,,
875,Steven Miller,GB,L 23-27,0/0,0,0,0,0,0,0,0,0,0,0,0,0,0,0,,
876,Keavon Milton,@Min,W 38-7,0/0,0,0,0,0,0,0,0,0,0,0,0,0,0,0,,
877,Lamaar Thomas,@Ten,L 39-42,0/0,0,0,0,0,0,0,0,0,0,0,0,0,0,0,,
878,Michael Ford,@TB,L 19-23,0/0,0,0,0,0,0,0,0,0,0,0,0,0,0,0,,
879,Ryan Griffin,Atl,W 23-19,0/0,0,0,0,0,0,0,0,0,0,0,0,0,0,0,,
880,Mark Harrison,@Oak,W 34-20,0/0,0,0,0,0,0,0,0,0,0,0,0,0,0,0,,
881,Ryan Otten,Sea,L 7-38,0/0,0,0,0,0,0,0,0,0,0,0,0,0,0,0,,
882,Jordan Rodgers,Atl,W 23-19,0/0,0,0,0,0,0,0,0,0,0,0,0,0,0,0,,
883,Da'Rick Rogers,@Oak,W 34-20,0/0,0,0,0,0,0,0,0,0,0,0,0,0,0,0,,
884,Matt Scott,@Cle,W 37-3,0/0,0,0,0,0,0,0,0,0,0,0,0,0,0,0,,
885,Jaron Brown,@StL,W 27-3,0/0,0,0,0,0,0,0,0,0,0,0,0,0,0,0,,
886,Darius Johnson,@TB,L 19-23,0/0,0,0,0,0,0,0,0,0,0,0,0,0,0,0,,
887,Javone Lawson,@StL,W 27-3,0/0,0,0,0,0,0,0,0,0,0,0,0,0,0,0,,
888,Miguel Maysonet,Ind,W 45-10,0/0,0,0,0,0,0,0,0,0,0,0,0,0,0,0,,
889,Chris Pantale,SF,L 20-26,0/0,0,0,0,0,0,0,0,0,0,0,0,0,0,0,,
890,Russell Shepard,Atl,W 23-19,0/0,0,0,0,0,0,0,0,0,0,0,0,0,0,0,,
891,Drew Smith,Hou,W 30-21,0/0,0,0,0,0,0,0,0,0,0,0,0,0,0,0,,
892,Ryan Spadola,@StL,W 27-3,0/0,0,0,0,0,0,0,0,0,0,0,0,0,0,0,,
893,Matthew Tucker*,@NE,W 35-28,0/0,0,0,0,0,0,0,0,0,0,0,0,0,0,0,,
894,Jeff Tuel,@Ten,L 39-42,0/0,0,0,0,0,0,0,0,0,0,0,0,0,0,0,,
895,Ronnie Wingo Jr.,@TB,L 19-23,0/0,0,0,0,0,0,0,0,0,0,0,0,0,0,0,,
896,Conner Vernon,GB,L 23-27,0/0,0,0,0,0,0,0,0,0,0,0,0,0,0,0,,
897,Tyler Bray*,@Oak,W 34-20,0/0,0,0,0,0,0,0,0,0,0,0,0,0,0,0,,
898,Timothy Wright,GB,L 23-27,0/0,0,0,0,0,0,0,0,0,0,0,0,0,0,0,,
899,Brandon Williams,Bal,W 15-13,0/0,0,0,0,0,0,0,0,0,0,0,0,0,0,0,,
900,C.J. Akins,Ari,L 3-27,0/0,0,0,0,0,0,0,0,0,0,0,0,0,0,0,,
901,Quinn Sharp,@Cle,W 37-3,0/0,0,0,0,0,0,0,0,0,0,0,0,0,0,0,,
902,MarQueis Gray*,Hou,W 30-21,0/0,0,0,0,0,0,0,0,0,0,0,0,0,0,0,,
903,Joseph Fauria,@StL,W 27-3,0/0,0,0,0,0,0,0,0,0,0,0,0,0,0,0,,
904,Skye Dawson,GB,L 23-27,0/0,0,0,0,0,0,0,0,0,0,0,0,0,0,0,,
905,Dan Moore*,@Pit,L 10-45,0/0,0,0,0,0,0,0,0,0,0,0,0,0,0,0,,
906,Matt Furstenburg,@Mia,L 13-15,0/0,0,0,0,0,0,0,0,0,0,0,0,0,0,0,,
907,Zach Line,Sea,L 7-38,0/0,0,0,0,0,0,0,0,0,0,0,0,0,0,0,,
908,Chad Bumphis,@Ten,L 39-42,0/0,0,0,0,0,0,0,0,0,0,0,0,0,0,0,,
909,Lonnie Pryor,Atl,W 23-19,0/0,0,0,0,0,0,0,0,0,0,0,0,0,0,0,,
910,Rodney Smith,Cin,L 3-37,0/0,0,0,0,0,0,0,0,0,0,0,0,0,0,0,,
911,T.J. Moe,Ari,L 3-27,0/0,0,0,0,0,0,0,0,0,0,0,0,0,0,0,,
912,Kenbrell Thompkins,@NYG,W 23-20,0/0,0,0,0,0,0,0,0,0,0,0,0,0,0,0,,
913,Quentin Hines,Phi,L 28-35,0/0,0,0,0,0,0,0,0,0,0,0,0,0,0,0,,
914,Zach Sudfeld*,@NYG,W 23-20,0/0,0,0,0,0,0,0,0,0,0,0,0,0,0,0,,
915,Michael Zordich,Car,L 38-41,0/0,0,0,0,0,0,0,0,0,0,0,0,0,0,0,,
916,Alex Debniak,@Chi,W 26-20,0/0,0,0,0,0,0,0,0,0,0,0,0,0,0,0,,
917,George Winn,GB,L 23-27,0/0,0,0,0,0,0,0,0,0,0,0,0,0,0,0,,
918,PLAYER,OPP,STATUS ET,C/A,YDS,TD,INT,RUSH,YDS,TD,REC,YDS,TD,TAR,2PC,FUML,TD,PTS,,
919,Jake Stoneburner,Bal,W 15-13,0/0,0,0,0,0,0,0,0,0,0,0,0,0,0,0,,
920,Dennis Johnson,@Buf,L 21-30,0/0,0,0,0,0,0,0,0,0,0,0,0,0,0,0,,
921,Cierre Wood*,Hou,W 30-21,0/0,0,0,0,0,0,0,0,0,0,0,0,0,0,0,,
922,Ray Graham,@Buf,L 21-30,0/0,0,0,0,0,0,0,0,0,0,0,0,0,0,0,,
923,Alec Lemon,@Mia,L 13-15,0/0,0,0,0,0,0,0,0,0,0,0,0,0,0,0,,
924,Jack Doyle,@Pit,L 10-45,0/0,0,0,0,0,0,0,0,0,0,0,0,0,0,0,,
925,Greg Jenkins*,@Ten,L 39-42,0/0,0,0,0,0,0,0,0,0,0,0,0,0,0,0,,
926,Khiry Robinson*,Car,L 38-41,0/0,0,0,0,0,0,0,0,0,0,0,0,0,0,0,,
927,R.J. Webb,@NO,W 41-38,0/0,0,0,0,0,0,0,0,0,0,0,0,0,0,0,,
928,Maikon Bonani,Jax,W 42-39,0/0,0,0,0,0,0,0,0,0,0,0,0,0,0,0,,
929,Myles White,NYJ,L 20-23,0/0,0,0,0,0,0,0,1,5,0,2,0,0,0,0,,
930,Marlon Brown,@Mia,L 13-15,0/0,0,0,0,0,0,0,0,0,0,0,0,0,0,0,,
931,Matt McGloin,KC,L 20-34,0/0,0,0,0,0,0,0,0,0,0,0,0,0,0,0,,
932,Kelvin Benjamin*,@NO,W 41-38,0/0,0,0,0,0,0,0,0,0,0,0,0,0,0,0,,
933,Johnny Manziel,Cin,L 3-37,0/0,0,0,0,0,0,0,0,0,0,0,0,0,0,0,,
934,Dri Archer,Ind,W 45-10,0/0,0,0,0,0,0,0,0,0,0,0,0,0,0,0,,
935,Jimmy Garoppolo,Phi,L 28-35,0/0,0,0,0,0,0,0,0,0,0,0,0,0,0,0,,
936,C.J. Fiedorowicz,@Buf,L 21-30,0/0,0,0,0,0,0,0,1,8,0,1,0,0,0,0,,
937,Crockett Gillmore,@Mia,L 13-15,0/0,0,0,0,0,0,0,1,7,0,1,0,0,0,0,,
938,Carlos Hyde,@Chi,W 26-20,0/0,0,0,0,0,0,0,0,0,0,0,0,0,0,0,,
939,Josh Huff,@NE,W 35-28,0/0,0,0,0,0,0,0,0,0,0,0,0,0,0,0,,
940,Paul Richardson*,@Min,W 38-7,0/0,0,0,0,0,0,0,0,0,0,0,0,0,0,0,,
941,Jarvis Landry,Bal,W 15-13,0/0,0,0,0,0,0,0,2,5,0,5,0,0,0,0,,
942,Jace Amaro*,@NYG,W 23-20,0/0,0,0,0,0,0,0,0,0,0,0,0,0,0,0,,
943,Cody Latimer,@SD,W 17-3,0/0,0,0,0,0,0,0,0,0,0,0,0,0,0,0,,
944,Bishop Sankey,Jax,W 42-39,0/0,0,0,0,0,0,0,0,0,0,1,0,0,0,0,,
945,Troy Niklas,@StL,W 27-3,0/0,0,0,0,0,0,0,0,0,0,0,0,0,0,0,,
946,Garrett Gilbert,GB,L 23-27,0/0,0,0,0,0,0,0,0,0,0,0,0,0,0,0,,
947,AJ McCarron,@Cle,W 37-3,2/3,19,0,0,0,0,0,0,0,0,0,0,0,0,0,,
948,Shaquelle Evans,@NYG,W 23-20,0/0,0,0,0,0,0,0,0,0,0,0,0,0,0,0,,
949,Tajh Boyd,Ind,W 45-10,0/0,0,0,0,0,0,0,0,0,0,0,0,0,0,0,,
950,Logan Thomas,Bal,W 15-13,0/0,0,0,0,0,0,0,0,0,0,0,0,0,0,0,,
951,Zach Mettenberger,Jax,W 42-39,0/0,0,0,0,0,0,0,0,0,0,0,0,0,0,0,,
952,David Fales,SF,L 20-26,0/0,0,0,0,0,0,0,0,0,0,0,0,0,0,0,,
953,Jeremy Gallon,Phi,L 28-35,0/0,0,0,0,0,0,0,0,0,0,0,0,0,0,0,,
954,Tyler Gaffney*,Phi,L 28-35,0/0,0,0,0,0,0,0,0,0,0,0,0,0,0,0,,
955,Kevin Norwood,@NO,W 41-38,0/0,0,0,0,0,0,0,0,0,0,0,0,0,0,0,,
956,Storm Johnson,@Ten,L 39-42,0/0,0,0,0,0,0,0,0,0,0,0,0,0,0,0,,
957,Lache Seastrunk,@Wsh,W 19-16,0/0,0,0,0,0,0,0,0,0,0,0,0,0,0,0,,
958,Keith Wenning,@Cle,W 37-3,0/0,0,0,0,0,0,0,0,0,0,0,0,0,0,0,,
959,Jalen Saunders,Phi,L 28-35,0/0,0,0,0,0,0,0,0,0,0,0,0,0,0,0,,
960,Tom Savage*,@Buf,L 21-30,0/0,0,0,0,0,0,0,0,0,0,0,0,0,0,0,,
961,De'Anthony Thomas,@Oak,W 34-20,0/0,0,0,0,0,0,0,0,0,0,0,0,0,0,0,,
962,Bruce Ellington,@Chi,W 26-20,0/0,0,0,0,0,0,0,1,0,0,1,0,0,0,0,,
963,Lorenzo Taliaferro*,@Mia,L 13-15,0/0,0,0,0,0,0,0,0,0,0,0,0,0,0,0,,
964,Marion Grice,@StL,W 27-3,0/0,0,0,0,0,0,0,0,0,0,0,0,0,0,0,,
965,Aaron Murray,@Oak,W 34-20,0/0,0,0,0,0,0,0,0,0,0,0,0,0,0,0,,
966,Carey Spear,Cin,L 3-37,0/0,0,0,0,0,0,0,0,0,0,0,0,0,0,0,,
967,Jeff Janis,@Det,W 27-23,0/0,0,0,0,0,0,0,0,0,0,1,0,0,0,0,,
968,Damien Williams,Bal,W 15-13,0/0,0,0,0,1,1,0,1,5,0,1,0,0,0,0,,
